CPO	REF	LAT NAP	LON NAP	LAT OSM	LON OSM	DIST (m)	LOCATION
EDP	MOBI-ACH-00002	39.7632680	-7.9331690	38.7294043	-8.8477574	139349.04	surface
GLP	TNV-00004	39.0975040	-9.2539820	39.4630784	-8.5323415	74231.62	underground
EDP	GDL-00020	39.0689400	-8.7850800	38.4664936	-8.8772948	67464.35	surface
EDP	LLE-00027	37.1230930	-7.6461610	37.0759693	-8.1172880	42110.47	underground
EDP	GDL-00012	38.2272150	-8.5551700	38.4637599	-8.8687753	37944.58	surface
EDP	GDL-00011	38.2272150	-8.5551700	38.4637141	-8.8688130	37943.43	surface
KLS	CTB-00077	39.9737300	-7.3475630	39.7300740	-7.4711438	29074.69	surface
KLS	CTB-00078	39.9737300	-7.3475633	39.7300682	-7.4711150	29074.39	surface
EDP	VND-00017	38.6944960	-8.8570000	38.6206718	-8.5803670	25384.35	surface
EDP	VND-00016	38.6944960	-8.8570000	38.6206481	-8.5804646	25377.19	surface
EDP	FLG-00006	41.1734120	-8.2046730	41.3589838	-8.2046809	20634.64	surface
EDP	PNV-90001	39.6945300	-8.1305560	39.7522166	-7.9259907	18634.14	surface
EDP	BJA-00010	38.1658670	-7.8953900	38.0129775	-7.8600289	17279.91	surface
EDP	PTM-00016	37.2423930	-8.6266500	37.1233953	-8.5797038	13870.16	surface
EDP	PTM-00017	37.2423930	-8.6266500	37.1234030	-8.5797310	13868.62	surface
EDP	MOBI-ACH-00001	38.7231500	-8.9953580	38.7293827	-8.8478093	12818.31	surface
EDP	LLE-00148	37.1274100	-8.0341610	37.0736597	-8.1175916	9511.55	underground
EDP	BRR-00026	38.6615200	-9.0506380	38.5814310	-9.0428282	8931.30	surface
EDP	VFX-00040	38.9540600	-9.0785320	38.9741783	-8.9802150	8789.78	surface
EDP	ODM-00012	37.5833320	-8.6660150	37.5427203	-8.7359331	7640.16	surface
EDP	PLM-00038	38.5630600	-8.9400620	38.5753951	-9.0234904	7381.68	surface
EDP	PLM-00040	38.5630600	-8.9400620	38.5769187	-9.0154645	6734.00	surface
EDP	RMR-00010	39.3404730	-8.8596940	39.3406390	-8.9305235	6091.17	surface
EDP	LLE-00025	37.0767940	-8.0491930	37.0736379	-8.1176022	6079.15	underground
EDP	SLV-00015	37.1572380	-8.3367040	37.1092613	-8.3534032	5536.35	surface
EDP	CSC-00098	38.7044300	-9.3936370	38.7077906	-9.4563666	5456.02	surface
EDP	MCN-00004	41.1591800	-8.0933600	41.1782910	-8.1519529	5345.09	surface
EDP	LRS-00123	38.8374300	-9.1068240	38.8443279	-9.1660257	5184.43	surface
EDP	VND-00018	38.6224370	-8.6250540	38.6224312	-8.5781514	4074.61	surface
EDP	SNT-00229	38.8053900	-9.3800540	38.8394762	-9.3724741	3846.67	surface
EDP	PTM-00015	37.1321330	-8.5419080	37.1268981	-8.5839431	3771.71	surface
EDP	OHP-00010	40.4258540	-7.8844900	40.4482990	-7.8533471	3629.85	surface
EDP	SBA-00008	37.1780300	-7.9073920	37.1499193	-7.8932255	3368.42	surface
EDP	LGA-00025	37.1449240	-8.4846680	37.1364150	-8.5209220	3349.94	surface
EDP	PTM-00004	37.1391900	-8.5486040	37.1250750	-8.5781043	3050.02	surface
EDP	PTM-00011	37.1365300	-8.5604090	37.1236163	-8.5899162	2984.08	surface
EDP	CSC-00144	38.7161560	-9.4280360	38.6917110	-9.4193877	2819.85	surface
EDP	CSC-00145	38.7160100	-9.4279770	38.6916111	-9.4192580	2816.56	surface
EDP	VNG-00073	41.1062850	-8.5663500	41.1009580	-8.5987787	2780.94	surface
EDP	PTM-00013	37.1475370	-8.5842640	37.1228719	-8.5873378	2756.14	surface
EDP	CSC-00143	38.7155950	-9.4280210	38.6917414	-9.4194319	2755.13	surface
EDP	ALQ-00019	39.1080360	-9.1486930	39.0975244	-9.1198121	2752.59	surface
EDP	ODV-00005	38.8148270	-9.2227380	38.7916642	-9.2163049	2635.22	surface
EDP	SNT-00167	38.7687300	-9.3094880	38.7770430	-9.3368107	2542.62	surface
EDP	CHV-00025	41.7593840	-7.4598100	41.7386479	-7.4707343	2477.46	underground
EDP	PTM-00007	37.1366960	-8.5546310	37.1250292	-8.5780405	2447.39	surface
EDP	ABF-00068	37.0795560	-8.2913770	37.0845818	-8.3151630	2182.77	surface
EVC	PRT-00030	41.1431600	-8.6227800	41.1501667	-8.5992439	2119.16	underground
EDP	AVR-00065	40.6295000	-8.6094100	40.6463549	-8.5991483	2064.53	surface
EDP	PTM-00012	37.1343900	-8.5710460	37.1228532	-8.5873175	1930.43	surface
EDP	BNV-00012	38.9162060	-8.8650830	38.9220758	-8.8828293	1668.27	surface
GRN	OER-00153	38.6925540	-9.3117250	38.6942202	-9.2927096	1660.67	surface
EDP	NLS-00009	40.5211600	-7.8615310	40.5324908	-7.8487519	1659.52	surface
EDP	NLS-00010	40.5211600	-7.8615310	40.5324471	-7.8487581	1655.49	surface
EDP	VPA-00004	41.5068700	-7.6415690	41.5064008	-7.6610859	1626.04	surface
EDP	LLE-00051	37.0310440	-8.0212420	37.0437440	-8.0122960	1620.11	surface
EDP	OER-00030	38.7078600	-9.2745130	38.7092210	-9.2922573	1547.08	surface
EDP	OER-00029	38.7078820	-9.2746070	38.7092373	-9.2922357	1537.04	surface
EDP	MFR-00020	38.9287720	-9.2433830	38.9410839	-9.2503973	1497.43	surface
EDP	LLE-00141	37.0442800	-8.0413920	37.0460067	-8.0569969	1398.20	surface
EDP	LGA-00018	37.1067240	-8.4623760	37.1045707	-8.4771072	1328.13	surface
EDP	TND-00015	40.5075100	-8.0848610	40.5192651	-8.0822154	1326.10	surface
EDP	TND-00016	40.5075100	-8.0848610	40.5192214	-8.0822130	1321.35	surface
EDP	CSC-00051	38.6899100	-9.3281030	38.6793239	-9.3268427	1182.19	underground
EDP	CSC-00053	38.6899100	-9.3281030	38.6793551	-9.3267351	1179.64	underground
EDP	CSC-00054	38.6899100	-9.3281030	38.6793700	-9.3266815	1178.47	underground
EDP	SNS-00008	37.9615330	-8.8689640	37.9657800	-8.8572599	1129.51	surface
EDP	CSC-00192	38.7431700	-9.3935380	38.7381108	-9.4034836	1029.82	surface
EDP	MTJ-00106	38.6948000	-8.9506220	38.7028377	-8.9465564	960.87	surface
EDP	LSB-00793	38.7537650	-9.1525470	38.7576540	-9.1615996	896.20	surface
EDP	AVZ-00005	39.8107950	-8.3659580	39.8054240	-8.3585710	868.81	surface
EDP	FND-00023	40.1488720	-7.4991020	40.1564839	-7.4972233	861.33	surface
EDP	LLE-00155	37.0792240	-8.1191580	37.0733759	-8.1141105	789.54	surface
EDP	MTJ-00103	38.6948000	-8.9506220	38.6890209	-8.9456250	775.26	surface
EDP	CMR-00002	39.0099950	-7.0715920	39.0161601	-7.0737820	711.16	surface
EDP	ALT-00006	39.2020800	-7.6622700	39.1968721	-7.6666652	691.95	surface
EDP	ACB-00008	39.5427800	-9.0321690	39.5460822	-9.0384447	651.46	surface
EDP	PTM-00006	37.1302800	-8.5804390	37.1250444	-8.5780616	619.15	surface
EDP	PTM-00005	37.1302800	-8.5804390	37.1250597	-8.5780830	616.91	surface
EDP	PVZ-00005	41.3801460	-8.7680520	41.3821397	-8.7614924	590.48	underground
EDP	PVZ-00006	41.3801460	-8.7680520	41.3821777	-8.7615204	589.92	underground
EDP	SNT-00231	38.7515340	-9.3117790	38.7511978	-9.3052415	568.15	surface
EDP	LSB-00578	38.7704350	-9.0987760	38.7696310	-9.0925393	548.03	underground
EDP	LSB-00579	38.7704350	-9.0987760	38.7696755	-9.0925365	547.49	underground
EDP	VFX-00039	38.8592600	-9.0735450	38.8641580	-9.0729120	547.38	surface
EDP	SJP-00003	41.1517100	-7.4236020	41.1510132	-7.4171620	544.74	surface
EDP	MOBI-SXL-00008	38.6433260	-9.0972340	38.6407073	-9.0919956	540.16	surface
EDP	BJA-00063	37.8891750	-8.0379160	37.8845252	-8.0380483	517.16	surface
EDP	AGD-00015	40.8341500	-7.7384770	40.8378542	-7.7347894	515.65	surface
EDP	OVR-00021	40.8699460	-8.6101410	40.8656716	-8.6118245	495.93	surface
EDP	MOBI-SXL-00009	38.6411440	-9.0972340	38.6396032	-9.0918839	495.25	surface
EDP	VCD-00028	41.3588370	-8.7461020	41.3545516	-8.7462286	476.63	surface
EDP	EPS-90001	41.5309200	-8.7805650	41.5346380	-8.7829340	458.04	surface
EDP	MTA-00012	38.6572400	-9.0108360	38.6535497	-9.0128903	447.44	surface
AUC	CSC-00422	38.7061840	-9.4181870	38.7024593	-9.4162924	445.60	indoor
AUC	CSC-00423	38.7061840	-9.4181870	38.7024818	-9.4162922	443.29	indoor
AUC	CSC-00424	38.7061840	-9.4181870	38.7025044	-9.4162922	440.95	indoor
EDP	GDM-00033	41.1135900	-8.5073200	41.1171538	-8.5092286	427.32	surface
EDP	CNT-00012	40.3166000	-8.7518650	40.3198634	-8.7510205	369.87	surface
EDP	PTM-00069	37.1228640	-8.5777760	37.1213915	-8.5742106	356.00	surface
EDP	MOBI-SXL-00006	38.6418700	-9.0877530	38.6408099	-9.0915845	353.03	surface
EDP	SNT-00018	38.8290820	-9.4007640	38.8305007	-9.4042014	336.96	underground
EDP	SNT-00017	38.8290820	-9.4007640	38.8304832	-9.4041836	334.69	underground
EDP	MOBI-SXL-00007	38.6436100	-9.0894110	38.6407839	-9.0906663	332.62	surface
EDP	PNH-90001	40.7777200	-7.0605830	40.7749235	-7.0606001	310.96	surface
EDP	SNT-00172	38.7840580	-9.3576980	38.7818902	-9.3555539	304.37	surface
EDP	SNT-00171	38.7840580	-9.3576980	38.7819340	-9.3555400	301.28	surface
EDP	FAF-00012	41.4513500	-8.1665580	41.4495647	-8.1692549	299.88	surface
EDP	VVR-90001	39.6554570	-7.6745630	39.6576393	-7.6762508	282.42	surface
EDP	AMM-00003	41.1536100	-7.6445600	41.1543114	-7.6477517	278.37	surface
IBD	MLG-00014	42.1068950	-8.2821500	42.1055364	-8.2849590	276.62	surface
IBD	MLG-00013	42.1068950	-8.2821500	42.1055748	-8.2849837	276.04	surface
EDP	AMM-00002	41.1537630	-7.6445600	41.1542971	-7.6477757	275.70	surface
EPK	AVR-00111	40.6421800	-8.6603050	40.6418428	-8.6571139	271.84	surface
EDP	TNV-00021	39.4643440	-8.5321640	39.4666940	-8.5320730	261.42	surface
EDP	MTS-00200	41.2057300	-8.6305810	41.2049914	-8.6335019	257.79	surface
EDP	STR-00060	39.2402460	-8.6992750	39.2384726	-8.6973953	255.13	surface
EDP	PTG-00014	39.2839780	-7.4307920	39.2817999	-7.4304250	244.24	surface
EDP	LGA-00033	37.1362950	-8.5218180	37.1374459	-8.5195097	241.34	surface
EDP	SBA-00009	37.1478040	-7.8931250	37.1499639	-7.8932278	240.34	surface
EDP	FAF-00009	41.4492300	-8.1706630	41.4471984	-8.1715417	237.48	surface
EDP	MDL-00006	41.4855080	-7.1822370	41.4876222	-7.1826010	237.04	surface
EDP	AMT-00012	41.2660260	-8.0717290	41.2675506	-8.0735417	227.36	surface
EDP	VRS-00016	37.1920100	-7.4200960	37.1900375	-7.4201100	219.34	surface
EDP	CBR-90009	40.2181550	-8.4072970	40.2174634	-8.4048840	218.84	surface
EDP	ALT-00009	39.2241550	-7.6871510	39.2222278	-7.6868903	215.47	surface
EVC	BRG-00051	41.5435830	-8.4023500	41.5436700	-8.3997647	215.38	surface
EVC	BRG-00050	41.5435830	-8.4023500	41.5437833	-8.3997895	214.26	surface
EDP	VLP-00005	41.6102940	-7.3083040	41.6092025	-7.3104019	212.49	surface
EDP	ALT-00008	39.2241550	-7.6871510	39.2222602	-7.6868503	212.28	surface
EDP	LMG-00021	41.1008260	-7.8125500	41.1008041	-7.8100576	208.86	surface
EDP	ASL-00006	38.3723560	-8.5110980	38.3725835	-8.5134263	204.54	surface
EDP	MOBI-SXL-00002	38.6420970	-9.0917680	38.6402720	-9.0915008	204.25	surface
EDP	MOBI-SXL-00001	38.6420970	-9.0917680	38.6402721	-9.0915293	203.98	surface
ATL	SXL-00051	38.6345600	-9.1425680	38.6327599	-9.1425804	200.16	surface
EVC	BRG-00133	41.5541460	-8.3793690	41.5542816	-8.3770537	193.25	surface
EVC	BRG-00134	41.5541460	-8.3793690	41.5542386	-8.3770521	193.06	surface
SEG	VFC-00007	37.7207760	-25.4227580	37.7190638	-25.4224147	192.77	surface
MAK	LSB-01049	38.7371100	-9.1478200	38.7358257	-9.1492346	188.28	underground
MAK	LSB-01048	38.7371100	-9.1478200	38.7358695	-9.1492446	185.19	underground
MAK	LSB-00242	38.7371100	-9.1478200	38.7359035	-9.1492521	182.83	underground
MAK	LSB-00243	38.7371100	-9.1478200	38.7359255	-9.1492574	181.36	underground
MAK	LSB-00244	38.7371100	-9.1478200	38.7359476	-9.1492627	179.90	underground
EDP	CSC-00050	38.6804850	-9.3254610	38.6793137	-9.3268841	179.51	underground
EDP	FAR-00023	37.0956100	-7.8966860	37.0972121	-7.8964633	179.24	underground
MAK	LSB-00319	38.7371100	-9.1478200	38.7359809	-9.1492703	177.73	underground
EDP	LGA-00039	37.1362950	-8.5204800	37.1378876	-8.5204111	177.19	underground
EVC	PRT-00159	41.1559400	-8.6297410	41.1562603	-8.6276771	176.42	underground
EDP	SNT-00173	38.7821270	-9.3575430	38.7820213	-9.3555127	176.38	surface
MAK	LSB-00778	38.7371100	-9.1478200	38.7360137	-9.1492793	175.73	underground
EDP	SNT-00174	38.7821270	-9.3575430	38.7819775	-9.3555267	175.56	surface
MAK	LSB-00779	38.7371100	-9.1478200	38.7360357	-9.1492846	174.38	underground
MAK	LSB-00780	38.7371100	-9.1478200	38.7360578	-9.1492899	173.04	underground
EDP	CSC-00052	38.6804850	-9.3254610	38.6793396	-9.3267891	171.79	underground
MAK	LSB-00781	38.7371100	-9.1478200	38.7360798	-9.1492951	171.73	underground
EDP	LGS-00035	37.1018900	-8.7055420	37.1031195	-8.7067123	171.65	surface
MAK	LSB-00782	38.7371100	-9.1478200	38.7361019	-9.1493004	170.45	underground
EVP	PRD-00011	41.1835100	-8.4459280	41.1820037	-8.4457878	167.90	surface
MAK	LSB-00192	38.7426570	-9.1696420	38.7426742	-9.1677152	167.12	underground
EDP	GMR-00155	41.4374120	-8.3118150	41.4367663	-8.3136126	166.16	surface
EML	LSB-00944	38.7610930	-9.1852560	38.7612348	-9.1871550	165.41	surface
EVP	PRD-00012	41.1835100	-8.4459280	41.1820286	-8.4458356	164.91	surface
EML	LSB-00945	38.7610930	-9.1852560	38.7612195	-9.1871013	160.62	surface
EVA	AVR-00096	40.6277800	-8.6454270	40.6267446	-8.6441602	157.11	underground
EDP	ALM-00188	38.6385420	-9.2304520	38.6394460	-9.2291236	153.02	surface
MAK	LRA-00027	39.7487340	-8.8070310	39.7490231	-8.8053075	150.81	underground
EDP	PSR-90001	39.2531700	-8.0076810	39.2523844	-8.0091029	150.40	surface
EDP	PTM-00060	37.1193500	-8.5456310	37.1202734	-8.5444037	149.61	surface
MAK	LRA-00026	39.7487340	-8.8070310	39.7490192	-8.8053368	148.27	underground
EDP	LRS-00070	38.8045960	-9.0994470	38.8058266	-9.1000861	147.62	surface
EDP	PRT-00197	41.1522500	-8.5993100	41.1509392	-8.5991990	146.05	underground
MAK	LRA-00025	39.7487340	-8.8070310	39.7490158	-8.8053641	145.91	underground
EDP	LSB-00876	38.7124060	-9.1545260	38.7135463	-9.1537718	142.69	underground
EDP	TNV-00014	39.4682120	-8.5366000	39.4671907	-8.5356163	141.52	surface
EDP	LRS-00069	38.8046950	-9.0995070	38.8058543	-9.1001525	140.52	surface
NEU	LSB-00440	38.7591800	-9.1150320	38.7587184	-9.1135293	140.04	surface
EDP	CNT-00028	40.3399800	-8.5822710	40.3388157	-8.5816487	139.80	surface
CGG	VCT-00018	41.6935000	-8.8465470	41.6944764	-8.8475926	139.01	surface
EDP	TNV-00015	39.4682120	-8.5366000	39.4671947	-8.5356735	138.28	surface
FAC	SCR-00004	32.6923000	-16.7749180	32.6934896	-16.7744958	138.05	underground
EDP	TMR-00032	39.6095430	-8.3954260	39.6106869	-8.3948037	137.92	surface
EDP	LRS-00072	38.8045960	-9.0994470	38.8057660	-9.0999600	137.48	surface
EDP	EVR-00075	38.5549900	-7.9100110	38.5538178	-7.9104704	136.33	surface
FAC	SCR-00005	32.6923450	-16.7747920	32.6935225	-16.7744535	134.71	underground
EDP	LRS-00068	38.8047940	-9.0995370	38.8058744	-9.1002243	134.09	surface
EDP	CBT-00003	41.4595600	-8.0290000	41.4586675	-8.0300567	132.68	surface
EDP	LRS-00071	38.8046600	-9.0995580	38.8057981	-9.1000167	132.65	surface
EDP	LSB-00798	38.7546960	-9.1900280	38.7547585	-9.1885097	131.84	surface
EDP	LSB-00799	38.7546960	-9.1900280	38.7547599	-9.1885127	131.59	surface
EDP	LRS-00073	38.8045960	-9.0994470	38.8057184	-9.0998903	130.58	surface
EDP	CBT-00004	41.3881900	-7.9999000	41.3871617	-8.0006241	129.32	surface
EDP	LSB-00800	38.7546960	-9.1900280	38.7547097	-9.1885528	127.93	surface
EDP	LSB-00801	38.7546960	-9.1900280	38.7547117	-9.1885562	127.64	surface
EDP	LRS-00067	38.8048970	-9.0995570	38.8058896	-9.1002943	127.53	surface
EDP	LRS-00074	38.8045960	-9.0994470	38.8056876	-9.0998474	126.24	surface
EDP	BRG-00084	41.5489770	-8.4237260	41.5478540	-8.4238946	125.66	surface
EDP	LSB-00802	38.7546960	-9.1900280	38.7546612	-9.1885959	124.24	surface
ACC	SJP-00004	41.1636280	-7.4723440	41.1642487	-7.4735752	124.04	surface
EDP	LSB-00803	38.7546960	-9.1900280	38.7546631	-9.1885996	123.92	surface
EDP	LLE-00213	37.0820500	-8.1071960	37.0809574	-8.1070501	122.18	surface
MAK	LSB-00789	38.7110700	-9.1275210	38.7105201	-9.1263061	121.86	underground
HGP	CTM-00006	37.1759380	-7.4808598	37.1752618	-7.4819326	121.19	surface
EDP	LRS-00075	38.8045960	-9.0994470	38.8056508	-9.0997964	121.13	surface
ATL	LSB-00662	38.7496380	-9.1165590	38.7496001	-9.1179546	121.10	underground
MAK	LSB-00788	38.7110700	-9.1275210	38.7105052	-9.1263282	121.06	underground
HGP	CTM-00005	37.1759380	-7.4808598	37.1752631	-7.4819298	120.91	surface
EDP	LSB-00804	38.7546960	-9.1900280	38.7546128	-9.1886391	120.79	surface
EDP	LSB-00805	38.7546960	-9.1900280	38.7546146	-9.1886424	120.49	surface
EDP	SNT-00116	38.7655300	-9.2974550	38.7645091	-9.2969949	120.32	underground
MAK	LSB-00787	38.7110700	-9.1275210	38.7104907	-9.1263502	120.29	underground
EDP	CSC-00049	38.6783400	-9.3275200	38.6793061	-9.3269110	119.73	underground
MAK	LSB-00786	38.7110700	-9.1275210	38.7104757	-9.1263716	119.64	underground
MAK	PVZ-00013	41.3789830	-8.7595920	41.3780627	-8.7603190	118.96	underground
EDP	BRG-00037	41.5489430	-8.4237060	41.5478847	-8.4239087	118.88	surface
EDP	SNT-00146	38.8446580	-9.3220090	38.8450534	-9.3207442	118.03	surface
MAK	PVZ-00014	41.3789830	-8.7595920	41.3780632	-8.7602908	117.73	underground
EDP	LSB-00806	38.7546960	-9.1900280	38.7545642	-9.1886824	117.60	surface
EDP	LSB-00807	38.7546960	-9.1900280	38.7545661	-9.1886856	117.30	surface
MAK	PVZ-00015	41.3789830	-8.7595920	41.3780637	-8.7602619	116.50	underground
EDP	BRG-00036	41.5489230	-8.4236930	41.5479050	-8.4239158	114.70	surface
EDP	PVZ-00028	41.3780820	-8.7664740	41.3779746	-8.7651090	114.52	underground
MAK	LSB-00435	38.7239950	-9.1523620	38.7229853	-9.1521152	114.30	underground
EDP	AGH-00005	38.6566350	-27.2113950	38.6556300	-27.2116550	114.01	surface
EDP	FLG-00011	41.3700450	-8.2033400	41.3704036	-8.2020723	113.05	surface
EDP	FAL-90001	38.0584500	-8.1138530	38.0588102	-8.1126485	112.81	surface
EDP	VLP-00006	41.6096500	-7.3091280	41.6092229	-7.3103511	112.23	surface
MAK	LSB-00436	38.7239950	-9.1523620	38.7230030	-9.1521317	112.10	underground
EDP	FAR-00022	37.0968360	-7.8953230	37.0972221	-7.8964899	112.04	underground
EPK	PRT-00372	41.1624200	-8.6664780	41.1634020	-8.6666774	110.46	underground
EDP	PVZ-00027	41.3780820	-8.7664740	41.3779941	-8.7651611	109.98	underground
MAK	LSB-01125	38.7239950	-9.1523620	38.7230214	-9.1521501	109.81	underground
EDP	FLG-00012	41.3700450	-8.2033400	41.3704230	-8.2021244	109.80	surface
MAK	LSB-01126	38.7239950	-9.1523620	38.7230384	-9.1521676	107.70	underground
ATL	ORM-00023	39.6305800	-8.6762200	39.6303375	-8.6774337	107.38	surface
EVP	ARV-00012	38.9980470	-9.0849370	38.9982332	-9.0837246	106.80	surface
EDP	SEI-00007	40.4185200	-7.7045370	40.4180959	-7.7056639	106.42	surface
EDP	MGL-00009	40.6080800	-7.7629420	40.6071861	-7.7633614	105.51	surface
MOT	FAR-00026	37.0295800	-7.9454400	37.0296584	-7.9442577	105.31	surface
EDP	LSB-00315	38.7624900	-9.1608500	38.7620258	-9.1618950	104.28	underground
EDP	LSB-00314	38.7624900	-9.1608500	38.7620153	-9.1618858	104.17	underground
ATL	ORM-00024	39.6305800	-8.6762200	39.6303649	-8.6773908	103.08	surface
EDP	VNC-00006	41.9424000	-8.7392980	41.9415480	-8.7388110	102.95	surface
EML	LSB-00616	38.7442600	-9.1309950	38.7449218	-9.1301691	102.69	underground
EDP	SEI-00006	40.4185200	-7.7045370	40.4181281	-7.7056272	102.06	surface
EDP	AFE-00002	41.3416300	-6.9624440	41.3411810	-6.9613807	101.85	surface
EDP	VIS-00082	40.6567100	-7.9135050	40.6558498	-7.9131702	99.73	surface
EDP	EPS-00007	41.5172960	-8.7852270	41.5166017	-8.7859805	99.48	surface
MAK	LSB-00725	38.7161450	-9.1542860	38.7155502	-9.1551302	98.69	underground
ATL	ABT-00034	39.4659000	-8.2050200	39.4662146	-8.2039480	98.45	surface
ATL	ORM-00025	39.6305900	-8.6762300	39.6303943	-8.6773461	98.03	surface
EDP	MTA-00016	38.6492000	-8.9996000	38.6500149	-8.9991708	97.98	surface
EDP	LMG-00010	41.1003900	-7.8190060	41.0995694	-7.8185822	97.91	surface
EML	LSB-00617	38.7442600	-9.1309950	38.7448813	-9.1301975	97.76	underground
EDP	GDM-00007	41.1412500	-8.5728140	41.1419025	-8.5735948	97.67	underground
IBD	MOBI-CHV-00003	41.6329770	-7.5737260	41.6321456	-7.5740953	97.41	surface
ATL	GDM-00040	41.1516800	-8.5163800	41.1508247	-8.5161369	97.26	surface
EDP	VCT-00011	41.7007300	-8.8232900	41.7011913	-8.8222948	97.25	surface
EDP	VND-00009	38.6197780	-8.5803190	38.6206410	-8.5804929	97.14	surface
EDP	LSB-00835	38.7305800	-9.1573270	38.7304030	-9.1562350	96.75	underground
EDP	SNT-00147	38.8442100	-9.3208010	38.8450729	-9.3206931	96.40	surface
MAK	LSB-00724	38.7161450	-9.1542860	38.7155583	-9.1551031	96.34	underground
EDP	EPS-00006	41.5172960	-8.7852270	41.5166052	-8.7859217	96.15	surface
CGG	PTL-00006	41.7927500	-8.5416380	41.7929540	-8.5405140	95.90	surface
EDP	ACB-00026	39.5444450	-8.9691390	39.5450815	-8.9698857	95.44	surface
IBD	MOBI-CHV-00002	41.6329770	-7.5737260	41.6321551	-7.5740390	95.02	surface
GEN	GMR-00073	41.4321750	-8.2682850	41.4313254	-8.2681858	94.83	surface
EDP	CBR-00082	40.2143500	-8.4359520	40.2135389	-8.4362890	94.62	underground
MAK	LSB-00723	38.7161450	-9.1542860	38.7155676	-9.1550769	93.97	underground
EDP	LSB-00106	38.7302670	-9.1572790	38.7303639	-9.1562045	93.83	underground
ATL	ABT-00030	39.4659000	-8.2050200	39.4662135	-8.2040055	93.81	surface
EDP	ABF-00127	37.0789450	-8.2817360	37.0783736	-8.2825018	93.02	surface
EML	LSB-00618	38.7442600	-9.1309950	38.7448418	-9.1302254	92.95	underground
EDP	OER-00136	38.7054060	-9.2951060	38.7046878	-9.2945614	92.79	underground
EDP	BGC-00024	41.8128780	-6.7408600	41.8120468	-6.7409307	92.61	surface
EDP	GDL-00044	38.1890070	-8.5656570	38.1891433	-8.5666929	91.79	surface
MAK	LSB-00443	38.7161450	-9.1542860	38.7155762	-9.1550504	91.64	underground
FAC	SCR-00003	32.6923000	-16.7749180	32.6931225	-16.7749690	91.58	surface
EDP	CSC-00099	38.7253100	-9.3357960	38.7247522	-9.3365721	91.54	surface
EDP	CBR-00119	40.2099700	-8.4430110	40.2094887	-8.4438746	90.79	surface
PRP	LRA-00089	39.7134130	-8.7096630	39.7126149	-8.7094418	90.74	surface
MAK	LSB-00774	38.7432300	-9.1388235	38.7435083	-9.1378400	90.74	underground
EDP	MAI-00021	41.2339480	-8.6232270	41.2341875	-8.6221937	90.42	surface
EDP	CBR-00035	40.2142680	-8.4359300	40.2134937	-8.4362454	90.17	underground
EDP	BGC-00025	41.8128780	-6.7408600	41.8120720	-6.7408845	89.65	surface
MAK	LSB-00442	38.7161450	-9.1542860	38.7155851	-9.1550241	89.31	underground
EDP	VIS-00004	40.6546170	-7.9123960	40.6539812	-7.9117502	89.25	surface
ATL	BGC-00028	41.7871900	-6.7778500	41.7879525	-6.7781699	88.84	surface
EDP	VIS-00111	40.6551320	-7.9131710	40.6551247	-7.9121191	88.74	surface
EDP	MTJ-00102	38.7069440	-8.9580560	38.7074154	-8.9572337	88.54	surface
EDP	MAI-00007	41.2339480	-8.6232270	41.2340455	-8.6221776	88.42	surface
EDP	OHP-00020	40.3569700	-7.8561940	40.3569648	-7.8551519	88.30	surface
MAK	LSB-00773	38.7432300	-9.1388235	38.7435015	-9.1378677	88.22	underground
EML	LSB-00619	38.7442600	-9.1309950	38.7448034	-9.1302539	88.22	underground
EVC	CHV-00021	41.7091800	-7.5668880	41.7094173	-7.5678965	87.78	surface
EDP	VIS-00005	40.6546170	-7.9123960	40.6539831	-7.9117793	87.61	surface
EDP	LLE-00214	37.0820500	-8.1071960	37.0812766	-8.1070079	87.60	surface
MOT	FAR-00078	37.0290000	-7.9450000	37.0296296	-7.9444074	87.57	surface
FAC	SCR-00002	32.6923400	-16.7748550	32.6931196	-16.7749660	87.31	surface
MAK	LSB-00441	38.7161450	-9.1542860	38.7155942	-9.1549974	86.95	underground
EDP	LLE-00026	37.0767020	-8.1175700	37.0759504	-8.1173051	86.82	underground
EVP	PTM-00047	37.1176600	-8.5295200	37.1184370	-8.5294436	86.66	surface
EDP	MFR-00038	38.9325560	-9.3309270	38.9327624	-9.3299638	86.42	surface
EMA	PMZ-00003	32.8675000	-17.1669450	32.8669198	-17.1675526	85.92	surface
EDP	AGH-00002	38.6678300	-27.2153050	38.6684338	-27.2159209	85.83	surface
EDP	ABF-00094	37.1045570	-8.2351830	37.1039984	-8.2345176	85.67	surface
MAK	LSB-00772	38.7432300	-9.1388235	38.7434941	-9.1378955	85.67	underground
EDP	CBR-00120	40.2099600	-8.4430100	40.2095157	-8.4438293	85.33	surface
EDP	LSB-00317	38.7624900	-9.1608500	38.7620676	-9.1616713	85.31	underground
EDP	GDL-00060	38.1890220	-8.5656760	38.1891361	-8.5666358	84.84	surface
MAK	LSB-00156	38.7360460	-9.1403580	38.7366870	-9.1408863	84.73	underground
EDP	GDL-00030	38.1674840	-8.4902850	38.1675885	-8.4912409	84.37	surface
EDP	EVR-00042	38.5752300	-7.9136600	38.5758035	-7.9130270	84.23	surface
MAK	LSB-00157	38.7360460	-9.1403580	38.7366891	-9.1408579	83.63	underground
EML	LSB-00620	38.7442600	-9.1309950	38.7447644	-9.1302817	83.50	underground
EDP	MAI-00010	41.2339480	-8.6232270	41.2341809	-8.6222802	83.30	surface
MOT	FAR-00013	37.0290800	-7.9449400	37.0296470	-7.9443341	82.87	surface
MAK	LSB-00313	38.7432300	-9.1388235	38.7434843	-9.1379257	82.84	underground
CPS	CSC-00568	38.7112100	-9.3867000	38.7114544	-9.3857997	82.71	surface
PRP	LRA-00088	39.7123640	-8.7113000	39.7130405	-8.7117009	82.67	surface
EDP	LRS-80008	38.8285520	-9.1663870	38.8290214	-9.1671264	82.62	surface
MAK	LSB-00158	38.7360460	-9.1403580	38.7366913	-9.1408296	82.59	underground
EDP	MTJ-00105	38.7021200	-8.9468850	38.7028319	-8.9466146	82.56	surface
EDP	SXL-00037	38.6393700	-9.1509970	38.6386825	-9.1506431	82.39	surface
EDP	LNH-00015	39.2467160	-9.3129290	39.2472357	-9.3122479	82.34	surface
EDP	ETR-00002	40.7556700	-8.5351970	40.7549749	-8.5348792	81.80	surface
ATL	SSB-00015	38.5738070	-9.0372770	38.5744525	-9.0377242	81.63	surface
MAK	LSB-00729	38.7360460	-9.1403580	38.7366933	-9.1408003	81.56	underground
MLT	LRS-00066	38.7941470	-9.1024110	38.7940559	-9.1033437	81.47	indoor
EDP	MTG-00006	40.4032900	-7.5354000	40.4029464	-7.5362462	81.20	surface
EDP	MAI-00008	41.2339480	-8.6232270	41.2340400	-8.6222645	81.13	surface
EDP	PLM-00061	38.6355550	-8.9086750	38.6362835	-8.9086515	81.03	surface
EDP	BAO-00005	41.1099700	-8.0062740	41.1106419	-8.0066441	80.89	surface
MAK	LSB-00730	38.7360460	-9.1403580	38.7366955	-9.1407719	80.65	underground
HRZ	MNC-00012	42.0670700	-8.5023750	42.0675523	-8.5016462	80.59	surface
EDP	CBR-00122	40.2099600	-8.4430100	40.2095421	-8.4437838	80.48	surface
EDP	LSB-00316	38.7624900	-9.1608500	38.7620910	-9.1616222	80.32	underground
MAK	LSB-00312	38.7432300	-9.1388235	38.7434760	-9.1379535	80.26	underground
MAK	LSB-00193	38.7375200	-9.1344580	38.7371626	-9.1352580	79.96	underground
MAK	LSB-00731	38.7360460	-9.1403580	38.7366977	-9.1407433	79.80	underground
EDP	GDL-00029	38.1674840	-8.4902850	38.1675425	-8.4911894	79.33	surface
EDP	MAI-00054	41.2463100	-8.6646350	41.2469366	-8.6650852	79.19	surface
MAK	LSB-01173	38.7323900	-9.1455530	38.7318248	-9.1449980	79.17	surface
HRZ	ALD-00003	40.6180080	-6.8437070	40.6185436	-6.8443239	79.11	surface
EDP	ABF-00188	37.0942400	-8.2503400	37.0943266	-8.2494642	78.27	surface
MAK	LSB-00311	38.7432300	-9.1388235	38.7434684	-9.1379797	77.83	underground
MAK	LSB-00756	38.7068860	-9.1684610	38.7072948	-9.1677334	77.80	underground
EDP	BGC-00011	41.8123250	-6.7419910	41.8125645	-6.7411091	77.79	surface
MAK	LSB-00194	38.7375200	-9.1344580	38.7371641	-9.1352291	77.71	underground
MAK	LSB-01172	38.7323900	-9.1455530	38.7318248	-9.1450267	77.68	surface
GEN	GMR-00104	41.4401440	-8.2966210	41.4407408	-8.2961392	77.57	underground
EDP	PNF-00021	41.1943200	-8.3014300	41.1942302	-8.3023447	77.18	surface
EDP	AMD-00120	38.7578620	-9.2243430	38.7572105	-9.2246461	77.06	surface
EDP	ALM-00072	38.6344100	-9.1451290	38.6343870	-9.1442425	77.04	surface
EDP	ETR-00021	40.7557680	-8.5369430	40.7552062	-8.5364092	76.97	surface
CGG	CMN-00007	41.8776250	-8.8381640	41.8773565	-8.8373112	76.66	surface
MAK	LSB-01171	38.7323900	-9.1455530	38.7318248	-9.1450550	76.26	surface
EDP	LGA-00020	37.0934600	-8.4009300	37.0931548	-8.4016986	76.15	surface
MAK	LSB-00755	38.7068860	-9.1684610	38.7072735	-9.1677379	76.11	underground
EDP	MCN-00015	41.1771660	-8.1506940	41.1767168	-8.1500113	75.89	surface
EDP	MAI-00062	41.2340280	-8.6224700	41.2334112	-8.6228536	75.72	surface
EDP	ASL-00036	38.3804700	-8.5121700	38.3804888	-8.5130360	75.51	surface
MAK	LSB-00195	38.7375200	-9.1344580	38.7371655	-9.1352006	75.51	underground
EDP	CNT-00007	40.3324300	-8.4936460	40.3317752	-8.4938778	75.41	surface
MAK	LSB-00232	38.7271000	-9.1617160	38.7266253	-9.1623306	75.02	underground
MAK	LSB-01170	38.7323900	-9.1455530	38.7318243	-9.1450843	74.90	surface
EDP	BRR-90002	38.6570600	-9.0675050	38.6573625	-9.0667355	74.81	surface
EDP	MTG-00005	40.4032900	-7.5354000	40.4029597	-7.5361695	74.80	surface
MAK	LSB-00190	38.7429700	-9.1670060	38.7426501	-9.1677640	74.75	underground
EDP	PNF-00069	41.2324200	-8.1791350	41.2325770	-8.1782662	74.72	surface
LUZ	BJA-00015	37.8210950	-7.9784250	37.8208066	-7.9776567	74.72	surface
EDP	CLB-00008	40.6437200	-7.3880620	40.6437518	-7.3871778	74.69	surface
EDP	LGA-00019	37.0934600	-8.4009300	37.0932004	-8.4017060	74.64	surface
MAK	LSB-00754	38.7068860	-9.1684610	38.7072522	-9.1677423	74.48	underground
GEN	GMR-00103	41.4401440	-8.2966210	41.4407132	-8.2961603	74.03	underground
EDP	MAI-00009	41.2339480	-8.6232270	41.2340344	-8.6223517	73.82	surface
EDP	CRT-00003	39.3066700	-7.6481450	39.3073300	-7.6480838	73.58	surface
MAK	LSB-01169	38.7323900	-9.1455530	38.7318244	-9.1451132	73.56	surface
MAK	LSB-00233	38.7271000	-9.1617160	38.7266235	-9.1623030	73.49	underground
EDP	BGC-00010	41.7881470	-6.7739530	41.7876585	-6.7745474	73.34	surface
MAK	LSB-00196	38.7375200	-9.1344580	38.7371669	-9.1351713	73.27	underground
EDP	ASL-00018	38.3802800	-8.5122220	38.3804390	-8.5130372	73.22	surface
MOO	SNT-00075	38.7978060	-9.2757350	38.7980562	-9.2765144	73.05	surface
EDP	GMR-00129	41.4365900	-8.2961100	41.4359666	-8.2963809	72.90	underground
MAK	LSB-00308	38.7068860	-9.1684610	38.7072309	-9.1677467	72.89	underground
EDP	CBR-00034	40.2141150	-8.4359300	40.2135109	-8.4362622	72.86	underground
EDP	GDM-00052	41.1351930	-8.5339570	41.1345499	-8.5341156	72.73	surface
EVC	BRG-00021	41.5502200	-8.4193250	41.5495971	-8.4190617	72.65	underground
GLG	VVR-00003	39.5730670	-7.7822950	39.5736570	-7.7826589	72.64	surface
FCT	EVR-00073	38.5574840	-7.8916030	38.5568490	-7.8914079	72.62	surface
EDP	LRA-00146	39.8873000	-8.8366000	39.8877523	-8.8372089	72.31	surface
MAK	LSB-01168	38.7323900	-9.1455530	38.7318247	-9.1451422	72.26	surface
MAK	LSB-00191	38.7429700	-9.1670060	38.7426624	-9.1677394	72.22	underground
EDP	ETR-00020	40.7557680	-8.5369430	40.7552456	-8.5364341	72.19	surface
MAK	LSB-00234	38.7271000	-9.1617160	38.7266219	-9.1622757	72.00	underground
ATL	LSB-00651	38.7663600	-9.1044400	38.7663187	-9.1052685	71.98	surface
EDP	GVA-00004	40.4962350	-7.5923340	40.4956255	-7.5920536	71.80	underground
EVI	OER-00299	38.7072830	-9.3037670	38.7073601	-9.3029496	71.44	underground
MAK	LSB-00307	38.7068860	-9.1684610	38.7072096	-9.1677512	71.33	underground
MOA	LSB-01017	38.7473560	-9.1879870	38.7468796	-9.1874365	71.31	surface
FRR	LOU-00006	41.2704240	-8.2713750	41.2709240	-8.2719088	71.28	surface
MAK	LSB-00197	38.7375200	-9.1344580	38.7371683	-9.1351431	71.14	underground
ATL	SRE-00005	40.0664900	-8.6156200	40.0667321	-8.6163925	71.04	surface
MAK	LSB-01167	38.7323900	-9.1455530	38.7318251	-9.1451708	71.03	surface
EDP	CRT-00002	39.3066700	-7.6481450	39.3073067	-7.6480843	70.99	surface
EDP	PRT-00028	41.1437640	-8.5755560	41.1432225	-8.5760043	70.96	surface
EDP	ALR-00010	39.1926200	-8.6196910	39.1929350	-8.6189758	70.89	surface
FCT	EVR-00072	38.5574840	-7.8916030	38.5568770	-7.8913630	70.65	surface
MAK	LSB-00235	38.7271000	-9.1617160	38.7266199	-9.1622481	70.57	underground
EDP	CBR-00070	40.2243700	-8.4241630	40.2247503	-8.4235029	70.21	underground
EDP	CSC-00040	38.7034150	-9.3967300	38.7040450	-9.3967008	70.10	underground
EDP	ABF-00075	37.1003500	-8.2283800	37.1009382	-8.2286602	69.97	underground
MAK	LSB-01166	38.7323900	-9.1455530	38.7318251	-9.1451997	69.89	surface
EDP	GVA-00003	40.4962350	-7.5923340	40.4956303	-7.5921103	69.85	underground
MAK	LSB-00306	38.7068860	-9.1684610	38.7071884	-9.1677556	69.84	underground
EDP	OER-00175	38.6958800	-9.2898810	38.6964986	-9.2900165	69.78	surface
EDP	CSC-00041	38.7034150	-9.3967300	38.7040397	-9.3966727	69.64	underground
GLG	VVR-00002	39.5736540	-7.7826570	39.5730951	-7.7822911	69.61	surface
EDP	GMR-00127	41.4366900	-8.2968200	41.4360904	-8.2965836	69.52	underground
MAK	LSB-00236	38.7271000	-9.1617160	38.7266182	-9.1622205	69.18	underground
GEN	GMR-00102	41.4401440	-8.2966210	41.4406760	-8.2961908	69.18	underground
VEI	VCD-00040	41.3607400	-8.7396850	41.3601707	-8.7393526	69.12	surface
MAK	LSB-00198	38.7375200	-9.1344580	38.7371697	-9.1351144	68.98	underground
MAK	LSB-01164	38.7323900	-9.1455530	38.7318257	-9.1452295	68.74	surface
EDP	PRT-00029	41.1437640	-8.5755560	41.1432408	-8.5759899	68.59	surface
EDP	ABF-00074	37.1003500	-8.2283800	37.1009340	-8.2286170	68.25	underground
EDP	LLE-00180	37.2602770	-8.1242410	37.2596965	-8.1239916	68.22	surface
HRZ	GMR-00165	41.4387470	-8.3359890	41.4386588	-8.3351793	68.20	surface
HRZ	LSB-01327	38.7425700	-9.1454730	38.7422277	-9.1461221	67.96	underground
ATL	RMR-00015	39.3318900	-8.9381300	39.3313889	-8.9376781	67.94	surface
MAK	LSB-00237	38.7271000	-9.1617160	38.7266160	-9.1621929	67.88	underground
MAK	LSB-00429	38.7323900	-9.1455530	38.7318252	-9.1452577	67.83	underground
EDP	GMR-00128	41.4366900	-8.2968200	41.4360996	-8.2966402	67.34	underground
EDP	MTA-00018	38.6551930	-9.0395650	38.6556275	-9.0390256	67.29	surface
MAK	LSB-01334	38.7429700	-9.1670060	38.7426870	-9.1676905	67.19	surface
EDP	PLM-00074	38.6189600	-8.9161280	38.6188708	-8.9168910	67.03	surface
MAK	LSB-00428	38.7323900	-9.1455530	38.7318244	-9.1452860	67.02	underground
EDP	GMR-00141	41.4504200	-8.2952510	41.4499968	-8.2946797	66.94	surface
EDP	LRS-00131	38.7945300	-9.1041110	38.7948896	-9.1034915	66.94	surface
EDP	MAI-00028	41.2265780	-8.6178810	41.2261795	-8.6184791	66.82	surface
MAK	LSB-00783	38.7375200	-9.1344580	38.7371711	-9.1350853	66.82	underground
ATL	VPA-00007	41.5028270	-7.7192750	41.5027702	-7.7200725	66.71	surface
MOT	CHV-00028	41.7403830	-7.4688635	41.7398576	-7.4684772	66.64	underground
EDP	EVR-00027	38.5544700	-7.9150430	38.5539078	-7.9147793	66.59	surface
EPK	VNG-00259	41.1299480	-8.6063460	41.1296532	-8.6070351	66.37	underground
EDP	CSC-00201	38.7018430	-9.4571800	38.7016784	-9.4579146	66.32	underground
EDP	CSC-00200	38.7018430	-9.4571800	38.7016345	-9.4578956	66.28	underground
EDP	BJA-00011	38.0127530	-7.8607340	38.0129963	-7.8600435	66.27	surface
MAK	LSB-00427	38.7323900	-9.1455530	38.7318248	-9.1453155	66.14	underground
EDP	ACH-00018	38.7512500	-8.9583420	38.7510052	-8.9590354	66.00	surface
EVI	OER-00298	38.7074300	-9.3037140	38.7073408	-9.3029628	65.93	underground
EDP	VCD-00034	41.3589630	-8.7391690	41.3595040	-8.7394858	65.71	underground
EDP	PLM-00075	38.6189600	-8.9161280	38.6189154	-8.9168817	65.67	surface
EVC	OVR-00003	40.9548200	-8.6259600	40.9552746	-8.6264589	65.65	surface
EDP	BCL-00018	41.5389020	-8.6204900	41.5387463	-8.6197319	65.43	surface
MAK	LSB-00426	38.7323900	-9.1455530	38.7318250	-9.1453434	65.40	underground
MAK	PRT-00129	41.1508980	-8.6264310	41.1504323	-8.6269074	65.36	underground
EDP	CTX-00008	39.1665880	-8.7802970	39.1660837	-8.7806819	65.16	surface
EDP	SCR-00021	32.6876030	-16.7932970	32.6871798	-16.7928163	65.10	underground
MAK	PVZ-00049	41.3785930	-8.7605100	41.3780651	-8.7601751	65.01	underground
MAK	LSB-01335	38.7429700	-9.1670060	38.7426988	-9.1676670	64.77	surface
EDP	PNF-00066	41.2327100	-8.1783490	41.2323546	-8.1789627	64.77	surface
MAK	LSB-00784	38.7375200	-9.1344580	38.7371725	-9.1350567	64.73	underground
EDP	ETR-00001	40.7553060	-8.5365600	40.7558141	-8.5369338	64.68	surface
MAK	LSB-01141	38.7211600	-9.1405220	38.7210394	-9.1397985	64.18	underground
EDP	SJM-00009	40.8886500	-8.4910040	40.8880950	-8.4907980	64.10	surface
MAK	LSB-00748	38.7271000	-9.1617160	38.7267150	-9.1622658	64.09	underground
MAK	PVZ-00048	41.3785930	-8.7605100	41.3780643	-8.7602043	64.08	underground
ECI	BRG-00093	41.4458430	-8.1758130	41.4462479	-8.1752661	64.07	surface
GLP	PRD-00036	41.1990430	-8.3332420	41.1991389	-8.3339957	63.95	surface
EDP	PNF-00067	41.2327100	-8.1783480	41.2323960	-8.1789866	63.80	surface
ATL	VNG-00133	41.0635260	-8.5975360	41.0629546	-8.5975883	63.69	surface
EDP	CSC-00094	38.7077100	-9.4568100	38.7072472	-9.4572407	63.60	underground
EDP	LSB-00943	38.7593770	-9.1584960	38.7597479	-9.1579434	63.22	underground
MAK	PVZ-00047	41.3785930	-8.7605100	41.3780640	-8.7602328	63.21	underground
EDP	PRT-00320	41.1591870	-8.6303890	41.1586202	-8.6303339	63.19	underground
MAK	PRT-00130	41.1508980	-8.6264310	41.1504492	-8.6268916	63.07	underground
EDP	OBD-00006	39.3795400	-9.1437730	39.3791326	-9.1442814	62.94	surface
EDP	CSC-00190	38.7370830	-9.3835280	38.7376345	-9.3833666	62.90	surface
EDP	PRT-00319	41.1591870	-8.6303890	41.1586232	-8.6303309	62.88	underground
FCT	LRS-00244	38.8057400	-9.1712360	38.8062630	-9.1709619	62.82	surface
EDP	ABF-00071	37.0895040	-8.2247850	37.0900400	-8.2250063	62.75	surface
MAK	LSB-00785	38.7375200	-9.1344580	38.7371739	-9.1350281	62.66	underground
EDP	PNI-00012	39.3645820	-9.3746350	39.3640866	-9.3749810	62.60	surface
MAK	LSB-00749	38.7271000	-9.1617160	38.7267133	-9.1622383	62.46	underground
EDP	CRZ-00002	41.2460600	-7.3062760	41.2457360	-7.3056665	62.41	surface
EDP	STB-00075	38.5381000	-8.8578000	38.5382604	-8.8571142	62.26	surface
EDP	CSC-00298	38.6796070	-9.3259670	38.6793863	-9.3266259	62.24	surface
EDP	CSC-00095	38.7077100	-9.4568100	38.7072683	-9.4572502	62.22	underground
EDP	ARL-00003	38.7319700	-7.9887880	38.7317016	-7.9894148	62.02	surface
SEG	PDL-00009	37.7473370	-25.6754700	37.7467837	-25.6754073	61.77	surface
LUZ	BJA-00016	37.8208100	-7.9778020	37.8210866	-7.9784082	61.49	surface
EDP	GDL-00070	38.1672700	-8.4923810	38.1669071	-8.4918512	61.43	surface
EDP	PRT-00192	41.1749300	-8.6456600	41.1754795	-8.6455843	61.43	surface
MOO	SNT-00074	38.7978020	-9.2759520	38.7980789	-9.2765631	61.26	surface
EDP	VFR-00016	40.9261400	-8.5597840	40.9256338	-8.5600676	61.12	surface
CGG	VLN-00005	42.0318220	-8.6329130	42.0314185	-8.6334151	61.10	surface
MAK	LSB-01336	38.7429700	-9.1670060	38.7427175	-9.1676305	61.01	surface
MAK	LSB-00750	38.7271000	-9.1617160	38.7267116	-9.1622110	60.90	underground
CIR	MDB-00003	41.3959300	-7.9705900	41.3964542	-7.9703865	60.71	surface
EDP	TVD-00013	39.1073700	-9.3655420	39.1069104	-9.3659218	60.71	surface
MAK	PRT-00131	41.1508980	-8.6264310	41.1504665	-8.6268744	60.67	underground
EDP	VCD-00035	41.3589630	-8.7391690	41.3594648	-8.7394540	60.66	underground
MAK	LSB-00796	38.7375200	-9.1344580	38.7371753	-9.1349996	60.63	underground
EDP	TNV-00011	39.4705620	-8.5403230	39.4702742	-8.5397259	60.42	surface
EDP	BRR-00016	38.6424500	-9.0596760	38.6423171	-9.0603468	60.10	surface
MAK	LSB-01139	38.7211600	-9.1405220	38.7210220	-9.1398528	60.05	underground
EDP	PNF-00068	41.2324870	-8.1789840	41.2326196	-8.1782879	60.05	surface
EDP	PRT-00191	41.1749300	-8.6456600	41.1754638	-8.6455639	59.90	surface
EDP	GRD-00046	40.5351200	-7.2635350	40.5350880	-7.2642396	59.65	surface
EDP	STB-00065	38.5381000	-8.8578000	38.5382165	-8.8571315	59.57	surface
EDP	CLD-00036	39.4114950	-9.1426525	39.4119609	-9.1429934	59.51	surface
EDP	ALT-00002	39.2220230	-7.6862020	39.2223171	-7.6867782	59.44	surface
ECI	BRG-00090	41.4458430	-8.1758130	41.4462110	-8.1752963	59.41	surface
MAK	LSB-00751	38.7271000	-9.1617160	38.7267096	-9.1621834	59.40	underground
EDP	MCV-00004	40.0838700	-8.3349210	40.0838624	-8.3356188	59.37	surface
EDP	MCV-00003	40.0838700	-8.3349210	40.0838184	-8.3356129	59.14	surface
EDP	PRT-00253	41.1698950	-8.5710820	41.1700935	-8.5717368	59.09	surface
EDP	BAO-00004	41.1030200	-8.0944990	41.1031948	-8.0951642	59.03	surface
LOG	LSB-00613	38.7655260	-9.1043740	38.7655028	-9.1050490	58.58	underground
EDP	CBR-00152	40.2545930	-8.4286030	40.2548458	-8.4279974	58.58	surface
EDP	LSB-00942	38.7593770	-9.1584960	38.7597298	-9.1579960	58.47	underground
EDP	CSC-00210	38.7245900	-9.4428130	38.7250972	-9.4426383	58.40	surface
EDP	PRT-00190	41.1749300	-8.6456600	41.1754477	-8.6455429	58.39	surface
MAK	PRT-00302	41.1508980	-8.6264310	41.1504843	-8.6268562	58.17	underground
MAK	LSB-01138	38.7211600	-9.1405220	38.7210138	-9.1398798	58.04	underground
EDP	LRA-00120	39.7442600	-8.8073640	39.7437626	-8.8071612	57.96	underground
MAK	LSB-00752	38.7271000	-9.1617160	38.7267079	-9.1621559	57.94	underground
MAK	LSB-00875	38.7098770	-9.1391920	38.7096981	-9.1398182	57.86	underground
CIR	MDB-00002	41.3959300	-7.9705900	41.3964224	-7.9703665	57.84	surface
EDP	ACH-00040	38.7507300	-8.9607100	38.7503652	-8.9611851	57.82	surface
EDP	RMR-00003	39.3431320	-8.9321060	39.3427643	-8.9316331	57.67	surface
EDP	CRZ-00003	41.2460600	-7.3062760	41.2457569	-7.3057166	57.65	surface
PAC	BRR-00144	38.5892030	-9.0380110	38.5895028	-9.0385512	57.58	surface
EDP	VIS-00109	40.6589800	-7.9161680	40.6584665	-7.9162341	57.37	surface
EVC	CMN-00008	41.8953360	-8.8194410	41.8955031	-8.8187854	57.36	surface
EVP	VNF-00023	41.4067080	-8.5147800	41.4066435	-8.5140984	57.30	surface
EDP	PDL-00011	37.7515300	-25.6512400	37.7511092	-25.6508645	57.27	surface
EDP	PRT-00189	41.1749300	-8.6456600	41.1754328	-8.6455232	57.07	surface
EDP	LGS-00024	37.1129200	-8.6622200	37.1132854	-8.6617705	56.92	surface
EDP	CSC-00299	38.6796070	-9.3259670	38.6794022	-9.3265678	56.91	surface
EMA	PST-00009	33.0585250	-16.3369620	33.0586835	-16.3363845	56.63	surface
EDP	LLE-90001	37.0642970	-8.0915920	37.0641326	-8.0909881	56.62	surface
MAK	LSB-00248	38.7319030	-9.1465640	38.7320314	-9.1471955	56.61	underground
EVP	VNF-00024	41.4067080	-8.5147800	41.4066915	-8.5141020	56.57	surface
MAK	LSB-00753	38.7271000	-9.1617160	38.7267057	-9.1621281	56.57	underground
EZC	ALM-00123	38.6753230	-9.1661830	38.6756600	-9.1656949	56.56	underground
EVC	MAI-00105	41.2379760	-8.6680000	41.2377341	-8.6674056	56.51	surface
EDP	LGS-00025	37.1129260	-8.6622200	37.1133160	-8.6618118	56.49	surface
IOY	GRD-00034	40.5521550	-7.2487830	40.5525918	-7.2484440	56.39	surface
EVC	MAI-00104	41.2379760	-8.6680000	41.2377366	-8.6674057	56.37	surface
EDP	MTS-00168	41.1899500	-8.5992200	41.1904260	-8.5994499	56.32	surface
MAK	LSB-00153	38.7070920	-9.1463510	38.7075706	-9.1465622	56.28	underground
EVC	BRG-00020	41.5500700	-8.4193250	41.5496162	-8.4190273	56.21	underground
EZC	ALM-00122	38.6753230	-9.1661830	38.6756740	-9.1657176	56.17	underground
EDP	CNT-00015	40.3559800	-8.5892700	40.3555835	-8.5888597	56.15	surface
LOG	LSB-00614	38.7655260	-9.1043740	38.7655038	-9.1050209	56.14	underground
MAK	LSB-01137	38.7211600	-9.1405220	38.7210053	-9.1399065	56.10	underground
EDP	FAF-00018	41.4480800	-8.1707720	41.4480103	-8.1714368	55.95	surface
MAK	PRT-00303	41.1508980	-8.6264310	41.1505008	-8.6268407	55.92	underground
EZC	ALM-00121	38.6753230	-9.1661830	38.6756878	-9.1657402	55.88	underground
EDP	FAF-00017	41.4480800	-8.1707720	41.4480534	-8.1714386	55.64	surface
EDP	PRT-00042	41.1591870	-8.6303890	41.1586955	-8.6302645	55.64	underground
EDP	VCD-00036	41.3589630	-8.7391690	41.3594256	-8.7394229	55.63	underground
IBD	SNT-00106	38.7569160	-9.2790560	38.7573963	-9.2788823	55.49	underground
MAK	LSB-00154	38.7070920	-9.1463510	38.7075703	-9.1465334	55.49	underground
EDP	BJA-00025	37.8891500	-8.0205300	37.8889811	-8.0211244	55.44	surface
MAK	LSB-00874	38.7098770	-9.1391920	38.7097038	-9.1397902	55.36	underground
EDP	LSB-00159	38.7229420	-9.1515500	38.7230145	-9.1509188	55.35	underground
EDP	BJA-00024	37.8951640	-8.0498320	37.8948753	-8.0493195	55.25	surface
ATL	STB-00069	38.5228040	-8.8931940	38.5223161	-8.8933116	55.21	surface
MOO	AZB-00016	39.0501100	-8.9142360	39.0496708	-8.9145335	55.18	surface
EDP	GDL-00074	38.1674000	-8.4910250	38.1677681	-8.4914474	55.13	surface
EDP	CSC-80004	38.7036670	-9.3982140	38.7037452	-9.3988412	55.12	surface
EDP	LRA-00119	39.7442600	-8.8073640	39.7437789	-8.8072151	54.99	underground
EDP	GDL-00028	38.1674230	-8.4925120	38.1670852	-8.4920544	54.87	surface
ATL	STB-00068	38.5228040	-8.8931940	38.5223157	-8.8932832	54.85	surface
EDP	CBR-00038	40.1967800	-8.4456640	40.1968156	-8.4450202	54.82	surface
MAK	LSB-00155	38.7070920	-9.1463510	38.7075701	-9.1465043	54.80	underground
MAK	LSB-00433	38.7211600	-9.1405220	38.7208528	-9.1400284	54.78	underground
EDP	ACH-00041	38.7507300	-8.9606970	38.7503738	-8.9611292	54.53	surface
ECI	BRG-00091	41.5288050	-8.4477350	41.5283158	-8.4476964	54.49	surface
EDP	MED-00002	40.9578820	-7.2618250	40.9578868	-7.2611770	54.42	surface
MAK	LSB-00432	38.7211600	-9.1405220	38.7208574	-9.1400300	54.35	underground
BLU	AMD-00029	38.7793920	-9.2200400	38.7796159	-9.2194841	54.24	underground
EDP	GMR-00136	41.4373000	-8.3101660	41.4375819	-8.3106969	54.23	surface
EDP	LSB-00160	38.7229420	-9.1515500	38.7230330	-9.1509359	54.23	underground
ATL	MTS-00172	41.1910800	-8.6368500	41.1912354	-8.6362361	54.20	surface
MAK	LSB-00249	38.7319030	-9.1465640	38.7320217	-9.1471698	54.18	underground
MAK	LSB-00766	38.7070920	-9.1463510	38.7075696	-9.1464744	54.18	underground
MAK	LSB-01136	38.7211600	-9.1405220	38.7209962	-9.1399339	54.17	underground
EVC	MAI-00103	41.2379760	-8.6680000	41.2377779	-8.6674084	54.15	surface
EDP	VFX-00026	38.9638670	-8.9841520	38.9634985	-8.9837427	54.14	surface
EDP	GDL-00008	38.1670200	-8.4927480	38.1671777	-8.4921631	54.06	surface
EDP	BTL-00008	39.6644000	-8.8495620	39.6640848	-8.8500415	53.97	surface
EDP	CSC-00217	38.6873000	-9.3257000	38.6874636	-9.3262838	53.84	surface
EDP	LSB-00941	38.7593770	-9.1584960	38.7597118	-9.1580484	53.78	underground
MAK	LSB-00767	38.7070920	-9.1463510	38.7075699	-9.1464457	53.77	underground
EDP	MTS-00043	41.1930800	-8.7055320	41.1925965	-8.7055354	53.76	surface
IBD	PNF-00045	41.1676330	-8.3494780	41.1673349	-8.3499835	53.75	surface
EVC	MAI-00102	41.2379700	-8.6680000	41.2377808	-8.6674086	53.74	surface
EDP	VCD-00066	41.2783850	-8.6720800	41.2788649	-8.6720072	53.71	surface
MAK	LSB-00431	38.7211600	-9.1405220	38.7208449	-9.1400554	53.54	underground
EDP	BRG-00094	41.5320970	-8.4739640	41.5316280	-8.4738186	53.54	surface
EDP	VZL-00004	40.6730500	-8.2179000	40.6725855	-8.2180660	53.51	surface
MAK	PRT-00304	41.1508980	-8.6264310	41.1505183	-8.6268231	53.48	underground
ATL	GMR-00123	41.4477600	-8.2984300	41.4481403	-8.2980385	53.41	surface
EDP	VNG-00231	41.1022500	-8.5892330	41.1020057	-8.5897817	53.40	surface
EDP	CNT-00013	40.3163260	-8.7524410	40.3166258	-8.7519490	53.40	surface
MAK	LSB-00768	38.7070920	-9.1463510	38.7075695	-9.1464160	53.39	underground
EDP	ARL-00002	38.7318200	-7.9887880	38.7317070	-7.9893830	53.12	surface
EDP	ABF-00124	37.1269340	-8.2343550	37.1274103	-8.2343958	53.09	surface
MAK	LSB-00883	38.7271000	-9.1617160	38.7267007	-9.1620505	53.04	surface
MAK	LSB-00430	38.7211600	-9.1405220	38.7208498	-9.1400577	53.03	underground
MAK	LSB-00873	38.7098770	-9.1391920	38.7097094	-9.1397637	52.99	underground
MAK	CSC-00061	38.7009540	-9.4189540	38.7004826	-9.4188709	52.91	underground
EDP	AMR-00002	41.6592900	-8.2705800	41.6588827	-8.2709045	52.71	surface
EDP	VBP-00004	37.0061530	-8.9334750	37.0056797	-8.9334582	52.65	surface
EDP	PRT-00041	41.1591870	-8.6303890	41.1587301	-8.6302324	52.47	underground
EDP	VRL-00007	41.2998700	-7.7501630	41.2993982	-7.7501694	52.46	surface
EDP	LRS-00050	38.8152580	-9.1591970	38.8154804	-9.1586653	52.28	underground
EDP	PTM-00062	37.1190530	-8.5360490	37.1194666	-8.5357708	52.19	underground
EDP	LMG-00023	41.0964000	-7.8127830	41.0959316	-7.8127999	52.10	surface
EDP	PTM-00049	37.1195000	-8.5366400	37.1196593	-8.5371926	52.10	underground
EDP	ALT-00003	39.2222250	-7.6862020	39.2223004	-7.6867981	52.03	surface
EDP	EVR-00043	38.5693500	-7.9134090	38.5689243	-7.9131622	51.97	surface
EDP	VIS-00134	40.6348900	-7.9292450	40.6344772	-7.9295334	51.95	surface
MOT	FAR-00012	37.0295800	-7.9449400	37.0296411	-7.9443615	51.80	surface
MAK	LSB-00250	38.7319030	-9.1465640	38.7320128	-9.1471439	51.76	underground
GLG	GDM-00011	41.1470600	-8.5316200	41.1472957	-8.5310876	51.71	surface
FCT	LRA-00219	39.7146030	-8.8318400	39.7147883	-8.8312868	51.61	surface
EDP	ASL-00013	38.3797000	-8.5210000	38.3799218	-8.5215190	51.53	surface
CAP	LSB-00635	38.7550300	-9.1894420	38.7553946	-9.1898080	51.49	underground
EDP	ALM-00034	38.6628070	-9.1629640	38.6624311	-9.1633099	51.47	surface
EDP	PTM-00061	37.1190530	-8.5360490	37.1194785	-8.5358247	51.32	underground
EDP	BJA-00023	37.8951640	-8.0498300	37.8948731	-8.0493778	51.19	surface
EDP	AZB-00019	39.0662900	-8.8772400	39.0658340	-8.8773190	51.16	surface
MAK	AMD-00042	38.7585330	-9.2345320	38.7581111	-9.2342978	51.12	underground
CAP	MAI-00029	41.2204630	-8.5614620	41.2201817	-8.5619453	51.11	underground
EDP	EVR-00032	38.5671580	-7.9155770	38.5668209	-7.9151780	51.07	underground
CAP	LSB-00636	38.7550300	-9.1894420	38.7553925	-9.1898036	51.07	underground
EDP	ABT-00033	39.4722480	-8.1951490	39.4726580	-8.1954159	51.02	surface
EDP	NZR-00015	39.5971870	-9.0696620	39.5971870	-9.0690667	51.01	surface
MAK	LSB-00884	38.7271000	-9.1617160	38.7266967	-9.1619925	50.86	surface
EDP	FAR-00009	37.0168300	-7.9295110	37.0167126	-7.9300643	50.83	underground
EDP	MTS-00169	41.1899570	-8.5992200	41.1903870	-8.5994250	50.80	surface
EDP	VBP-00005	37.0061530	-8.9334750	37.0056969	-8.9334780	50.72	surface
EDP	ASL-00005	38.3727530	-8.5139380	38.3725834	-8.5133986	50.66	surface
EDP	LLE-00154	37.0729300	-8.1142140	37.0733676	-8.1140572	50.61	surface
EDP	MRS-00002	40.7192840	-8.6990410	40.7188358	-8.6991406	50.54	surface
MAK	LSB-00872	38.7098770	-9.1391920	38.7097154	-9.1397360	50.51	underground
MAK	CSC-00062	38.7009540	-9.4189540	38.7005048	-9.4188767	50.40	underground
ATL	ALQ-00015	39.0266800	-8.9807460	39.0268418	-8.9802012	50.38	surface
REP	LSB-00558	38.7332800	-9.1537800	38.7337243	-9.1538790	50.14	surface
EDP	VLN-00004	42.0234500	-8.6482700	42.0237160	-8.6487602	50.14	surface
HRZ	LRS-00142	38.8342800	-9.1560150	38.8340434	-9.1565049	49.93	underground
EDP	OLH-90002	37.0230700	-7.8470540	37.0234562	-7.8473401	49.89	surface
ECI	BRG-00092	41.5288050	-8.4477350	41.5283579	-8.4476857	49.88	surface
MEO	BRG-00029	41.5649870	-8.4487940	41.5649208	-8.4482012	49.87	surface
MAK	LSB-01230	38.7153470	-9.1666800	38.7157895	-9.1666074	49.61	underground
ECI	RMZ-00003	38.4243550	-7.5444293	38.4241458	-7.5449321	49.59	surface
ATL	ACH-00022	38.7517780	-8.9430160	38.7518502	-8.9424528	49.49	underground
GLP	LSB-00536	38.7565770	-9.1078510	38.7561324	-9.1078468	49.44	underground
HRZ	CSC-00140	38.7037400	-9.4667440	38.7041518	-9.4669588	49.44	surface
GLP	GDM-00058	41.1756200	-8.5565810	41.1751840	-8.5566961	49.43	surface
IBD	VIS-00100	40.6435780	-7.9027977	40.6434200	-7.9022506	49.39	surface
MAK	AMD-00043	38.7585330	-9.2345320	38.7581201	-9.2343241	49.32	underground
PRI	PNI-00001	39.3650360	-9.4031860	39.3646337	-9.4029444	49.32	surface
ATL	LSB-00663	38.7539670	-9.1659790	38.7535239	-9.1659572	49.31	surface
MAK	LSB-00251	38.7319030	-9.1465640	38.7320030	-9.1471176	49.29	underground
EDP	VCT-00047	41.7032430	-8.8197220	41.7028062	-8.8196233	49.26	surface
GLP	AZB-00033	39.1233560	-8.9077570	39.1236920	-8.9073854	49.23	surface
ATL	PRT-00220	41.1709980	-8.6585870	41.1710399	-8.6591724	49.22	surface
KLS	OER-00203	38.7408870	-9.3024370	38.7411285	-9.3029122	49.19	underground
ATL	ESP-00015	41.0090000	-8.6450000	41.0094199	-8.6451834	49.16	underground
EDP	LSB-00940	38.7593770	-9.1584960	38.7596938	-9.1581007	49.15	underground
HRZ	STB-00081	38.5347500	-8.8738830	38.5349712	-8.8733938	49.15	surface
HRZ	MAI-00005	41.2338330	-8.6680050	41.2338941	-8.6674230	49.14	surface
GLP	MTS-00079	41.2091700	-8.6879900	41.2088834	-8.6875431	49.12	underground
IBD	VNG-00203	41.1242500	-8.5966320	41.1245201	-8.5970950	49.05	underground
FCT	LRA-00218	39.7146030	-8.8318400	39.7148121	-8.8313351	49.05	surface
EDP	SNT-00119	38.8304180	-9.4036800	38.8305271	-9.4042284	49.03	underground
CAP	PRT-00161	41.1491000	-8.6051900	41.1491957	-8.6046186	49.01	underground
GLP	LSB-00088	38.7227500	-9.1609680	38.7224356	-9.1605722	49.00	underground
HRZ	PRT-00348	41.1640620	-8.5842850	41.1636750	-8.5840061	48.96	underground
ATL	ACH-00023	38.7517780	-8.9430160	38.7518869	-8.9424696	48.91	underground
ATL	ACH-00025	38.7517780	-8.9430160	38.7519603	-8.9425031	48.88	underground
HRZ	CTB-00070	39.8049130	-7.5120470	39.8044931	-7.5122151	48.85	surface
CAP	LSB-00379	38.7550300	-9.1894420	38.7553177	-9.1898672	48.81	underground
IBD	MAI-00016	41.2322960	-8.6065400	41.2323520	-8.6071176	48.70	surface
ATL	ACH-00024	38.7517780	-8.9430160	38.7519236	-8.9424864	48.70	underground
EDP	VNC-00005	41.9448300	-8.7416840	41.9447892	-8.7410980	48.68	surface
GLP	LSB-00535	38.7565770	-9.1078510	38.7561396	-9.1078729	48.67	underground
IBD	PTG-00012	39.2976400	-7.4285800	39.2974200	-7.4280918	48.61	surface
EDP	PRD-00018	41.1826740	-8.4429400	41.1830576	-8.4426624	48.57	surface
GLP	OER-00256	38.7161100	-9.2397220	38.7158548	-9.2392677	48.57	surface
EDP	FND-00020	40.1547660	-7.4964450	40.1543867	-7.4967267	48.50	surface
GLP	MTJ-00028	38.7073400	-8.9630010	38.7073507	-8.9624425	48.48	surface
EDP	PNF-00064	41.1953620	-8.2966720	41.1949289	-8.2966064	48.47	surface
MLT	BNV-00003	38.9376450	-8.8636700	38.9379885	-8.8640136	48.39	surface
CAP	LSB-00380	38.7550300	-9.1894420	38.7552015	-9.1899546	48.37	underground
EDP	MTA-00026	38.6551800	-9.0392200	38.6555812	-9.0390050	48.36	surface
EDP	MRS-00003	40.7192840	-8.6990410	40.7188568	-8.6991426	48.27	surface
HLX	VNG-00216	41.1212040	-8.6237060	41.1207891	-8.6235366	48.27	surface
IBD	AJZ-00006	37.2611000	-8.8291400	37.2608842	-8.8286676	48.20	surface
ATL	AVZ-80001	39.8233500	-8.3822400	39.8237249	-8.3819568	48.19	surface
GLP	LSB-00534	38.7565770	-9.1078510	38.7561456	-9.1079011	48.17	underground
MAK	LSB-01229	38.7153470	-9.1666800	38.7157793	-9.1666493	48.14	underground
GLP	MOBI-LSB-00767	38.7611960	-9.0980850	38.7612553	-9.0975355	48.10	underground
IBD	MCN-00006	41.1802560	-8.1558730	41.1802008	-8.1553032	48.08	surface
HLX	VNG-00217	41.1212040	-8.6237020	41.1207797	-8.6235928	48.06	surface
HRZ	CBR-00057	40.1171070	-8.4969690	40.1174455	-8.4966180	48.04	surface
IBD	LLE-00191	37.0409600	-8.0145210	37.0413755	-8.0146690	48.03	surface
EDP	PRT-00179	41.1622850	-8.6538630	41.1626939	-8.6536783	48.02	surface
HRZ	CVL-00011	40.2640200	-7.4909697	40.2636616	-7.4912852	48.01	surface
HRZ	FNC-00084	32.6479300	-16.9141370	32.6475186	-16.9139815	48.01	underground
ATL	GMR-00122	41.4477600	-8.2984300	41.4481037	-8.2980820	47.98	surface
GLP	MOBI-LSB-00098	38.7572020	-9.1760670	38.7571873	-9.1755142	47.96	underground
IBD	MAI-00058	41.2548830	-8.6519520	41.2545775	-8.6523570	47.96	underground
EDP	GDL-00027	38.1674230	-8.4925120	38.1671316	-8.4921077	47.95	surface
GLP	LSB-00671	38.7472300	-9.1636810	38.7476151	-9.1639294	47.93	underground
MAK	LSB-00871	38.7098770	-9.1391920	38.7097205	-9.1397063	47.90	underground
HRZ	ALQ-00014	39.1445660	-9.0226610	39.1449017	-9.0230088	47.89	surface
MAK	CSC-00063	38.7009540	-9.4189540	38.7005270	-9.4188825	47.88	underground
EDP	APC-00003	39.2516980	-8.5803710	39.2516740	-8.5798161	47.85	surface
REP	LSB-00557	38.7332800	-9.1537800	38.7337054	-9.1538625	47.84	surface
EDP	VCT-00048	41.7032430	-8.8197210	41.7028279	-8.8195730	47.76	surface
ATL	ADV-00016	37.5121730	-8.0656340	37.5118587	-8.0652652	47.74	surface
ATL	ACH-00020	38.7517780	-8.9430160	38.7518300	-8.9424695	47.74	underground
ATL	BRG-00110	41.5462530	-8.4197600	41.5463588	-8.4192050	47.66	underground
GLP	VFR-00023	40.9172130	-8.5365060	40.9175441	-8.5368660	47.65	surface
EDP	MTA-00027	38.6551500	-9.0392200	38.6555359	-9.0389815	47.65	surface
GLP	LSB-00533	38.7565770	-9.1078510	38.7561532	-9.1079282	47.60	underground
HRZ	VFR-00007	41.0105130	-8.5556390	41.0102657	-8.5561019	47.59	surface
MAK	AMD-00044	38.7585330	-9.2345320	38.7581294	-9.2343502	47.57	underground
HRZ	ETR-00024	40.7627560	-8.5744060	40.7626766	-8.5749608	47.55	surface
GLP	PRT-00121	41.1762770	-8.6687860	41.1758628	-8.6686447	47.55	underground
GLG	VNG-00115	41.0950100	-8.5986200	41.0946380	-8.5988988	47.51	surface
REP	BRG-00045	41.5511050	-8.4065400	41.5506864	-8.4064291	47.45	surface
GLP	MMV-00012	40.1838870	-8.6705560	40.1842187	-8.6709072	47.44	surface
MOO	PRT-00160	41.1755200	-8.6464100	41.1756684	-8.6458789	47.41	surface
ATL	SSB-00013	38.5742230	-9.0372160	38.5744092	-9.0377065	47.40	surface
ATL	ACH-00029	38.7517780	-8.9430160	38.7519775	-8.9425332	47.38	underground
EDP	AZB-00020	39.0662900	-8.8772400	39.0658728	-8.8773495	47.34	surface
HRZ	PRT-00328	41.1540220	-8.6006470	41.1541003	-8.6012028	47.34	surface
REP	MTS-00044	41.1823840	-8.6769030	41.1827666	-8.6766549	47.34	surface
HRZ	ALM-00062	38.5788500	-9.1732570	38.5784438	-9.1730946	47.32	surface
MAK	LSB-01228	38.7153470	-9.1666800	38.7157725	-9.1666765	47.31	underground
GLP	MTJ-00027	38.7073400	-8.9630010	38.7073940	-8.9624602	47.31	surface
GLP	PRT-00116	41.1762770	-8.6687860	41.1758780	-8.6685908	47.28	underground
HRZ	FIG-00017	40.1669040	-8.8367420	40.1672958	-8.8365262	47.27	surface
GLP	LSB-00532	38.7565770	-9.1078510	38.7561600	-9.1079557	47.25	underground
MOO	STC-00008	38.0128500	-8.7083600	38.0128256	-8.7088983	47.24	surface
HRZ	PRT-00349	41.1640620	-8.5842850	41.1636822	-8.5840328	47.21	underground
SEG	RGR-00003	37.8084450	-25.5666100	37.8086919	-25.5661738	47.14	surface
GLP	LSB-00186	38.7227500	-9.1609680	38.7224687	-9.1605622	47.09	underground
HRZ	AVR-00037	40.6315600	-8.6388350	40.6318543	-8.6384339	47.08	surface
MAK	LSB-00739	38.7385900	-9.1526270	38.7382619	-9.1522842	47.06	underground
ATL	ACH-00028	38.7517780	-8.9430160	38.7518669	-8.9424854	47.06	underground
EDP	VCT-00012	41.7035180	-8.8357880	41.7038989	-8.8355427	47.00	surface
MAK	LSB-00252	38.7319030	-9.1465640	38.7319939	-9.1470921	46.91	underground
ATL	ACH-00026	38.7517780	-8.9430160	38.7519406	-8.9425172	46.88	underground
FCT	LRA-00217	39.7146030	-8.8318400	39.7148355	-8.8313837	46.82	surface
EDP	PRT-00040	41.1591870	-8.6303890	41.1588003	-8.6301679	46.81	underground
EDP	SXL-00016	38.6218870	-9.1338140	38.6222979	-9.1339312	46.81	surface
KLS	OER-00206	38.7408870	-9.3024370	38.7411131	-9.3028918	46.78	underground
ATL	ACH-00027	38.7517780	-8.9430160	38.7519037	-8.9425013	46.77	underground
GLP	PNI-00007	39.3355670	-9.3538290	39.3352560	-9.3534634	46.74	surface
HRZ	VNF-00066	41.3815570	-8.4966870	41.3812444	-8.4970614	46.73	surface
ATL	BRG-00111	41.5580670	-8.4170020	41.5583880	-8.4166413	46.63	underground
CAP	CVL-00009	40.2710100	-7.5025790	40.2706892	-7.5029327	46.61	underground
HRZ	MTJ-00032	38.7101550	-8.9685335	38.7097773	-8.9683015	46.57	surface
MAK	LSB-01227	38.7153470	-9.1666800	38.7157651	-9.1667036	46.54	underground
LUZ	PTM-00065	37.1310900	-8.5844300	37.1314655	-8.5846609	46.50	surface
EDP	MTS-00119	41.2185600	-8.6757710	41.2181655	-8.6755899	46.41	surface
HRZ	ETR-00025	40.7627560	-8.5744060	40.7626788	-8.5749474	46.40	surface
GLG	CLB-00001	40.6299440	-7.3569250	40.6295334	-7.3568313	46.34	surface
GLP	ENT-00011	39.4732400	-8.4765500	39.4732219	-8.4770885	46.27	surface
MOO	AZB-00021	39.0501100	-8.9142360	39.0497063	-8.9141091	46.21	surface
EDP	LLE-00212	37.0820500	-8.1071960	37.0816810	-8.1074354	46.20	surface
EDP	PTM-00034	37.1474200	-8.5434110	37.1470325	-8.5432230	46.20	underground
EDP	FAF-00013	41.4476400	-8.1707780	41.4478855	-8.1712251	46.19	surface
IBD	VNG-00204	41.1242500	-8.5966320	41.1244766	-8.5970941	46.18	underground
MAK	CVL-00054	40.2808570	-7.5032964	40.2804424	-7.5033231	46.16	underground
EDP	BGC-00014	41.7871300	-6.7811880	41.7874313	-6.7808052	46.15	surface
HRZ	MOBI-PNI-00003	39.3582230	-9.3633120	39.3578782	-9.3630136	46.13	underground
ATL	ENT-00008	39.4749830	-8.4682800	39.4745899	-8.4681086	46.12	surface
GLP	CSC-00411	38.7148200	-9.3449390	38.7149622	-9.3444398	46.11	surface
EDP	ABF-00093	37.1256640	-8.2374260	37.1256472	-8.2369068	46.07	surface
EDP	EVR-00074	38.5539050	-7.9100110	38.5538147	-7.9105280	46.06	surface
MAK	LSB-00738	38.7385900	-9.1526270	38.7382571	-9.1523121	46.00	underground
HLX	BRG-00145	41.5463800	-8.3985110	41.5466224	-8.3980635	45.97	surface
MAK	LSB-01226	38.7153470	-9.1666800	38.7157581	-9.1667311	45.93	underground
HRZ	PRT-00357	41.1640620	-8.5842850	41.1637940	-8.5838681	45.89	underground
MAK	LSB-00170	38.7153470	-9.1666800	38.7157017	-9.1669492	45.84	underground
EDP	CSC-00216	38.6873000	-9.3257000	38.6874858	-9.3261714	45.84	surface
HRZ	STB-00070	38.5347500	-8.8738830	38.5349837	-8.8734491	45.82	surface
GLP	SXL-00060	38.6028560	-9.0608980	38.6025295	-9.0612197	45.82	surface
GLP	PRT-00322	41.1643800	-8.6397800	41.1640989	-8.6393805	45.78	surface
ATL	LNH-00041	39.2503500	-9.3125520	39.2504338	-9.3120316	45.77	surface
ATL	ACN-00010	39.5195270	-8.6862330	39.5199385	-8.6862442	45.77	surface
EDP	VNG-80012	41.0694660	-8.6554750	41.0693575	-8.6560016	45.76	surface
GLP	FND-00028	40.1543540	-7.4975390	40.1547527	-7.4974077	45.72	surface
ATL	PTM-00083	37.1344000	-8.5373740	37.1348042	-8.5372798	45.71	surface
HRZ	VNG-00127	41.0424730	-8.6317230	41.0422313	-8.6321630	45.65	surface
FCT	GRD-00036	40.5346450	-7.2432256	40.5342651	-7.2430220	45.61	surface
REP	LSB-00556	38.7332800	-9.1537800	38.7336866	-9.1538462	45.58	surface
GLP	MTS-00078	41.2091700	-8.6879900	41.2088833	-8.6876008	45.57	underground
EDP	BRG-00105	41.5661350	-8.4402780	41.5658932	-8.4398366	45.51	surface
MAK	LSB-01225	38.7153470	-9.1666800	38.7157515	-9.1667584	45.49	underground
GLP	MOBI-LSB-01376	38.7611960	-9.0980850	38.7612514	-9.0975652	45.49	underground
HRZ	PRT-00350	41.1640620	-8.5842850	41.1636896	-8.5840601	45.49	underground
GLP	MOBI-LSB-00097	38.7572020	-9.1760670	38.7571877	-9.1755430	45.46	underground
GLP	NZR-00038	39.6121330	-9.0632520	39.6125339	-9.0633553	45.45	surface
MAK	CVL-00053	40.2808570	-7.5032964	40.2804483	-7.5032941	45.45	underground
MAK	LSB-00870	38.7098770	-9.1391920	38.7097266	-9.1396789	45.44	underground
MAK	LSB-00171	38.7153470	-9.1666800	38.7157085	-9.1669230	45.39	underground
MAK	CSC-00064	38.7009540	-9.4189540	38.7005492	-9.4188883	45.37	underground
EDP	TMR-00041	39.6043200	-8.4101500	39.6042035	-8.4096428	45.34	underground
HRZ	VLG-00024	41.1968040	-8.5112290	41.1966413	-8.5107322	45.33	surface
GLP	VNG-00198	41.0941050	-8.5510060	41.0945109	-8.5510519	45.30	surface
ATL	SXL-00047	38.6396330	-9.1611680	38.6394804	-9.1606851	45.24	surface
GLP	AZB-00022	39.1227150	-8.9075960	39.1224847	-8.9080277	45.20	surface
EDP	CSC-80015	38.7036670	-9.3982140	38.7037395	-9.3987262	45.17	surface
EDP	VCT-00013	41.7035180	-8.8357880	41.7038778	-8.8355355	45.17	surface
MOO	STC-00007	38.0128500	-8.7083600	38.0128400	-8.7088753	45.16	surface
GLP	TNV-00025	39.4711380	-8.5341690	39.4712984	-8.5336862	45.12	surface
MAK	LSB-01224	38.7153470	-9.1666800	38.7157441	-9.1667856	45.10	underground
MAK	LSB-00172	38.7153470	-9.1666800	38.7157154	-9.1668969	45.08	underground
FCT	LRA-00216	39.7146030	-8.8318400	39.7148593	-8.8314317	45.08	surface
EDP	STR-00052	39.3917300	-8.6384190	39.3920921	-8.6381834	45.07	surface
IBD	STR-00048	39.2572630	-8.6817790	39.2569268	-8.6814869	45.06	surface
MAK	LSB-00737	38.7385900	-9.1526270	38.7382523	-9.1523402	45.04	underground
KLS	ARC-00007	40.9921760	-8.2174300	40.9921649	-8.2168937	45.03	surface
EDP	STB-00021	38.5330280	-8.9096540	38.5332796	-8.9100590	44.99	surface
ATL	CSC-00170	38.7152000	-9.4242550	38.7149767	-9.4246867	44.94	surface
EML	LSB-00621	38.7795900	-9.1580560	38.7795529	-9.1585720	44.92	surface
EDP	LRA-00017	39.7433050	-8.8069300	39.7436453	-8.8072130	44.91	underground
IBD	BRG-00171	41.5473020	-8.4000880	41.5475409	-8.3996530	44.90	surface
MAK	LSB-00173	38.7153470	-9.1666800	38.7157221	-9.1668707	44.87	underground
MAK	LSB-00166	38.7399560	-9.1376240	38.7396106	-9.1378911	44.85	underground
MAK	LSB-00747	38.7153470	-9.1666800	38.7157357	-9.1668179	44.85	underground
ATL	PRT-00334	41.1767430	-8.6168110	41.1770418	-8.6171704	44.82	underground
EDP	VNG-00232	41.1023200	-8.5894130	41.1020452	-8.5898043	44.82	surface
MAK	LSB-00746	38.7153470	-9.1666800	38.7157290	-9.1668444	44.81	underground
MAK	CVL-00052	40.2808570	-7.5032964	40.2804549	-7.5032640	44.80	underground
HRZ	PRT-00324	41.1540220	-8.6006470	41.1541004	-8.6011718	44.79	surface
REP	VIS-00017	40.7168270	-7.8314380	40.7172164	-7.8313078	44.67	surface
ATL	ESP-00014	41.0090000	-8.6450000	41.0093763	-8.6451853	44.64	underground
ATL	PRT-00296	41.1503070	-8.6121230	41.1500032	-8.6124713	44.63	surface
EDP	AMM-00004	41.0987660	-7.6861420	41.0991555	-7.6862699	44.62	surface
EDP	LSB-00939	38.7593770	-9.1584960	38.7596758	-9.1581531	44.59	underground
EDP	PBL-00027	39.9260560	-8.6286130	39.9259005	-8.6281312	44.57	surface
ATL	ODV-00059	38.8139570	-9.1885580	38.8136803	-9.1889300	44.56	surface
EDP	VCD-00010	41.3641360	-8.7472840	41.3639730	-8.7467965	44.54	surface
HRZ	CTB-00030	39.8097000	-7.5247800	39.8095868	-7.5252797	44.50	surface
MAK	LSB-00253	38.7319030	-9.1465640	38.7319845	-9.1470658	44.46	underground
EDP	PRT-00045	41.1462360	-8.6149250	41.1460650	-8.6144453	44.44	underground
ATL	PRT-00293	41.1503070	-8.6121230	41.1500056	-8.6124713	44.43	surface
GLG	MMN-00006	38.6182200	-8.0783990	38.6178868	-8.0786809	44.41	surface
EDP	CSC-00199	38.7019400	-9.4576250	38.7015922	-9.4578763	44.40	underground
EDP	CBR-00133	40.2138440	-8.4359370	40.2135747	-8.4363230	44.40	underground
GLP	PSR-00018	39.2581500	-8.0162390	39.2578419	-8.0165668	44.39	surface
GLP	STR-00071	39.2489700	-8.6940010	39.2487073	-8.6943891	44.39	surface
MAK	CVL-00051	40.2808570	-7.5032964	40.2804602	-7.5032404	44.38	underground
ATL	VNG-00141	41.0459500	-8.5686240	41.0458196	-8.5681241	44.36	surface
KLS	OER-00209	38.7408870	-9.3024370	38.7410973	-9.3028707	44.29	underground
HRZ	CTB-00071	39.8049130	-7.5120470	39.8045276	-7.5121773	44.28	surface
ATL	PRD-00022	41.1840400	-8.4482870	41.1839815	-8.4477640	44.25	surface
MAK	LSB-00736	38.7385900	-9.1526270	38.7382472	-9.1523684	44.23	underground
HRZ	FNC-00083	32.6479300	-16.9141370	32.6475403	-16.9140453	44.18	underground
EDP	SJM-00021	40.8931920	-8.4932220	40.8932985	-8.4927157	44.17	surface
EDP	CBR-00132	40.2138440	-8.4359370	40.2136098	-8.4363572	44.17	underground
HRZ	LRS-00090	38.8514700	-9.0762850	38.8511401	-9.0765687	44.15	surface
GLP	FNC-00082	32.6561970	-16.9004700	32.6558040	-16.9005357	44.13	surface
GLP	PNI-00006	39.3355670	-9.3538290	39.3352727	-9.3534849	44.12	surface
MAK	CVL-00050	40.2808570	-7.5032964	40.2804660	-7.5032105	44.08	underground
EDP	SXL-00017	38.6218870	-9.1338140	38.6222641	-9.1339677	44.01	surface
HRZ	CDN-00005	40.1174600	-8.4969420	40.1174296	-8.4964265	43.96	surface
CPS	SPS-00010	41.1623200	-8.5077660	41.1619250	-8.5077880	43.96	surface
HRZ	VIS-00120	40.6293070	-7.9103956	40.6293984	-7.9109022	43.94	surface
GLP	LSB-00901	38.6933170	-9.2212570	38.6929955	-9.2215509	43.92	underground
EDP	VLG-00028	41.2050550	-8.5472630	41.2046627	-8.5473206	43.89	surface
HRZ	VNF-00067	41.3815570	-8.4966870	41.3813033	-8.4970895	43.86	surface
HRZ	PRT-00351	41.1640620	-8.5842850	41.1636968	-8.5840871	43.86	underground
MAK	CVL-00049	40.2808570	-7.5032964	40.2804721	-7.5031853	43.82	underground
GLP	TND-00022	40.5184900	-8.0907750	40.5184881	-8.0912929	43.78	surface
ATL	LRS-00102	38.8164630	-9.1551930	38.8161422	-9.1554858	43.77	underground
MLT	OER-00045	38.7125170	-9.2425680	38.7127417	-9.2421540	43.76	surface
FCT	LRA-00215	39.7146030	-8.8318400	39.7148827	-8.8314810	43.71	surface
PLG	MLD-00006	40.3370060	-8.4251870	40.3366299	-8.4250381	43.68	surface
IBD	BRG-00058	41.5250000	-8.4184170	41.5252611	-8.4180254	43.65	underground
HRZ	CNT-00032	40.3509180	-8.5864110	40.3505652	-8.5866353	43.59	surface
GLP	ALM-00118	38.6233800	-9.1947990	38.6232941	-9.1943095	43.58	underground
ATL	SNT-00127	38.8070900	-9.3513770	38.8073106	-9.3517927	43.58	surface
MAK	LSB-00735	38.7385900	-9.1526270	38.7382423	-9.1523967	43.52	underground
GLP	OAZ-00022	40.8521700	-8.4777000	40.8524860	-8.4780044	43.48	surface
EDP	SSB-00006	38.4783700	-9.1031270	38.4783565	-9.1036260	43.46	surface
MOT	VLC-00022	40.8400000	-8.3990000	40.8401913	-8.3994500	43.42	surface
EVC	VVD-00002	41.6523780	-8.4343460	41.6526937	-8.4346531	43.40	underground
IBD	CHV-00009	41.7429160	-7.4697360	41.7425493	-7.4695578	43.37	surface
HRZ	MFR-00030	38.9428830	-9.3495680	38.9431333	-9.3499519	43.32	surface
REP	LSB-00555	38.7332800	-9.1537800	38.7336675	-9.1538297	43.30	surface
MAK	LSB-00199	38.7098770	-9.1391920	38.7098810	-9.1396909	43.29	underground
ATL	OVR-00018	40.8660430	-8.6102790	40.8656807	-8.6104653	43.22	surface
EDP	ETR-00011	40.7557100	-8.5351900	40.7553224	-8.5351527	43.21	surface
EDP	PRT-00038	41.1451200	-8.6118500	41.1453660	-8.6114506	43.21	underground
MAK	LSB-00167	38.7399560	-9.1376240	38.7396327	-9.1379003	43.20	underground
EDP	BJA-00022	37.8849070	-8.0377900	37.8845606	-8.0380127	43.19	surface
GLP	MOBI-LSB-01377	38.7611960	-9.0980850	38.7612472	-9.0975916	43.16	underground
EDP	TMR-00040	39.6043200	-8.4101500	39.6042000	-8.4096714	43.12	underground
MOT	VNG-00189	41.1394800	-8.6321000	41.1393015	-8.6316434	43.08	surface
CIR	PRD-00007	41.1852000	-8.4483800	41.1853338	-8.4488628	43.05	surface
EDP	ALJ-00004	41.2810400	-7.4736910	41.2808127	-7.4732746	43.01	surface
ATL	ORM-00018	39.6240460	-8.6622200	39.6240236	-8.6627212	43.00	surface
EDP	GDL-00009	38.1671700	-8.4908700	38.1674956	-8.4911353	43.00	surface
MAK	LSB-00734	38.7385900	-9.1526270	38.7382372	-9.1524244	42.99	underground
EDP	EVR-00014	38.5669750	-7.9155900	38.5667648	-7.9151753	42.97	underground
EDP	VNF-00050	41.4329200	-8.4160560	41.4325482	-8.4159156	42.97	surface
GLP	MOBI-LSB-00096	38.7572020	-9.1760670	38.7571881	-9.1755718	42.97	underground
MAK	LSB-00869	38.7098770	-9.1391920	38.7097325	-9.1396512	42.96	underground
ATL	BRG-00109	41.5462530	-8.4197600	41.5463377	-8.4192564	42.96	underground
GLP	LSB-00672	38.7472300	-9.1636810	38.7475759	-9.1639006	42.92	underground
IBD	LLE-00192	37.0409600	-8.0145210	37.0413366	-8.0146266	42.91	surface
ATL	SVV-00003	40.7246400	-8.3636730	40.7249368	-8.3633478	42.90	surface
MAK	CSC-00065	38.7009540	-9.4189540	38.7005713	-9.4188942	42.87	underground
ATL	VND-00014	38.6750800	-8.4485200	38.6748990	-8.4489560	42.87	surface
GLP	ACB-00038	39.4333760	-8.9788580	39.4331284	-8.9792402	42.84	surface
EDP	LRS-00114	38.7861480	-9.1171500	38.7865331	-9.1171408	42.83	underground
ATL	CLD-00028	39.4259830	-9.1294510	39.4263663	-9.1294023	42.83	surface
ATL	PRT-00218	41.1850660	-8.6082030	41.1848727	-8.6086456	42.82	surface
MAK	BRR-00141	38.6620900	-9.0782300	38.6617197	-9.0783625	42.75	underground
EDP	ORM-00003	39.6349370	-8.6816410	39.6346072	-8.6813848	42.73	surface
MAK	LSB-00247	38.7385900	-9.1526270	38.7382315	-9.1524525	42.64	underground
ATL	LSB-01002	38.7669300	-9.1729100	38.7666061	-9.1731719	42.58	surface
ATL	GMR-00121	41.4477600	-8.2984300	41.4480672	-8.2981254	42.56	surface
EZC	ALM-00126	38.6690750	-9.1655620	38.6694484	-9.1654567	42.51	underground
EDP	CTB-00018	39.8063100	-7.5123830	39.8059824	-7.5121268	42.50	surface
EMA	PST-00008	33.0584200	-16.3366320	33.0587121	-16.3363380	42.49	surface
HRZ	VLG-00029	41.2382740	-8.5319900	41.2379614	-8.5316978	42.49	surface
GLP	LSB-00529	38.7565770	-9.1078510	38.7562029	-9.1077558	42.41	underground
ATL	PSR-00021	39.2678570	-8.0132830	39.2681083	-8.0129129	42.38	surface
MAK	LSB-00246	38.7385900	-9.1526270	38.7382266	-9.1524800	42.37	underground
HLX	OER-00271	38.7048380	-9.3046150	38.7046049	-9.3042290	42.35	underground
CIR	PRD-00006	41.1852000	-8.4483800	41.1853014	-8.4488678	42.35	surface
EDP	PTM-00033	37.1474200	-8.5434110	37.1470556	-8.5432731	42.32	underground
HRZ	PRT-00145	41.1609570	-8.6106230	41.1606425	-8.6109075	42.31	surface
EDP	CTM-00012	37.1806220	-7.4973390	37.1809213	-7.4970441	42.31	surface
GLP	MTS-00077	41.2091700	-8.6879900	41.2088831	-8.6876583	42.28	underground
MLT	LOU-00003	41.2725900	-8.2790520	41.2722634	-8.2793107	42.26	surface
EML	LSB-00622	38.7795900	-9.1580560	38.7795901	-9.1585435	42.26	surface
EDP	SNT-00140	38.7505800	-9.3050560	38.7509579	-9.3051032	42.22	surface
MAK	LSB-00245	38.7385900	-9.1526270	38.7382218	-9.1525083	42.22	underground
HRZ	PRT-00352	41.1640620	-8.5842850	41.1637045	-8.5841157	42.20	underground
GLP	SBA-00010	37.1496500	-7.8938420	37.1494526	-7.8934354	42.20	surface
CPS	CDN-00015	40.1146000	-8.5028570	40.1142389	-8.5030088	42.18	surface
MAK	LSB-00775	38.7319030	-9.1465640	38.7319744	-9.1470397	42.02	underground
GLP	AZB-00032	39.1233560	-8.9077570	39.1236419	-8.9074394	41.97	surface
GLP	MTS-00025	41.2013630	-8.6253540	41.2017044	-8.6255668	41.93	surface
MOO	MOBI-PRT-00089	41.1754100	-8.6463200	41.1756386	-8.6459217	41.92	surface
ATL	VNG-00169	41.1162200	-8.6478800	41.1159836	-8.6474911	41.86	surface
HRZ	PBL-00017	39.8420000	-8.7107490	39.8423585	-8.7108978	41.84	surface
HLX	OER-00056	38.7432500	-9.3068060	38.7434117	-9.3063707	41.82	surface
HRZ	PRT-00323	41.1540220	-8.6006470	41.1541005	-8.6011353	41.80	surface
EDP	LLE-00044	37.0921440	-8.0939470	37.0918273	-8.0941994	41.73	underground
MOA	AMD-00115	38.7610100	-9.2418200	38.7606368	-9.2418704	41.73	underground
MOT	TVD-00060	39.0224760	-9.3199450	39.0228408	-9.3198328	41.71	surface
EDP	BJA-00026	38.0037960	-7.8664360	38.0037959	-7.8659603	41.68	surface
MAK	LSB-00168	38.7399560	-9.1376240	38.7396544	-9.1379092	41.67	underground
ATL	MRA-00005	38.1405600	-7.4450390	38.1401856	-7.4450548	41.65	surface
EDP	PBL-00041	39.9261900	-8.6284990	39.9259001	-8.6281897	41.65	surface
EZC	ALM-00125	38.6690750	-9.1655620	38.6694444	-9.1654851	41.61	underground
EDP	EVR-00015	38.5669750	-7.9155900	38.5667868	-7.9151763	41.61	underground
ATL	CSC-00164	38.7282400	-9.3282700	38.7284428	-9.3278678	41.54	surface
IBD	CSC-00261	38.7041740	-9.4058170	38.7039799	-9.4062260	41.54	underground
GLP	VNF-00055	41.4262000	-8.4334940	41.4258871	-8.4332219	41.54	surface
HRZ	VIS-00046	40.6509930	-7.8862810	40.6506807	-7.8865511	41.53	surface
ATL	ALM-00091	38.6190000	-9.1949300	38.6193733	-9.1949450	41.53	underground
KLS	CLB-00011	40.6260600	-7.4023530	40.6263332	-7.4026880	41.50	underground
GLP	MTS-00056	41.2099880	-8.6874130	41.2097145	-8.6870759	41.47	underground
ATL	AVR-00053	40.6508300	-8.6203340	40.6511844	-8.6201835	41.40	surface
GLP	LLE-00237	37.1355550	-8.0308920	37.1352070	-8.0310579	41.40	surface
EDP	ALM-00043	38.6132740	-9.1892400	38.6129670	-9.1889715	41.35	surface
HRZ	CNT-00033	40.3509180	-8.5864110	40.3505768	-8.5866018	41.24	surface
EDP	STR-00054	39.3917300	-8.6384190	39.3920528	-8.6381828	41.24	surface
GLP	LSB-00528	38.7565770	-9.1078510	38.7562103	-9.1077831	41.20	underground
PLG	AMD-00038	38.7770040	-9.2204220	38.7769752	-9.2199482	41.20	underground
REP	LSB-00554	38.7332800	-9.1537800	38.7336493	-9.1538133	41.17	surface
EDP	PRT-00044	41.1462360	-8.6149250	41.1461064	-8.6144648	41.14	underground
ATL	TVR-00021	37.1233100	-7.6598690	37.1235795	-7.6601869	41.14	surface
MAK	BRR-00140	38.6620900	-9.0782300	38.6617388	-9.0783780	41.11	underground
EDP	LSB-00985	38.7870750	-9.1487580	38.7871650	-9.1482982	41.09	surface
EDP	TVD-00047	39.1002770	-9.2567440	39.1000083	-9.2570700	41.04	surface
EDP	STB-00020	38.5330280	-8.9096540	38.5332786	-8.9100001	41.02	surface
MAK	LSB-00304	38.7098770	-9.1391920	38.7098864	-9.1396644	41.00	underground
GLP	PBL-00028	39.9166000	-8.6222920	39.9165692	-8.6227708	40.98	surface
HRZ	VFX-00018	38.9669500	-8.9823790	38.9665844	-8.9823211	40.96	surface
EDP	TVR-00003	37.1250950	-7.6527860	37.1248320	-7.6531094	40.95	surface
EDP	TMR-00039	39.6043200	-8.4101500	39.6041968	-8.4096997	40.94	underground
EDP	VNG-00091	41.1431100	-8.6477800	41.1432684	-8.6482210	40.91	surface
EDP	AMR-00003	41.6591400	-8.2705800	41.6588849	-8.2709348	40.91	surface
GLP	VFR-00096	40.9308100	-8.5522180	40.9310432	-8.5518419	40.87	surface
EZC	ALM-00124	38.6690750	-9.1655620	38.6694403	-9.1655133	40.84	underground
ATL	ARV-00013	38.9913900	-9.0764700	38.9914819	-9.0769273	40.82	surface
HRZ	VIS-00121	40.6293070	-7.9103956	40.6294248	-7.9108534	40.79	surface
EDP	ABT-00006	39.4753570	-8.1909860	39.4755802	-8.1906088	40.79	surface
MAK	LSB-00920	38.7263600	-9.1511700	38.7266275	-9.1508484	40.78	surface
HRZ	PRT-00356	41.1640620	-8.5842850	41.1638114	-8.5839295	40.77	underground
HRZ	MTA-00010	38.6457800	-8.9941890	38.6460911	-8.9944372	40.76	surface
ATL	VCT-80003	41.6933200	-8.8465680	41.6932942	-8.8460784	40.75	surface
EDP	CSC-00141	38.6920400	-9.4191600	38.6918207	-9.4195362	40.75	surface
EDP	VVD-00012	41.6409450	-8.4353650	41.6407039	-8.4357343	40.75	surface
EDP	LSB-00177	38.7562700	-9.1925560	38.7562126	-9.1930196	40.70	surface
FAC	SCR-00001	32.6537170	-16.8420850	32.6534459	-16.8417936	40.66	underground
MAK	LSB-00921	38.7263600	-9.1511700	38.7266209	-9.1508429	40.58	surface
GLP	STB-00099	38.5393700	-8.8657250	38.5394173	-8.8661875	40.57	surface
GLG	AVR-00040	40.6623000	-8.5925140	40.6619464	-8.5926322	40.56	surface
GLG	GMR-00013	41.4326860	-8.3015910	41.4328183	-8.3020444	40.56	surface
EDP	CBR-00071	40.2244760	-8.4231520	40.2247632	-8.4234462	40.54	underground
EDP	MCN-00011	41.1748300	-8.1510380	41.1751916	-8.1510980	40.52	surface
MAK	LSB-00868	38.7098770	-9.1391920	38.7097382	-9.1396237	40.51	underground
MOT	TVD-00077	39.0932900	-9.2565840	39.0929535	-9.2564048	40.49	surface
EDP	TVR-00008	37.1235240	-7.6456480	37.1231914	-7.6458338	40.49	underground
EDP	LLE-00045	37.0921440	-8.0939470	37.0918272	-8.0941719	40.48	underground
GLP	MOBI-LSB-00095	38.7572020	-9.1760670	38.7571884	-9.1756006	40.47	underground
ATL	SXL-00048	38.6396330	-9.1611680	38.6395057	-9.1607322	40.41	surface
EDP	BRG-00071	41.5603940	-8.4468740	41.5602038	-8.4464607	40.37	surface
GLP	VFX-00098	38.8522220	-9.0744440	38.8518703	-9.0745595	40.37	surface
MAK	CSC-00066	38.7009540	-9.4189540	38.7005935	-9.4189000	40.36	underground
GLG	CBR-00016	40.2507970	-8.4418390	40.2511344	-8.4420133	40.33	surface
MLT	SNT-00022	38.8210530	-9.3691020	38.8208440	-9.3694821	40.30	surface
MAK	LSB-00161	38.7363740	-9.1430400	38.7362331	-9.1434680	40.29	underground
HRZ	CSC-00114	38.7287860	-9.3350830	38.7289397	-9.3355025	40.20	surface
EDP	VIS-00135	40.6348100	-7.9294160	40.6344735	-7.9295892	40.17	surface
EML	LSB-00623	38.7795900	-9.1580560	38.7796282	-9.1585167	40.16	surface
IBD	VNC-00009	41.9191470	-8.7536080	41.9194973	-8.7534900	40.16	surface
GLP	LSB-00527	38.7565770	-9.1078510	38.7562173	-9.1078099	40.16	underground
GLP	VIS-00064	40.3463820	-8.1881170	40.3466756	-8.1883926	40.14	surface
EMT	GRD-00006	40.5411950	-7.2847140	40.5410214	-7.2842977	40.13	surface
ATL	ODV-00043	38.7944530	-9.1675960	38.7948038	-9.1677025	40.08	surface
GLP	VIS-00065	40.3463820	-8.1881170	40.3466740	-8.1883941	40.07	surface
EDP	CSC-00142	38.6920400	-9.4191600	38.6917791	-9.4194782	40.05	surface
FCT	BRG-00162	41.5795300	-8.4305550	41.5797343	-8.4301585	40.05	surface
ATL	LSB-01001	38.7669300	-9.1729100	38.7666261	-9.1731578	40.04	surface
GLP	SNS-00020	37.8543200	-8.7875660	37.8544725	-8.7879790	40.03	surface
GLP	AMD-00111	38.7409200	-9.2247240	38.7412768	-9.2246627	40.03	surface
EDP	PTL-00019	41.7613560	-8.5889310	41.7614717	-8.5893880	40.03	surface
ATL	LRA-00101	39.7610900	-8.8216100	39.7609760	-8.8211663	39.99	surface
GLP	BRR-00158	38.5884360	-9.0212880	38.5885450	-9.0217250	39.87	surface
HRZ	AMD-00102	38.7578700	-9.2305600	38.7576450	-9.2302022	39.86	surface
ATL	MNC-00008	42.0636600	-8.5069100	42.0633181	-8.5067661	39.83	surface
GLP	MTL-00003	37.6435200	-7.6558280	37.6432593	-7.6561376	39.79	surface
REP	LSB-00328	38.7416880	-9.1184470	38.7413312	-9.1184822	39.79	surface
GLP	GDM-00061	41.1537800	-8.5164920	41.1537850	-8.5169667	39.75	surface
MOT	SNT-00042	38.7748680	-9.3412440	38.7749992	-9.3416705	39.75	surface
EDP	EVR-00012	38.5726660	-7.9070760	38.5725559	-7.9066412	39.73	surface
IBD	BCL-00051	41.5323100	-8.6255130	41.5326104	-8.6257713	39.72	surface
MLT	OVR-00004	40.8603800	-8.6246260	40.8604817	-8.6241737	39.68	surface
GLP	GMR-00148	41.4473880	-8.3442220	41.4476866	-8.3444822	39.66	surface
EDP	TVR-00002	37.1250950	-7.6527860	37.1248268	-7.6530807	39.65	surface
GLP	LGS-00041	37.1074400	-8.6817500	37.1072721	-8.6813557	39.64	surface
GLP	BRG-00139	41.5424700	-8.3997970	41.5421503	-8.4000069	39.61	surface
MAK	LSB-00776	38.7319030	-9.1465640	38.7319653	-9.1470136	39.61	underground
EDP	VFR-00015	40.9778900	-8.5368480	40.9775690	-8.5370525	39.61	surface
GLP	LRS-00147	38.8266680	-9.1652780	38.8266493	-9.1648220	39.56	surface
MAK	BRR-00139	38.6620900	-9.0782300	38.6617579	-9.0783931	39.55	underground
GLP	LSB-00900	38.6933170	-9.2212570	38.6930259	-9.2215184	39.53	underground
HRZ	LRS-00051	38.8345500	-9.1561400	38.8342635	-9.1564101	39.52	underground
MAK	LSB-00114	38.7107850	-9.1431950	38.7106316	-9.1436058	39.52	underground
IBD	STR-00057	39.2422140	-8.6967150	39.2424453	-8.6970630	39.49	surface
HRZ	LSB-00606	38.7285500	-9.1473800	38.7283474	-9.1477537	39.48	surface
FCT	ALD-00016	40.6036000	-6.9532000	40.6038847	-6.9529221	39.40	surface
BLU	AMD-00028	38.7795400	-9.2200400	38.7796072	-9.2195939	39.38	underground
EDP	SNT-00112	38.7521600	-9.2835490	38.7519780	-9.2839386	39.38	underground
EDP	VCT-00056	41.7025030	-8.8196130	41.7028509	-8.8195249	39.37	surface
FAC	MCH-00013	32.7243600	-16.8169020	32.7241419	-16.8172333	39.35	surface
GLP	AVR-00093	40.6133540	-8.6555920	40.6134870	-8.6551604	39.32	surface
CPS	MTJ-00126	38.6635400	-8.9569110	38.6632007	-8.9570384	39.32	surface
GLP	MTS-00076	41.2091700	-8.6879900	41.2088829	-8.6877160	39.30	underground
ATL	LSB-00643	38.7041440	-9.1750740	38.7038623	-9.1753474	39.29	underground
FCT	MTJ-00104	38.6830900	-8.9561860	38.6829494	-8.9566013	39.29	surface
GLP	LSB-00526	38.7565770	-9.1078510	38.7562243	-9.1078364	39.24	underground
GLP	TND-00021	40.5184900	-8.0907750	40.5184732	-8.0912386	39.23	surface
GLP	VIS-00066	40.3463820	-8.1881170	40.3466419	-8.1884297	39.21	surface
EDP	MDR-00003	41.4937440	-6.2733990	41.4936325	-6.2729524	39.21	surface
GLP	LRA-00157	39.7627600	-8.8179780	39.7630923	-8.8181311	39.20	surface
GLP	VIS-00067	40.3463820	-8.1881170	40.3466403	-8.1884311	39.16	surface
GLP	OER-00086	38.7023620	-9.3063570	38.7026263	-9.3060588	39.16	surface
GLP	CHM-00006	39.4552540	-8.4001190	39.4550252	-8.3997730	39.11	surface
EDP	LRS-00113	38.7861480	-9.1171500	38.7864982	-9.1171768	39.01	underground
HRZ	CNT-00034	40.3509180	-8.5864110	40.3505886	-8.5865690	39.00	surface
GLP	VRM-00007	41.6366400	-8.1426030	41.6368655	-8.1422436	39.00	surface
CPS	LSB-01325	38.7485050	-9.2073110	38.7481996	-9.2070904	38.98	surface
HRZ	VRL-00015	41.3114780	-7.7242074	41.3117066	-7.7245604	38.93	surface
EDP	PTG-00017	39.2896960	-7.3943360	39.2900250	-7.3944902	38.92	surface
CPS	VCT-00069	41.6600380	-8.7770170	41.6603693	-8.7771663	38.87	surface
ATL	AMT-00041	41.2480430	-8.1751270	41.2477844	-8.1754398	38.87	surface
ATL	ALM-00092	38.6190000	-9.1949300	38.6193483	-9.1948963	38.84	underground
ATL	ESP-00011	41.0020700	-8.6402210	41.0018397	-8.6405687	38.82	surface
EML	LSB-00391	38.7189060	-9.1704910	38.7185575	-9.1704657	38.81	underground
EDP	PTM-00032	37.1474200	-8.5434110	37.1470786	-8.5433223	38.77	underground
ATL	MTJ-00039	38.7122800	-8.9695360	38.7119426	-8.9694264	38.70	surface
MOB	MOBI-LSB-01610	38.7847800	-9.0980100	38.7849807	-9.0983748	38.70	underground
GLP	LSB-00899	38.6933170	-9.2212570	38.6930318	-9.2215125	38.70	underground
GLP	EPS-00039	41.5016670	-8.7597220	41.5015147	-8.7601397	38.69	surface
IBD	PNF-00050	41.2118300	-8.2696080	41.2117362	-8.2700532	38.67	underground
GLP	PTM-90001	37.1198040	-8.5366110	37.1198071	-8.5361751	38.65	surface
HRZ	AVR-00036	40.7816960	-8.5653660	40.7820164	-8.5651886	38.63	surface
IBD	STR-00058	39.2422140	-8.6967150	39.2424056	-8.6970891	38.62	surface
GLP	SNT-00084	38.7678950	-9.3142530	38.7682370	-9.3141793	38.56	surface
ACC	PRT-00361	41.1470570	-8.6322280	41.1471291	-8.6317776	38.56	surface
IBD	BTL-00010	39.6637880	-8.8243870	39.6640971	-8.8245906	38.54	surface
IBD	OVR-00012	40.8596570	-8.6587105	40.8596306	-8.6591673	38.53	surface
MAK	LSB-00305	38.7098770	-9.1391920	38.7098917	-9.1396354	38.51	underground
PRI	LSB-00215	38.8604470	-9.1135720	38.8606753	-9.1139061	38.49	surface
GLP	LSB-00525	38.7565770	-9.1078510	38.7562311	-9.1078649	38.48	underground
EDP	PRT-00039	41.1451200	-8.6118500	41.1453468	-8.6115036	38.44	underground
EDP	LRA-00130	39.7543700	-8.8007110	39.7541808	-8.8003351	38.41	surface
HRZ	CNT-00035	40.3509180	-8.5864110	40.3505951	-8.5865718	38.40	surface
MLT	LOU-00004	41.2725900	-8.2790520	41.2723068	-8.2793140	38.35	surface
ATL	PTG-00021	39.2990100	-7.4289200	39.2992275	-7.4292659	38.35	surface
GLP	MTS-00055	41.2099880	-8.6874130	41.2097145	-8.6871339	38.34	underground
GLP	ALM-00102	38.6588900	-9.2036110	38.6585466	-9.2035721	38.33	surface
EDP	PRT-00182	41.1528300	-8.6519830	41.1531729	-8.6520296	38.33	surface
EDP	BJA-00021	37.8849070	-8.0377900	37.8845963	-8.0379786	38.31	surface
EDP	MLG-90001	42.1144070	-8.2584130	42.1145016	-8.2579670	38.26	surface
MOA	AMD-00116	38.7610100	-9.2418200	38.7606734	-9.2419091	38.22	underground
GLP	SNT-00083	38.7678950	-9.3142530	38.7682237	-9.3141250	38.20	surface
GLP	BJA-00027	38.0208200	-7.8718490	38.0206319	-7.8714842	38.19	surface
EDP	PRT-00043	41.1462360	-8.6149250	41.1461471	-8.6144846	38.18	underground
EDP	GRD-00026	40.4048580	-7.5240070	40.4051951	-7.5240906	38.15	surface
MOT	VNG-00188	41.1394800	-8.6321000	41.1393198	-8.6316981	38.08	surface
MAK	BRR-00138	38.6620900	-9.0782300	38.6617771	-9.0784081	38.07	underground
EDP	TVR-00009	37.1235240	-7.6456480	37.1232108	-7.6458209	38.05	underground
HRZ	ALM-00032	38.6655460	-9.1798030	38.6652084	-9.1797316	38.05	underground
MAK	LSB-00867	38.7098770	-9.1391920	38.7097440	-9.1395959	38.04	underground
MAK	SSB-00023	38.4433000	-9.1054260	38.4435049	-9.1057757	38.03	surface
GLP	MTS-00183	41.2044830	-8.6967370	41.2042139	-8.6970172	38.01	surface
MAK	LSB-00914	38.7263600	-9.1511700	38.7266144	-9.1508778	37.98	surface
GLP	MOBI-LSB-00094	38.7572020	-9.1760670	38.7571888	-9.1756294	37.97	underground
GLP	LSB-00673	38.7472300	-9.1636810	38.7475374	-9.1638714	37.96	underground
SLX	RPN-00005	41.5056900	-7.7995734	41.5059039	-7.7992182	37.96	surface
MAK	LSB-00162	38.7363740	-9.1430400	38.7362352	-9.1434391	37.90	underground
EDP	MFR-00027	38.9302100	-9.2519180	38.9300366	-9.2515412	37.87	surface
MAK	CSC-00212	38.7009540	-9.4189540	38.7006157	-9.4189058	37.85	underground
MLT	SNT-00019	38.8210530	-9.3691020	38.8208526	-9.3694546	37.81	surface
GLP	LSB-00524	38.7565770	-9.1078510	38.7562387	-9.1078930	37.79	underground
MAK	LSB-00915	38.7263600	-9.1511700	38.7266079	-9.1508722	37.78	surface
ATL	SXL-00094	38.5945780	-9.1463980	38.5949042	-9.1465192	37.77	surface
GLP	VNG-00120	41.1276170	-8.6128710	41.1274192	-8.6125044	37.77	underground
EDP	BJA-00058	38.0042760	-7.8653610	38.0045052	-7.8650432	37.75	surface
HRZ	STS-00012	41.3429570	-8.4935680	41.3426377	-8.4937212	37.74	surface
GLP	AZB-00023	39.1227150	-8.9075960	39.1225255	-8.9079588	37.73	surface
FCT	MGL-00017	40.6251000	-7.7808680	40.6247982	-7.7810723	37.73	surface
EDP	EVR-00070	38.5669750	-7.9155900	38.5668662	-7.9151790	37.73	underground
EDP	PVZ-00016	41.3948170	-8.7672150	41.3944786	-8.7672457	37.72	surface
EDP	MMV-00004	40.2012750	-8.6472460	40.2009367	-8.6472182	37.69	surface
ATL	GMR-00143	41.4466440	-8.2963770	41.4465575	-8.2968142	37.69	surface
HRZ	MTA-00011	38.6457800	-8.9941890	38.6460576	-8.9944376	37.67	surface
GLP	VCT-00065	41.6813400	-8.7751560	41.6812592	-8.7747161	37.62	surface
EDP	MLD-00019	40.3758620	-8.4504440	40.3759025	-8.4508842	37.56	surface
LOG	PTL-00018	41.6508800	-8.6228930	41.6512127	-8.6228161	37.54	surface
ATL	FAR-00099	37.0255500	-7.9247800	37.0252213	-7.9248757	37.52	underground
HRZ	LSB-00607	38.7285500	-9.1473800	38.7283275	-9.1477049	37.50	surface
GLG	LRA-00016	39.7388900	-8.8150100	39.7392090	-8.8151523	37.50	surface
EDP	CTM-00011	37.1812250	-7.4973390	37.1809750	-7.4970552	37.48	surface
ATL	ODV-00027	38.7817500	-9.1928890	38.7820863	-9.1929163	37.47	underground
ATL	LSB-00999	38.7669300	-9.1729100	38.7666468	-9.1731439	37.46	surface
GLG	VCD-00006	41.3600100	-8.7444500	41.3600056	-8.7448986	37.44	surface
ATL	PRT-00227	41.1628800	-8.6678070	41.1628707	-8.6673600	37.43	surface
EDP	LSB-00180	38.7562700	-9.1925560	38.7562484	-9.1929867	37.42	surface
GLP	LSB-00523	38.7565770	-9.1078510	38.7562448	-9.1079192	37.41	underground
EDP	CVL-00013	40.2650100	-7.4904250	40.2646765	-7.4904757	37.33	surface
GLP	ABF-00045	37.0925870	-8.1771210	37.0929192	-8.1770616	37.31	surface
HRZ	FUN-00019	32.6479300	-16.9141370	32.6476039	-16.9142283	37.25	underground
MAK	LSB-00777	38.7319030	-9.1465640	38.7319561	-9.1469880	37.25	underground
EDP	NZR-00018	39.6028480	-9.0693580	39.6026260	-9.0690327	37.23	surface
IBD	CSC-00262	38.7041740	-9.4058170	38.7039825	-9.4061687	37.21	underground
EDP	GDM-00024	41.1745570	-8.5661030	41.1742660	-8.5663224	37.21	underground
IBD	SNT-00207	38.8016400	-9.3765580	38.8018245	-9.3769161	37.20	surface
GLP	VNG-00028	41.1169740	-8.6227770	41.1170678	-8.6223508	37.20	underground
GLP	RMZ-00009	38.4239920	-7.5458720	38.4241213	-7.5454786	37.16	surface
GLP	VNG-00027	41.1169740	-8.6227770	41.1171080	-8.6223706	37.16	underground
ATL	GMR-00119	41.4477600	-8.2984300	41.4480306	-8.2981688	37.14	surface
MAK	LSB-00115	38.7107850	-9.1431950	38.7106353	-9.1435776	37.14	underground
IBD	OVR-00011	40.8596570	-8.6587105	40.8596709	-8.6591517	37.14	surface
HRZ	LSB-00608	38.7285500	-9.1473800	38.7283295	-9.1477012	37.11	surface
HRZ	SNT-00138	38.7803570	-9.3534300	38.7806821	-9.3533355	37.07	surface
HRZ	ACB-00010	39.5537640	-8.9685955	39.5537570	-8.9690275	37.05	surface
FCT	MRT-00002	40.4038000	-8.2311980	40.4034872	-8.2313477	37.02	surface
EDP	EVR-00063	38.5548320	-7.9044210	38.5546296	-7.9047590	37.02	surface
HRZ	VVD-00004	41.6052930	-8.4673060	41.6049659	-8.4673879	37.00	surface
HRZ	ALM-00096	38.6546800	-9.1678870	38.6543514	-9.1678219	36.97	surface
ATL	ACH-00021	38.7510300	-8.9389700	38.7513605	-8.9389241	36.96	surface
GLP	MGR-00024	39.8690260	-8.9399720	39.8689870	-8.9395423	36.93	surface
HRZ	TMR-00002	39.6070600	-8.4135230	39.6073707	-8.4136746	36.91	surface
HRZ	LSB-00603	38.7384260	-9.1681970	38.7386573	-9.1678937	36.79	underground
EDP	PNF-00020	41.1956140	-8.2963540	41.1957513	-8.2967536	36.76	surface
ATL	LLE-00157	37.1041300	-8.1260600	37.1043494	-8.1263700	36.76	surface
ATL	FLG-00016	41.3608930	-8.1996430	41.3610070	-8.1992300	36.73	surface
MAK	BRR-00011	38.6620900	-9.0782300	38.6617965	-9.0784239	36.72	underground
GLP	LSB-80148	38.7627800	-9.1044440	38.7628680	-9.1048522	36.72	surface
GLP	MTS-00075	41.2091700	-8.6879900	41.2088827	-8.6877737	36.71	underground
ATL	MTS-00132	41.2542650	-8.7077010	41.2539550	-8.7075505	36.69	surface
HRZ	FUN-00018	32.6479300	-16.9141370	32.6476190	-16.9142671	36.66	underground
GLP	STS-00014	41.3651120	-8.4017060	41.3647825	-8.4017158	36.65	surface
ATL	LSB-01330	38.7570150	-9.1410990	38.7567484	-9.1408507	36.64	surface
HLX	PTM-00078	37.1309660	-8.5668840	37.1310114	-8.5672921	36.53	surface
HRZ	PRT-00326	41.1540220	-8.6006470	41.1541006	-8.6010701	36.49	surface
EDP	VVD-00017	41.6542130	-8.4316420	41.6539355	-8.4318757	36.46	surface
EDP	BRG-00143	41.5476900	-8.3977270	41.5474547	-8.3974221	36.45	surface
GLP	PRT-00315	41.1492840	-8.5940280	41.1491891	-8.5944437	36.37	underground
GLP	ACN-00012	39.4634200	-8.6617580	39.4631553	-8.6620066	36.36	surface
HRZ	STB-00056	38.5402870	-8.8698600	38.5402472	-8.8694453	36.34	surface
HRZ	EVR-00033	38.5659330	-7.9128065	38.5656113	-7.9127366	36.28	surface
HRZ	ALM-00061	38.6315400	-9.1771600	38.6313936	-9.1775329	36.25	surface
EDP	VNG-00090	41.1431100	-8.6477800	41.1432492	-8.6481714	36.25	surface
MOO	PNF-00017	41.1922400	-8.3054300	41.1924732	-8.3057325	36.24	surface
EDP	GMR-00139	41.4762420	-8.3373740	41.4762123	-8.3369412	36.21	surface
GLG	PDL-00002	37.7499000	-25.6499000	37.7497790	-25.6495182	36.16	surface
HRZ	CSC-00131	38.7225000	-9.4774640	38.7221794	-9.4773942	36.16	surface
GLG	PNF-00009	41.1943000	-8.2973200	41.1945117	-8.2969924	36.13	surface
IBD	BRG-00096	41.5251660	-8.3995260	41.5253658	-8.3998680	36.11	surface
GLP	OER-00231	38.7158400	-9.2633400	38.7157340	-9.2637330	36.08	surface
CPS	BRR-00149	38.6504140	-9.0643580	38.6502742	-9.0639833	36.06	surface
MAK	SSB-00024	38.4433000	-9.1054260	38.4435044	-9.1057471	36.04	surface
GLP	FAR-00076	37.0137860	-7.9190610	37.0139819	-7.9193842	36.03	surface
HLX	ALB-00003	40.7131960	-8.4824870	40.7134582	-8.4827369	35.97	surface
EDP	PTL-00011	41.7587800	-8.5853270	41.7589534	-8.5856927	35.94	surface
EDP	EVR-00013	38.5726660	-7.9070760	38.5725932	-7.9066737	35.90	surface
GLP	STS-00015	41.3651120	-8.4017060	41.3647904	-8.4016740	35.86	surface
FCT	ALD-00015	40.6036000	-6.9532000	40.6038858	-6.9530033	35.86	surface
WEN	LSB-00610	38.7666400	-9.0983100	38.7663617	-9.0985187	35.85	underground
CAP	VCT-00032	41.6947100	-8.8328780	41.6945773	-8.8332714	35.84	underground
EDP	AMM-90001	41.1088400	-7.6932770	41.1086937	-7.6936577	35.80	surface
CPS	LGA-00037	37.1518100	-8.4258950	37.1517297	-8.4262862	35.80	surface
GLP	VIS-00115	40.6925350	-7.9297580	40.6922741	-7.9295092	35.80	surface
IBD	IDN-00004	40.0003800	-6.8768377	40.0006758	-6.8766724	35.78	surface
EDP	LLE-00087	37.0310000	-8.0222000	37.0307821	-8.0219038	35.75	surface
EDP	VIS-00078	40.6357230	-7.8458480	40.6360445	-7.8458516	35.75	surface
HRZ	PRT-00355	41.1640620	-8.5842850	41.1638286	-8.5839919	35.71	underground
ECI	ACN-00014	39.4426840	-8.7098570	39.4423673	-8.7097909	35.67	surface
EMA	PST-00013	33.0540500	-16.3413730	33.0541576	-16.3417335	35.66	surface
IBD	PNF-00065	41.1991650	-8.3110300	41.1991350	-8.3114541	35.64	surface
HRZ	VPA-00002	41.4929050	-7.6455270	41.4927154	-7.6458717	35.62	surface
GLP	MTS-00054	41.2099880	-8.6874130	41.2097145	-8.6871915	35.61	underground
MAK	LSB-00164	38.7363740	-9.1430400	38.7362375	-9.1434110	35.58	underground
MAK	LSB-00866	38.7098770	-9.1391920	38.7097495	-9.1395679	35.56	underground
EDP	GDM-00036	41.1732860	-8.5552770	41.1730216	-8.5550386	35.53	surface
EDP	SNT-00168	38.7770160	-9.3363480	38.7770554	-9.3367545	35.51	surface
MAK	BRR-00010	38.6620900	-9.0782300	38.6618152	-9.0784383	35.51	underground
EDP	LRS-00100	38.8520000	-9.0760000	38.8516810	-9.0760168	35.50	surface
HRZ	SEI-00005	40.3261950	-7.6891660	40.3263182	-7.6895520	35.47	surface
MLT	SNT-00012	38.8210530	-9.3691020	38.8208607	-9.3694282	35.44	surface
EDP	TND-00020	40.5303500	-8.0874440	40.5305702	-8.0871409	35.44	surface
EDP	LLE-00024	37.0734300	-8.1179360	37.0736168	-8.1176124	35.44	underground
EDP	LNH-00007	39.2511000	-9.3129000	39.2512486	-9.3125361	35.42	surface
ATL	VCD-00068	41.2996670	-8.7050620	41.2996736	-8.7046381	35.42	surface
EDP	PNF-00063	41.1952740	-8.2966640	41.1949556	-8.2966570	35.41	surface
MAK	CSC-00213	38.7009540	-9.4189540	38.7006379	-9.4189116	35.34	underground
HRZ	VIS-00007	40.6694500	-7.9323710	40.6697509	-7.9322362	35.34	surface
GLG	SNT-00052	38.8399200	-9.3728900	38.8401709	-9.3731403	35.33	surface
ATL	VLG-00061	41.1879800	-8.4982200	41.1880065	-8.4986407	35.33	surface
EDP	VCT-00052	41.8821330	-8.8187470	41.8818184	-8.8186889	35.31	surface
GLG	TRF-00012	41.3431600	-8.5569930	41.3434760	-8.5569530	35.30	surface
LOG	OER-00181	38.7149540	-9.3013620	38.7148150	-9.3017275	35.28	underground
GLP	LLE-00236	37.0736700	-8.0788670	37.0738102	-8.0785103	35.28	surface
GLP	VNG-00119	41.1276170	-8.6128710	41.1274626	-8.6125035	35.25	underground
PLG	PLM-00010	38.6082200	-8.9433730	38.6079623	-8.9431370	35.24	surface
HRZ	VRL-00056	41.2974000	-7.7351910	41.2971009	-7.7353299	35.22	underground
ATL	SNT-80002	38.7967950	-9.3879740	38.7970492	-9.3877315	35.22	surface
EDP	AGD-00013	40.6004870	-8.4624770	40.6003169	-8.4621252	35.21	surface
HRZ	LRS-00052	38.8345500	-9.1561400	38.8343092	-9.1564040	35.21	underground
EDP	MLD-00015	40.3836000	-8.4420830	40.3838450	-8.4418197	35.21	surface
IBD	TRF-00006	41.3436430	-8.5565110	41.3436661	-8.5560905	35.20	underground
IBD	TRF-00005	41.3436430	-8.5565110	41.3436445	-8.5560895	35.19	underground
GLP	LRA-00198	39.7345000	-8.8222480	39.7342731	-8.8225341	35.14	surface
PRI	MGR-00009	39.7659760	-8.9380700	39.7657581	-8.9377730	35.09	surface
FCT	BRG-00163	41.5795300	-8.4305550	41.5797110	-8.4302096	35.08	surface
ATL	ODV-00042	38.7944530	-9.1675960	38.7947608	-9.1676842	35.07	surface
EDP	LSB-00577	38.7305200	-9.1481920	38.7308353	-9.1481942	35.06	underground
GLP	PRT-00311	41.1694070	-8.6105420	41.1692235	-8.6108820	35.02	surface
EMA	PST-00012	33.0540500	-16.3413730	33.0541517	-16.3417286	35.02	surface
IBD	VIS-00018	40.6328600	-7.9091610	40.6326355	-7.9094519	35.01	surface
ATL	LSB-00644	38.7041440	-9.1750740	38.7039063	-9.1753365	34.89	underground
GLP	MOBI-LSB-00116	38.7572020	-9.1760670	38.7570832	-9.1756947	34.88	underground
ATL	PRD-00021	41.1840440	-8.4482030	41.1840215	-8.4477874	34.87	surface
EDP	OER-00258	38.7261350	-9.2224370	38.7258231	-9.2224007	34.82	surface
GLP	SEI-00017	40.4303130	-7.7172940	40.4302861	-7.7168842	34.81	surface
EDP	GDM-00023	41.1745570	-8.5661030	41.1742839	-8.5663060	34.80	underground
HRZ	VNG-00114	41.0295140	-8.6421795	41.0295582	-8.6417690	34.78	surface
EDP	PTM-00031	37.1474200	-8.5434110	37.1472257	-8.5437185	34.78	underground
MAK	LSB-01184	38.7319030	-9.1465640	38.7319462	-9.1469610	34.77	underground
MAK	LSB-00117	38.7107850	-9.1431950	38.7106390	-9.1435493	34.76	underground
GLP	LSD-00004	41.2725900	-8.2790520	41.2723496	-8.2793178	34.76	surface
HRZ	SCD-00002	40.4035600	-8.1292470	40.4036101	-8.1288420	34.74	surface
EVC	SRE-00001	40.0606500	-8.6259400	40.0607772	-8.6255684	34.64	surface
ATL	MGL-00008	40.6152650	-7.7589430	40.6154258	-7.7585916	34.63	surface
GLP	MTS-00074	41.2091700	-8.6879900	41.2088826	-8.6878314	34.60	underground
EDP	VIS-00083	40.6923450	-7.9155200	40.6923602	-7.9159297	34.58	surface
GLP	OLH-00054	37.0295700	-7.8534640	37.0298523	-7.8536274	34.58	surface
HLX	STB-00014	38.5393940	-8.8750410	38.5390977	-8.8751615	34.57	surface
EDP	ENT-00005	39.4739720	-8.4743670	39.4739879	-8.4739651	34.54	surface
EDP	VNG-00068	41.1264150	-8.5977950	41.1261858	-8.5980731	34.53	surface
EDP	LSB-00182	38.7562700	-9.1925560	38.7562855	-9.1929536	34.52	surface
HRZ	VRL-00057	41.2974000	-7.7351910	41.2971079	-7.7353304	34.50	underground
MLT	SSB-00003	38.4643480	-9.0984700	38.4644646	-9.0981029	34.49	surface
FCT	MGL-00016	40.6251000	-7.7808680	40.6248117	-7.7810178	34.46	surface
HRZ	OFR-00009	40.7201350	-8.1798300	40.7201340	-8.1794213	34.44	surface
EDP	ACN-00007	39.4567100	-8.6675910	39.4568576	-8.6679436	34.43	underground
MAK	BRR-00009	38.6620900	-9.0782300	38.6618345	-9.0784537	34.42	underground
REP	VIS-00012	40.6725500	-7.9204800	40.6722454	-7.9204089	34.40	surface
EDP	PBL-00012	39.9237670	-8.6285690	39.9236828	-8.6281809	34.39	surface
SEG	VPT-00004	36.9533300	-25.1440320	36.9530239	-25.1440865	34.38	surface
EMA	PST-00016	33.0516700	-16.3705540	33.0514040	-16.3707420	34.38	surface
ATL	VRL-00037	41.3121870	-7.7602930	41.3122670	-7.7606904	34.36	surface
GLP	AZB-00031	39.1233560	-8.9077570	39.1235922	-8.9075002	34.36	surface
HRZ	LRS-00141	38.8068400	-9.1575900	38.8071335	-9.1577127	34.32	surface
GLP	LSB-00381	38.7258600	-9.1543150	38.7258470	-9.1547101	34.30	underground
EML	LSB-00390	38.7189060	-9.1704910	38.7185996	-9.1704450	34.30	underground
IBD	BTL-00009	39.6637880	-8.8243870	39.6640723	-8.8245407	34.24	surface
GLP	LSB-00898	38.6933170	-9.2212570	38.6930625	-9.2214791	34.24	underground
EDP	PTM-00014	37.1270450	-8.5843070	37.1269191	-8.5839548	34.22	surface
HRZ	TMR-00046	39.6072430	-8.3963580	39.6075270	-8.3962043	34.21	surface
EMA	MCH-00002	32.7174000	-16.7657170	32.7175523	-16.7660346	34.20	surface
EML	LSB-01174	38.7599800	-9.1984400	38.7599672	-9.1980461	34.18	surface
HRZ	STB-00117	38.5401800	-8.8686000	38.5402047	-8.8682084	34.17	surface
MAK	LSB-00922	38.7263600	-9.1511700	38.7265927	-9.1509133	34.14	surface
ATL	VIS-00097	40.6525500	-7.9139500	40.6528545	-7.9138992	34.13	surface
MAK	SSB-00025	38.4433000	-9.1054260	38.4435039	-9.1057186	34.11	surface
MAK	LSB-00923	38.7263600	-9.1511700	38.7265902	-9.1509106	34.08	surface
EDP	LLE-00088	37.0310000	-8.0222000	37.0307628	-8.0219572	34.06	surface
ATL	ODV-00026	38.7817500	-9.1928890	38.7820521	-9.1929535	34.05	underground
HRZ	VRL-00058	41.2974000	-7.7351910	41.2971008	-7.7352743	33.99	underground
HLX	TBR-00007	41.7260000	-8.1650200	41.7258801	-8.1653966	33.98	surface
EDP	GMR-00140	41.4762420	-8.3373700	41.4761761	-8.3369722	33.94	surface
ATL	BJA-00028	38.0109980	-7.8555120	38.0108257	-7.8558312	33.90	surface
ATL	LSB-00668	38.7492640	-9.2035290	38.7493434	-9.2039063	33.89	underground
EDP	LSB-00217	38.7006340	-9.1807250	38.7004779	-9.1803914	33.75	underground
EDP	LSB-00590	38.7250670	-9.1511380	38.7247692	-9.1510633	33.74	underground
EDP	GDL-00069	38.1671560	-8.4921860	38.1669506	-8.4919019	33.74	surface
HRZ	VLG-00026	41.1820200	-8.4826600	41.1821103	-8.4822755	33.71	surface
GLP	LSB-00897	38.6933170	-9.2212570	38.6930663	-9.2214752	33.70	underground
HEX	CSC-00074	38.6958350	-9.3665580	38.6957117	-9.3662042	33.63	surface
IBD	LRA-00018	39.7384380	-8.8231000	39.7383091	-8.8227448	33.58	surface
EDP	PRD-00028	41.2077940	-8.3277530	41.2076790	-8.3281242	33.58	surface
FCT	MRT-00003	40.4038000	-8.2311980	40.4035072	-8.2312951	33.58	surface
HRZ	CSC-00136	38.7104300	-9.4558600	38.7107032	-9.4556951	33.58	surface
MAK	LSB-00728	38.7221500	-9.1497360	38.7223775	-9.1499905	33.58	underground
GLP	LSB-00609	38.7641900	-9.1583790	38.7641977	-9.1587652	33.50	surface
ATL	SXL-00093	38.5945780	-9.1463980	38.5948735	-9.1464721	33.48	surface
FCT	VPA-00008	41.4350050	-7.6778016	41.4347145	-7.6779073	33.48	surface
MAK	BRR-00008	38.6620900	-9.0782300	38.6618541	-9.0784690	33.45	underground
EDP	FLG-00023	41.3166730	-8.1432530	41.3164642	-8.1435410	33.43	surface
EDP	BJA-00020	37.8849070	-8.0377900	37.8846318	-8.0379431	33.42	surface
REP	VNG-00159	41.0852620	-8.6191120	41.0852751	-8.6187137	33.41	surface
HRZ	LSB-00208	38.7209100	-9.1597740	38.7207142	-9.1594819	33.41	underground
HRZ	PRT-00087	41.1610870	-8.6057990	41.1608544	-8.6055464	33.41	underground
ATL	PRT-00239	41.1782600	-8.6543970	41.1780373	-8.6541293	33.39	underground
EDP	PTM-00067	37.1450230	-8.5555440	37.1451011	-8.5551802	33.39	surface
GLP	MTS-00053	41.2099880	-8.6874130	41.2097145	-8.6872490	33.36	underground
HRZ	VRL-00059	41.2974000	-7.7351910	41.2971066	-7.7352745	33.36	underground
GLP	VFR-00098	40.9234200	-8.5692200	40.9233970	-8.5688243	33.34	surface
GLP	LSB-00052	38.7844400	-9.1000490	38.7845521	-9.0996923	33.34	surface
FCT	ALD-00014	40.6036000	-6.9532000	40.6038875	-6.9530898	33.29	surface
HLX	PPS-00002	40.0421180	-7.9490360	40.0422309	-7.9493981	33.28	surface
MAK	LSB-00165	38.7363740	-9.1430400	38.7362396	-9.1433825	33.25	underground
HRZ	VLG-00027	41.1820200	-8.4826600	41.1821066	-8.4822800	33.23	surface
EDP	LLE-00089	37.0310000	-8.0222000	37.0307425	-8.0220104	33.21	surface
HRZ	PTG-00008	39.2782940	-7.4326450	39.2785472	-7.4328496	33.21	surface
ATL	GDM-00057	41.1713940	-8.5474060	41.1710967	-8.5474404	33.18	surface
IBD	OVR-00067	40.8647960	-8.6108570	40.8644997	-8.6108103	33.18	surface
ATL	TND-00012	40.4957050	-8.0860010	40.4954856	-8.0862661	33.13	surface
IOY	LRA-00115	39.7127840	-8.7114510	39.7124919	-8.7113752	33.12	surface
MLT	SNT-00011	38.8210530	-9.3691020	38.8208685	-9.3694017	33.09	surface
IBD	IDN-00003	40.0003800	-6.8768377	40.0006563	-6.8766937	33.08	surface
ENB	TVR-00031	37.1308500	-7.6369800	37.1310078	-7.6372955	33.02	underground
PRI	CSC-00021	38.7406300	-9.3413000	38.7409216	-9.3413712	33.01	surface
EDP	VLG-00048	41.1847900	-8.4768130	41.1844940	-8.4768421	33.00	surface
EDP	LSB-00694	38.7313000	-9.1468100	38.7315695	-9.1469693	33.00	underground
EDP	BJA-00068	38.0053560	-7.8644080	38.0053784	-7.8647833	32.98	surface
HRZ	AMD-00091	38.7745500	-9.2166010	38.7742982	-9.2164003	32.96	surface
EDP	TVR-00030	37.1193470	-7.6270980	37.1193087	-7.6274662	32.92	surface
ATL	TND-00011	40.4957050	-8.0860010	40.4954595	-8.0862178	32.88	surface
EDP	ETR-00022	40.7593270	-8.5701820	40.7590645	-8.5700027	32.86	surface
LOG	OER-00183	38.7149540	-9.3013620	38.7148256	-9.3017031	32.86	underground
MAK	CSC-00214	38.7009540	-9.4189540	38.7006601	-9.4189175	32.83	underground
KLS	SLV-00013	37.2602200	-8.2925580	37.2600056	-8.2923031	32.82	surface
HRZ	TMR-00037	39.6072430	-8.3963580	39.6075095	-8.3961933	32.82	surface
EDP	AVR-90003	40.6393240	-8.6516810	40.6395565	-8.6519205	32.81	surface
EVC	BRG-00106	41.5556370	-8.3766380	41.5558912	-8.3764377	32.81	surface
ATL	LLE-00159	37.1370000	-8.0299200	37.1372378	-8.0297010	32.80	surface
REP	CVL-00057	40.2665800	-7.5001670	40.2667212	-7.4998277	32.79	surface
HRZ	MFR-00014	38.9662100	-9.4075090	38.9659955	-9.4072490	32.77	underground
HRZ	LSB-00459	38.7386740	-9.1674570	38.7388135	-9.1677896	32.75	underground
EDP	VND-00008	38.6223680	-8.5783880	38.6224568	-8.5780286	32.75	surface
ATL	CVD-00006	39.4051630	-7.4442400	39.4053940	-7.4444763	32.74	surface
KLS	CLB-00010	40.6260900	-7.4024530	40.6263152	-7.4027021	32.70	underground
ATL	LOU-00005	41.2702030	-8.2881000	41.2701728	-8.2877111	32.68	surface
ATL	FAF-00025	41.4290730	-8.1812800	41.4288239	-8.1810728	32.64	surface
ATL	ALM-00071	38.6473700	-9.2196600	38.6471010	-9.2198105	32.64	underground
ATL	VLC-00011	40.8468670	-8.3989160	40.8467161	-8.3992486	32.62	surface
ATL	GDM-00055	41.1713940	-8.5474060	41.1711045	-8.5473429	32.62	surface
GLP	RMR-00014	39.3369060	-8.9306440	39.3367327	-8.9309498	32.60	surface
FAC	FUN-00022	32.6432840	-16.9192890	32.6435356	-16.9194678	32.60	underground
ATL	GDM-00039	41.1527140	-8.5061070	41.1524285	-8.5061955	32.60	surface
HRZ	PRT-00330	41.1540220	-8.6006470	41.1541007	-8.6010219	32.58	surface
GLP	MOBI-LSB-00115	38.7572020	-9.1760670	38.7570839	-9.1757235	32.55	underground
ATL	ACH-00035	38.7510200	-8.9389600	38.7513088	-8.9389002	32.53	surface
HRZ	CBR-00041	40.2160840	-8.4364395	40.2158039	-8.4365478	32.47	underground
HRZ	FLG-00009	41.3561970	-8.1892980	41.3560656	-8.1896454	32.47	surface
EDP	CTB-00028	39.8207970	-7.4965860	39.8205094	-7.4966501	32.44	surface
EDP	SJP-00002	41.1453250	-7.4112680	41.1451061	-7.4115240	32.43	surface
GLP	LSB-00522	38.7207950	-9.1448550	38.7205290	-9.1447016	32.43	underground
HRZ	LSB-00458	38.7386740	-9.1674570	38.7387712	-9.1678095	32.43	underground
MAK	LSB-00740	38.7107850	-9.1431950	38.7106427	-9.1435211	32.42	underground
EDP	GDM-00022	41.1745570	-8.5661030	41.1743017	-8.5662900	32.42	underground
MAK	LSB-01185	38.7319030	-9.1465640	38.7319365	-9.1469352	32.41	underground
ENB	TVR-00032	37.1308500	-7.6369800	37.1310041	-7.6372898	32.37	underground
ATL	CHM-00005	39.3685200	-8.4711980	39.3687525	-8.4709720	32.34	surface
EDP	MTA-00019	38.6455540	-8.9780560	38.6454818	-8.9784163	32.30	surface
GLP	LSB-00795	38.7047300	-9.1763860	38.7049728	-9.1761821	32.28	underground
REP	PTL-00009	41.7663150	-8.5945370	41.7663390	-8.5949246	32.26	surface
HLX	LRA-00201	39.7540440	-8.8013980	39.7538654	-8.8011008	32.25	surface
GLP	FIG-00040	40.1670200	-8.8840390	40.1668192	-8.8837653	32.24	surface
REP	PTM-00056	37.1500630	-8.5395140	37.1497808	-8.5394306	32.24	surface
MAK	SSB-00026	38.4433000	-9.1054260	38.4435031	-9.1056899	32.22	surface
EDP	STR-00040	39.2440760	-8.6914000	39.2441186	-8.6917701	32.22	surface
FCT	ALD-00013	40.6036000	-6.9532000	40.6038886	-6.9531686	32.20	surface
HRZ	MFR-00013	38.9662100	-9.4074120	38.9659502	-9.4072479	32.18	underground
EDP	LSB-00216	38.7006340	-9.1807250	38.7005009	-9.1803957	32.18	underground
EDP	GDL-00071	38.1674770	-8.4909850	38.1676342	-8.4912937	32.15	surface
EDP	VCD-00009	41.3676000	-8.7500840	41.3673977	-8.7498090	32.14	surface
EDP	LSB-00183	38.7562700	-9.1925560	38.7563227	-9.1929200	32.10	surface
EDP	ALM-00172	38.6516270	-9.1503400	38.6515290	-9.1506876	32.09	surface
GEN	GMR-00077	41.4862100	-8.3438320	41.4864099	-8.3441096	32.07	surface
EZU	MLD-00013	40.3700700	-8.4834960	40.3697839	-8.4834482	32.07	surface
ATL	CVD-80001	39.4110900	-7.4489350	39.4108020	-7.4489189	32.05	surface
FAC	FUN-00021	32.6432840	-16.9192890	32.6435040	-16.9195099	32.03	underground
GLP	OAZ-00012	40.8381650	-8.4798880	40.8384236	-8.4800555	32.02	surface
GLP	FLG-00026	41.3611900	-8.1979310	41.3614469	-8.1977577	32.02	surface
HRZ	SNT-00139	38.8336330	-9.3578150	38.8336486	-9.3574459	32.02	surface
ATL	PBL-00018	39.9732930	-8.7949790	39.9733682	-8.7946164	32.01	surface
GLP	LSB-00382	38.7258600	-9.1543150	38.7258094	-9.1546768	31.89	underground
GLP	MOBI-LSB-00909	38.7643430	-9.0969340	38.7645985	-9.0967682	31.84	underground
EDP	PVL-00006	41.5939750	-8.2220940	41.5941595	-8.2223864	31.81	surface
REP	MTJ-00023	38.7434840	-8.6612100	38.7432570	-8.6609870	31.80	surface
GLP	SXL-00025	38.6197500	-9.0887110	38.6200353	-9.0886869	31.79	surface
EDP	PRT-00222	41.1447830	-8.6252760	41.1450666	-8.6252279	31.79	underground
GLP	ODV-00050	38.7961850	-9.1967720	38.7962647	-9.1964198	31.78	surface
EDP	STB-00086	38.5414240	-8.8754770	38.5415737	-8.8757879	31.75	surface
IOY	LRA-00116	39.7129170	-8.7096300	39.7131952	-8.7097126	31.73	surface
ATL	GMR-00118	41.4477600	-8.2984300	41.4479940	-8.2982122	31.73	surface
MOT	TVD-00054	39.1829700	-9.3260740	39.1831681	-9.3263385	31.70	surface
EDP	VNG-00089	41.1431100	-8.6477800	41.1432302	-8.6481228	31.66	surface
WEN	LSB-00611	38.7666400	-9.0983100	38.7664061	-9.0985175	31.62	underground
EVC	VVD-00003	41.6529000	-8.4343460	41.6526860	-8.4345965	31.61	underground
FCT	MGL-00015	40.6251000	-7.7808680	40.6248251	-7.7809632	31.61	surface
MAK	LSB-00919	38.7263600	-9.1511700	38.7265787	-9.1509373	31.60	surface
HRZ	LSB-00209	38.7209100	-9.1597740	38.7207581	-9.1594666	31.57	underground
EMA	PST-00014	33.0544100	-16.3415470	33.0541905	-16.3417608	31.51	surface
GLP	LSB-01124	38.7794500	-9.1222300	38.7796946	-9.1220466	31.50	surface
EDP	GDL-00068	38.1671830	-8.4922210	38.1669957	-8.4919513	31.46	surface
MLT	OER-00057	38.6921350	-9.3276410	38.6920752	-9.3272876	31.38	surface
IMG	LSB-00388	38.7370500	-9.1394000	38.7371733	-9.1390750	31.35	surface
HRZ	LRS-00053	38.8345500	-9.1561400	38.8343531	-9.1563989	31.34	underground
EDP	LRS-00228	38.8588680	-9.1607610	38.8586803	-9.1610306	31.31	surface
EDP	PRT-00224	41.1447830	-8.6252760	41.1450385	-8.6251194	31.29	underground
GLP	AND-00031	40.4422300	-8.4500360	40.4424673	-8.4498379	31.26	surface
GLP	LSB-00854	38.7643430	-9.0969340	38.7644652	-9.0966093	31.26	underground
IBD	PRT-00363	41.1630400	-8.6301040	41.1628447	-8.6298355	31.25	underground
HRZ	LSB-00213	38.7209100	-9.1597740	38.7208883	-9.1594149	31.25	underground
HRZ	PRT-00329	41.1540220	-8.6006470	41.1541008	-8.6010052	31.24	surface
HRZ	RMR-00012	39.3824120	-8.9621000	39.3821352	-8.9620376	31.24	surface
GLP	ASL-00021	38.3802260	-8.5126310	38.3801399	-8.5129720	31.23	surface
ATL	PMS-00008	39.6233700	-8.8565170	39.6236470	-8.8564571	31.23	surface
GLP	MTS-00186	41.1847530	-8.6321670	41.1847611	-8.6325398	31.21	surface
ATL	VIS-00096	40.6565930	-7.9089680	40.6564512	-7.9092872	31.20	surface
HRZ	MTS-00124	41.2100300	-8.6827135	41.2097519	-8.6826646	31.19	surface
GLP	SSB-00021	38.4851570	-9.1044190	38.4853062	-9.1047221	31.16	surface
EDP	GDL-00072	38.1677700	-8.4910070	38.1676791	-8.4913442	31.16	surface
EDP	ANS-00002	39.9181180	-8.3592780	39.9178959	-8.3595006	31.15	surface
EDP	PRT-00223	41.1447830	-8.6252760	41.1450522	-8.6251734	31.14	underground
MOO	PTM-00026	37.1375960	-8.5547695	37.1375926	-8.5551204	31.11	surface
EVI	TNV-00029	39.4701040	-8.5310950	39.4700702	-8.5314547	31.10	surface
EDP	PRT-00212	41.1613100	-8.6404840	41.1613197	-8.6401132	31.06	underground
TRK	CSC-00058	38.6987950	-9.4380455	38.6988904	-9.4377092	31.05	surface
HRZ	PRT-00165	41.1540570	-8.6007400	41.1541005	-8.6011062	31.04	surface
MLT	SSB-00004	38.4643480	-9.0984700	38.4644200	-9.0981261	30.99	surface
GLP	LSB-00498	38.7371400	-9.1504910	38.7368656	-9.1504283	30.99	underground
ECI	FNC-00060	32.6475800	-16.9161000	32.6474918	-16.9157864	30.96	underground
GLP	LRS-00148	38.7808340	-9.1036110	38.7809668	-9.1039248	30.95	underground
HLX	CSC-00147	38.7019800	-9.4163000	38.7022582	-9.4162907	30.94	underground
IBD	CLD-00019	39.4116940	-9.1358890	39.4118285	-9.1355740	30.92	surface
HRZ	PRT-00354	41.1640620	-8.5842850	41.1638457	-8.5840529	30.92	underground
MAK	LSB-00732	38.7363740	-9.1430400	38.7362419	-9.1433536	30.91	underground
EDP	VRS-00004	37.1903150	-7.4361180	37.1900424	-7.4360503	30.90	surface
EVI	TNV-00028	39.4701040	-8.5310950	39.4700706	-8.5314521	30.88	surface
ATL	FAF-00024	41.4302250	-8.1818700	41.4301149	-8.1822100	30.88	surface
EDP	BRG-00142	41.5476100	-8.3977270	41.5474196	-8.3974571	30.87	surface
HRZ	ALQ-00010	39.0282330	-8.9814910	39.0281903	-8.9811381	30.85	surface
VIS	VIS-00021	40.6436770	-7.9116040	40.6437254	-7.9119639	30.84	surface
ATL	TND-00009	40.5290100	-8.0883400	40.5292587	-8.0881791	30.82	surface
ATL	VFX-00047	38.8563770	-9.0777780	38.8561418	-9.0779661	30.81	underground
HRZ	RMR-00011	39.3824120	-8.9621000	39.3821351	-8.9620965	30.79	surface
HRZ	LSB-00212	38.7209100	-9.1597740	38.7208444	-9.1594292	30.79	underground
HRZ	LSB-00210	38.7209100	-9.1597740	38.7208011	-9.1594480	30.77	underground
ATL	MAI-00090	41.1966100	-8.5773500	41.1968704	-8.5772266	30.74	underground
IBD	VNF-00020	41.4013000	-8.5241640	41.4011149	-8.5238904	30.73	surface
EDP	SNT-00169	38.7770160	-9.3363480	38.7770682	-9.3366961	30.73	surface
REP	GMR-00040	41.4692650	-8.3278590	41.4694379	-8.3281467	30.73	surface
REP	PRT-00097	41.1735800	-8.6543890	41.1733322	-8.6545514	30.72	surface
ATL	CBR-00092	40.2529200	-8.4253300	40.2526668	-8.4251863	30.68	underground
HRZ	MBR-00009	40.9774930	-7.6132827	40.9777671	-7.6133220	30.66	surface
IBD	AVR-00108	40.6235160	-8.6501380	40.6232419	-8.6501750	30.64	underground
EDP	LSB-00576	38.7305200	-9.1481920	38.7307948	-9.1482175	30.64	underground
EDP	MGR-00016	39.7471500	-8.9334320	39.7473950	-8.9332681	30.64	surface
EDP	GDL-00073	38.1677900	-8.4910570	38.1677245	-8.4913973	30.63	surface
HRZ	LSB-01234	38.7234760	-9.1614130	38.7235926	-9.1617320	30.56	underground
EDP	CTM-00010	37.2319900	-7.4717800	37.2317154	-7.4717680	30.55	surface
ATL	FAR-00039	37.0276300	-7.9679670	37.0275795	-7.9683052	30.54	surface
KLS	LGS-00031	37.1000860	-8.6835750	37.1000404	-8.6839146	30.54	underground
EDP	MTS-00173	41.1948620	-8.6607780	41.1951072	-8.6606150	30.49	surface
GLP	STR-00064	39.2230260	-8.6922110	39.2227520	-8.6922090	30.47	surface
EML	LSB-00422	38.7733760	-9.1595900	38.7735687	-9.1598398	30.46	surface
GLP	ORQ-00007	37.6125140	-8.2460150	37.6127570	-8.2458558	30.44	surface
GLP	BGC-00020	41.8047070	-6.7661390	41.8044340	-6.7661190	30.40	surface
MAK	SSB-00027	38.4433000	-9.1054260	38.4435022	-9.1056609	30.40	surface
HLX	STB-00077	38.5375300	-8.8763420	38.5374642	-8.8760028	30.40	underground
EDP	NZR-00008	39.5884000	-9.0166330	39.5885030	-9.0163047	30.37	surface
GLP	PRG-00017	41.1651460	-7.7982000	41.1648740	-7.7982305	30.35	surface
EDP	LSB-00933	38.7569580	-9.1743630	38.7569591	-9.1747130	30.35	underground
GLP	CPV-00005	41.0382800	-8.2619940	41.0383771	-8.2616560	30.33	surface
EDP	VND-00019	38.6223680	-8.5783880	38.6224514	-8.5780560	30.30	surface
GLP	MOBI-LSB-00114	38.7572020	-9.1760670	38.7570845	-9.1757523	30.25	underground
GLP	PLM-00028	38.5848500	-8.9310310	38.5849290	-8.9306983	30.22	surface
GLP	LRA-00199	39.7345000	-8.8222480	39.7343007	-8.8224883	30.22	surface
EVC	BRG-00052	41.5556400	-8.3766380	41.5558706	-8.3764458	30.22	surface
HRZ	PRT-00181	41.1793940	-8.6243290	41.1793235	-8.6239809	30.17	surface
GLG	MTS-00093	41.2043900	-8.6402600	41.2043169	-8.6399129	30.15	surface
GLP	LRA-00156	39.7468720	-8.8157110	39.7466017	-8.8156829	30.15	surface
HRZ	CLD-00031	39.4023740	-9.1386290	39.4026184	-9.1387810	30.15	surface
GLP	STC-00019	38.0574870	-8.7874790	38.0577581	-8.7874840	30.15	surface
EDP	PRD-00014	41.2049670	-8.3257570	41.2052377	-8.3257734	30.13	surface
GLP	CSC-00416	38.7016680	-9.3269440	38.7014807	-9.3266932	30.12	surface
FCT	BRG-00164	41.5795300	-8.4305550	41.5796878	-8.4302607	30.12	surface
LUZ	ABF-00194	37.0826400	-8.3122010	37.0824055	-8.3123706	30.10	underground
MAK	LSB-00741	38.7107850	-9.1431950	38.7106464	-9.1434928	30.09	underground
HRZ	LSB-00479	38.7515340	-9.1724400	38.7514795	-9.1727798	30.08	underground
EDP	GDM-00021	41.1745570	-8.5661030	41.1743194	-8.5662745	30.07	underground
MAK	LSB-01186	38.7319030	-9.1465640	38.7319270	-9.1469092	30.06	underground
GLP	LSB-00383	38.7258600	-9.1543150	38.7257727	-9.1546427	30.04	underground
GLP	LGS-00013	37.0862960	-8.6787190	37.0860354	-8.6786299	30.04	surface
EDP	LSB-00071	38.7075770	-9.1489110	38.7074287	-9.1492003	30.03	underground
ATL	ALQ-00017	39.0218300	-8.9747400	39.0219756	-8.9750328	30.03	surface
EDP	LSB-00695	38.7313000	-9.1468100	38.7315292	-9.1469929	30.02	underground
EML	LSB-00392	38.7189060	-9.1704910	38.7186413	-9.1704242	30.00	underground
ATL	SJM-00019	40.8950700	-8.5026730	40.8948376	-8.5028540	29.99	surface
IBD	CHV-00012	41.6983530	-7.4758363	41.6984426	-7.4761769	29.98	surface
ATL	ACH-00036	38.7510400	-8.9389800	38.7513054	-8.9389190	29.98	surface
EDP	PND-00002	40.9912150	-7.3911010	40.9911167	-7.3914336	29.98	surface
GLP	LLE-00106	37.0969620	-7.9962490	37.0970820	-7.9965516	29.97	underground
FCT	BRG-00135	41.5077000	-8.4886000	41.5076147	-8.4889414	29.97	surface
CIR	LSB-00273	38.7329300	-9.1446560	38.7328944	-9.1449981	29.94	surface
EDP	NZR-00019	39.6137120	-9.0612350	39.6138964	-9.0614896	29.93	surface
GLP	AZB-00024	39.1227150	-8.9075960	39.1225692	-8.9078869	29.88	surface
GLP	LGS-00018	37.0862960	-8.6787190	37.0861145	-8.6784708	29.87	surface
MAK	LSB-01155	38.7551960	-9.1400000	38.7549281	-9.1400248	29.87	surface
MAK	LSB-00727	38.7221500	-9.1497360	38.7223502	-9.1499651	29.84	underground
ATL	PFR-00012	41.2760400	-8.3828400	41.2763080	-8.3828290	29.81	surface
HRZ	MTS-00122	41.2100300	-8.6827130	41.2097670	-8.6826445	29.80	surface
HRZ	CLD-00032	39.4023740	-9.1386290	39.4026180	-9.1387714	29.76	surface
ATL	CTB-00034	39.8216970	-7.4941840	39.8214297	-7.4941708	29.74	underground
EDP	LRS-00226	38.8589100	-9.1608220	38.8587533	-9.1611001	29.72	surface
IMG	LSB-00387	38.7370500	-9.1394000	38.7371280	-9.1390723	29.72	surface
KLS	TVD-00101	39.0974000	-9.2780500	39.0975031	-9.2783672	29.68	surface
MOT	VIS-00056	40.6619760	-7.9138640	40.6621751	-7.9136297	29.68	underground
EDP	LRS-00229	38.8589250	-9.1608650	38.8587132	-9.1610735	29.67	surface
REP	OAZ-00008	40.8838600	-8.4518800	40.8836714	-8.4516306	29.65	surface
EDP	ACN-00006	39.4567100	-8.6675910	39.4568398	-8.6678925	29.64	underground
REP	VIS-00002	40.6244900	-7.9319350	40.6245709	-7.9316005	29.63	surface
ATL	FIG-00025	40.1629870	-8.8473720	40.1631913	-8.8471485	29.61	surface
EDP	VCT-00055	41.6950570	-8.8433890	41.6952074	-8.8436833	29.61	surface
KLS	TVD-00100	39.0974000	-9.2780500	39.0974974	-9.2783693	29.61	surface
EDP	GRD-00015	40.5341600	-7.2436550	40.5339908	-7.2439246	29.55	surface
HRZ	CSC-00042	38.7024230	-9.4108520	38.7024343	-9.4105129	29.45	surface
EDP	SNS-00015	37.9663400	-8.8579600	37.9663187	-8.8576254	29.43	surface
ATL	LRS-00227	38.8366500	-9.1687700	38.8364629	-9.1685299	29.42	surface
ATL	FEC-00003	41.0912300	-6.8119310	41.0911187	-6.8122494	29.41	surface
TRK	BRR-00029	38.6526950	-9.0598090	38.6527080	-9.0601470	29.39	surface
EML	LSB-01175	38.7599800	-9.1984400	38.7599813	-9.1981017	29.33	surface
EDP	VNG-00093	41.1023450	-8.5889160	41.1025702	-8.5887339	29.32	surface
ECI	CLD-00025	39.3980560	-9.1350000	39.3983188	-9.1350272	29.32	surface
PRI	CBR-00061	40.1937700	-8.4120420	40.1938899	-8.4123489	29.28	surface
GLP	LGS-00017	37.0862960	-8.6787190	37.0861028	-8.6784949	29.27	surface
FCT	MGL-00014	40.6251000	-7.7808680	40.6248387	-7.7809087	29.26	surface
ATL	SNS-00014	37.9654920	-8.8574320	37.9656743	-8.8576726	29.25	surface
MOT	TVD-00069	39.0910530	-9.2532880	39.0908155	-9.2534334	29.24	surface
HLX	TBR-00008	41.7258950	-8.1650290	41.7259212	-8.1653795	29.23	surface
GLP	LSB-00384	38.7258600	-9.1543150	38.7257460	-9.1546185	29.22	surface
GLP	SNT-90010	38.7622000	-9.3739240	38.7622446	-9.3742561	29.22	surface
GLP	LSB-00894	38.6933170	-9.2212570	38.6930974	-9.2214415	29.20	underground
EDP	LRS-00061	38.8087580	-9.1569780	38.8085302	-9.1568104	29.20	surface
GLP	PRT-00314	41.1583940	-8.5936060	41.1586555	-8.5935750	29.19	underground
MAK	SSB-00031	38.4424100	-9.0949000	38.4426716	-9.0948718	29.19	underground
ATL	VGS-00022	40.5520000	-8.6766000	40.5521753	-8.6768572	29.19	underground
HRZ	PFR-00007	41.2830470	-8.3861180	41.2832985	-8.3862175	29.18	surface
GLP	LSB-00853	38.7643430	-9.0969340	38.7644202	-9.0966124	29.17	underground
MOO	CBR-00053	40.2201770	-8.4386630	40.2204391	-8.4386737	29.16	surface
GLP	PRT-00122	41.1560000	-8.6306370	41.1561047	-8.6303180	29.13	underground
MAK	LSB-00918	38.7263600	-9.1511700	38.7265656	-9.1509619	29.13	surface
ATL	AVR-00051	40.6302830	-8.6438560	40.6301950	-8.6435310	29.12	surface
ATL	LRS-00103	38.7978670	-9.1150280	38.7978503	-9.1146927	29.12	underground
ENB	AVR-00104	40.6270300	-8.6453800	40.6271995	-8.6451173	29.10	underground
EDP	BRG-00128	41.5406150	-8.3980770	41.5407876	-8.3983398	29.10	surface
EDP	CVL-00014	40.2695540	-7.5052660	40.2694189	-7.5055597	29.10	surface
MAK	LSB-01150	38.7551960	-9.1400000	38.7550095	-9.1397664	28.99	surface
ATL	FAF-00021	41.4481300	-8.1758700	41.4478986	-8.1757102	28.97	surface
ATL	STR-00039	39.2393100	-8.7029600	39.2390915	-8.7031428	28.95	surface
GLP	LSB-00385	38.7258600	-9.1543150	38.7257277	-9.1546022	28.93	surface
MOT	LSB-00632	38.7470320	-9.1673290	38.7470344	-9.1669955	28.92	underground
ATL	CSC-00279	38.6958920	-9.4358530	38.6957350	-9.4361185	28.91	underground
GLP	LGS-00014	37.0862960	-8.6787190	37.0860605	-8.6785811	28.90	surface
GLP	LSB-00386	38.7258600	-9.1543150	38.7256995	-9.1545768	28.88	underground
GLP	LGS-00016	37.0862960	-8.6787190	37.0860909	-8.6785193	28.88	surface
EZU	MLD-00012	40.3700700	-8.4834960	40.3698104	-8.4834993	28.87	surface
ATL	TNV-00017	39.4652300	-8.5236600	39.4650147	-8.5238478	28.86	surface
GLP	LSB-00537	38.7565770	-9.1078510	38.7567665	-9.1076239	28.84	underground
TRK	BJA-00048	38.0561560	-7.9852020	38.0561201	-7.9848761	28.81	surface
PRI	SSB-00010	38.5546380	-9.0884230	38.5544031	-9.0885626	28.80	surface
ATL	LGA-80001	37.1337130	-8.4545280	37.1335145	-8.4543195	28.79	surface
GLP	MOBI-LSB-00093	38.7572020	-9.1760670	38.7571971	-9.1757352	28.78	underground
MAK	SSB-00028	38.4433000	-9.1054260	38.4435019	-9.1056322	28.75	surface
EDP	FUN-00031	32.6469300	-16.9402700	32.6471082	-16.9400476	28.74	underground
GLP	ARV-00020	38.9930570	-9.0788890	38.9928027	-9.0789487	28.74	surface
HRZ	PTG-00009	39.2782940	-7.4326450	39.2785231	-7.4327990	28.72	surface
GLP	LSB-00893	38.6933170	-9.2212570	38.6931008	-9.2214379	28.71	underground
GLP	LGS-00015	37.0862960	-8.6787190	37.0860789	-8.6785438	28.71	surface
HRZ	ILH-00033	40.6092600	-8.6851810	40.6094049	-8.6854625	28.71	surface
IBD	STR-00047	39.1972770	-8.7503200	39.1970347	-8.7502052	28.70	surface
GLG	LLE-00002	37.1359860	-8.1106160	37.1362255	-8.1107364	28.69	surface
EDP	VNG-00018	41.1364100	-8.6182270	41.1362043	-8.6184335	28.67	underground
EDP	LSB-00932	38.7509420	-9.1594950	38.7511996	-9.1594831	28.66	surface
GLP	LSB-00519	38.7207950	-9.1448550	38.7205579	-9.1447257	28.65	underground
EDP	VNF-00039	41.4021900	-8.5241940	41.4021991	-8.5245373	28.65	surface
MAK	LSB-00733	38.7363740	-9.1430400	38.7362440	-9.1433251	28.64	underground
HRZ	LSB-00574	38.7011400	-9.1757290	38.7009497	-9.1755066	28.64	surface
EDP	PRT-00286	41.1451800	-8.6118360	41.1453280	-8.6115562	28.63	underground
GLG	ODV-00006	38.7838900	-9.1919500	38.7837426	-9.1922207	28.62	surface
EDP	LSB-00879	38.7134000	-9.1539340	38.7134921	-9.1536260	28.62	underground
HRZ	MTS-00123	41.2100300	-8.6827130	41.2097820	-8.6826218	28.61	surface
ATL	MTS-00206	41.1746860	-8.6873620	41.1745769	-8.6876715	28.60	surface
REP	AMD-00121	38.7435000	-9.2109110	38.7432692	-9.2107655	28.60	surface
HRZ	ALM-00011	38.6316600	-9.1770340	38.6314065	-9.1769791	28.59	surface
GLP	LSB-01123	38.7230450	-9.1679770	38.7231132	-9.1682947	28.59	surface
CIR	LSB-00274	38.7329300	-9.1446560	38.7329154	-9.1449850	28.58	surface
HRZ	MOBI-AVR-00011	40.6385080	-8.6450230	40.6382536	-8.6449801	28.52	underground
HLX	CSC-00148	38.7019800	-9.4163000	38.7022361	-9.4162908	28.49	underground
MLT	OER-00012	38.7275000	-9.2184060	38.7276352	-9.2186848	28.48	surface
IBD	ABF-00089	37.0801240	-8.3137000	37.0803442	-8.3135370	28.44	surface
HRZ	PRT-00193	41.1622160	-8.6533390	41.1624357	-8.6535126	28.43	underground
REP	LGA-00015	37.1409450	-8.5065000	37.1406960	-8.5065724	28.42	surface
MLT	LSB-00207	38.7215540	-9.1568100	38.7216515	-9.1571125	28.39	underground
EDP	ORM-00021	39.7123000	-8.5385000	39.7125496	-8.5385700	28.39	surface
EDP	LSB-00434	38.7574580	-9.1130100	38.7572321	-9.1131620	28.37	surface
FCT	VNF-00045	41.3782800	-8.5448675	41.3783193	-8.5452028	28.32	surface
ATL	OBR-00006	40.5080700	-8.4859760	40.5081237	-8.4863033	28.31	surface
EDP	STS-00021	41.3370700	-8.4784480	41.3370498	-8.4781101	28.30	surface
GLP	SNS-00022	37.8546900	-8.7875430	37.8546061	-8.7872393	28.25	surface
EDP	SNT-00124	38.8016000	-9.4566000	38.8018529	-9.4566282	28.23	surface
EDP	STB-00090	38.5387340	-8.8661440	38.5386229	-8.8658522	28.23	surface
HRZ	LSB-00962	38.7054820	-9.1787760	38.7052284	-9.1787635	28.22	surface
MAK	PRT-00059	41.1573140	-8.6271930	41.1571275	-8.6269646	28.21	underground
EDP	BJA-90003	38.0132870	-7.8725640	38.0133220	-7.8728829	28.21	surface
GLP	LSB-00977	38.7575000	-9.1036110	38.7572701	-9.1034736	28.20	surface
ATL	MTJ-00038	38.7047230	-8.9572940	38.7048028	-8.9576024	28.19	surface
MOO	LRA-00047	39.7675300	-8.7739700	39.7673819	-8.7742366	28.11	surface
EZC	ALM-00127	38.6813130	-9.1606760	38.6814795	-9.1609197	28.11	underground
IBD	LSB-01044	38.7869760	-9.1493560	38.7868534	-9.1490724	28.11	underground
HRZ	LRA-00024	39.7297000	-8.7932690	39.7294613	-8.7931616	28.09	surface
EML	LSB-00418	38.7733760	-9.1595900	38.7736123	-9.1597040	28.07	surface
GLP	LSB-00808	38.7371400	-9.1504910	38.7369000	-9.1503907	28.07	underground
MAK	LSB-01154	38.7551960	-9.1400000	38.7549446	-9.1399725	28.06	surface
CPS	PSR-00012	39.2455400	-8.0172200	39.2453120	-8.0170810	28.04	surface
GLP	MGR-00023	39.7429050	-8.9285690	39.7431046	-8.9287685	27.99	surface
GLP	MOBI-LSB-00113	38.7572020	-9.1760670	38.7570852	-9.1757811	27.99	underground
PRI	ODV-00035	38.7904050	-9.2142980	38.7901736	-9.2141710	27.99	surface
GLP	MCV-00006	40.0914150	-8.3262000	40.0916448	-8.3260659	27.98	surface
REP	VCT-00076	41.6850660	-8.7532140	41.6852252	-8.7529534	27.96	surface
EDP	LSB-00109	38.7080150	-9.1395650	38.7078381	-9.1393361	27.95	underground
ATL	MAI-00041	41.2553180	-8.6500960	41.2554048	-8.6504096	27.94	surface
MAK	SSB-00032	38.4424100	-9.0949000	38.4426581	-9.0948498	27.93	underground
REP	LOU-00014	41.2392500	-8.3064530	41.2390299	-8.3062927	27.90	surface
HRZ	LRA-00032	39.7412720	-8.7971810	39.7410384	-8.7970623	27.89	surface
CPS	MTS-00193	41.2043950	-8.6888190	41.2044329	-8.6884895	27.89	surface
HLX	LRA-00096	39.7539800	-8.8013810	39.7538253	-8.8011250	27.84	surface
SAR	VCT-00042	41.7244500	-8.8596940	41.7245494	-8.8593862	27.83	surface
GLG	MTS-00032	41.2203750	-8.6874110	41.2201289	-8.6874714	27.83	surface
GLP	MFT-90001	39.0513000	-7.4371880	39.0510571	-7.4372654	27.82	surface
GLP	PRT-00338	41.1601220	-8.6407060	41.1603419	-8.6405486	27.78	underground
KLS	PRT-00230	41.1621300	-8.6060110	41.1623772	-8.6060584	27.77	underground
EDP	CTM-00009	37.2319900	-7.4717800	37.2317444	-7.4717234	27.77	surface
GLP	CSC-00100	38.7089920	-9.4314770	38.7090595	-9.4317850	27.76	underground
ATL	CBR-00091	40.2529200	-8.4253300	40.2527065	-8.4251608	27.74	underground
ATL	MAI-00043	41.2649000	-8.6152540	41.2648456	-8.6149302	27.73	surface
EDP	ALM-00093	38.6623300	-9.1980900	38.6621084	-9.1979436	27.73	surface
MAK	LSB-00742	38.7107850	-9.1431950	38.7106502	-9.1434638	27.72	underground
EDP	TBU-00005	40.3608300	-8.0278190	40.3606890	-8.0275494	27.71	surface
MOT	VLC-00023	40.8500000	-8.3970000	40.8502242	-8.3968578	27.65	surface
MOT	SNT-00041	38.7750470	-9.3419780	38.7749456	-9.3416871	27.62	surface
GLP	MTS-00188	41.2285000	-8.6976700	41.2286870	-8.6978870	27.60	surface
MOA	ELV-00008	38.8776400	-7.1719700	38.8775221	-7.1716902	27.54	surface
EDP	STB-00120	38.5266200	-8.8729360	38.5267223	-8.8726477	27.54	surface
EDP	PRT-00213	41.1613100	-8.6404840	41.1613462	-8.6401587	27.53	underground
EDP	GDM-00026	41.1745570	-8.5661030	41.1743206	-8.5662006	27.53	underground
MAK	LSB-01151	38.7551960	-9.1400000	38.7549933	-9.1398179	27.52	surface
HRZ	STS-00019	41.3407060	-8.4721650	41.3409308	-8.4720273	27.51	surface
REP	VCT-00077	41.6850660	-8.7532140	41.6852060	-8.7529412	27.49	surface
EDP	LSB-00794	38.7291220	-9.1409190	38.7292914	-9.1406883	27.48	underground
EDP	VIS-00081	40.5295870	-7.8516890	40.5293505	-7.8517829	27.47	surface
REP	PFR-00013	41.2609750	-8.3986080	41.2611988	-8.3984698	27.44	surface
HRZ	LSB-00174	38.6959900	-9.2083490	38.6958540	-9.2080853	27.43	surface
EDP	NZR-00016	39.6063960	-9.0742310	39.6062931	-9.0739400	27.43	surface
MAK	LSB-00726	38.7221500	-9.1497360	38.7223322	-9.1499485	27.39	underground
MAK	LSB-00987	38.7167970	-9.1429160	38.7169376	-9.1431741	27.31	underground
REP	AMD-00122	38.7435000	-9.2109110	38.7432691	-9.2108038	27.31	surface
HRZ	VNG-00228	41.1254700	-8.6354670	41.1252266	-8.6355094	27.30	surface
EDP	LMG-00005	41.1536200	-7.7847690	41.1533784	-7.7847113	27.30	surface
GLP	TMC-00003	41.1780740	-7.0418570	41.1779430	-7.0415814	27.28	surface
HRZ	PRT-00353	41.1640620	-8.5842850	41.1640326	-8.5839615	27.28	underground
ATL	LSB-01000	38.7669300	-9.1729100	38.7667276	-9.1730869	27.23	surface
GLP	LSB-00410	38.7582130	-9.0980890	38.7584142	-9.0982680	27.23	underground
HRZ	LSB-00176	38.6959900	-9.2083490	38.6958564	-9.2080861	27.23	surface
EDP	LRS-00230	38.8593600	-9.1612940	38.8595884	-9.1614063	27.19	surface
KLS	TVD-00103	39.0974000	-9.2780500	39.0974966	-9.2783393	27.18	surface
KLS	TVD-00102	39.0974000	-9.2780500	39.0974912	-9.2783419	27.15	surface
LOG	PRT-00021	41.1472970	-8.6207570	41.1472491	-8.6210745	27.11	underground
EDP	LSB-00403	38.7532160	-9.1834140	38.7534247	-9.1835749	27.08	surface
EMA	PST-00011	33.0571600	-16.3390670	33.0572884	-16.3388202	27.07	surface
GLP	VFR-00043	40.9218800	-8.5699310	40.9221113	-8.5700313	27.06	surface
EDP	LMG-00006	41.1536200	-7.7847690	41.1533779	-7.7847398	27.03	surface
VIS	VIS-00022	40.6436770	-7.9116040	40.6437441	-7.9119118	27.02	surface
MAK	LSB-01153	38.7551960	-9.1400000	38.7549612	-9.1399198	27.02	surface
EDP	VNG-00088	41.1431100	-8.6477800	41.1432113	-8.6480732	27.01	surface
EDP	VIS-00105	40.6576300	-7.9101510	40.6574803	-7.9104030	27.00	underground
FCT	OVR-00031	40.9050640	-8.6125130	40.9051236	-8.6122018	26.98	surface
HRZ	SNT-00184	38.7816540	-9.3300200	38.7817331	-9.3297258	26.98	surface
FCT	MOR-00002	38.8952370	-8.0239280	38.8950567	-8.0237196	26.97	surface
GLP	LSB-00515	38.7235300	-9.1492030	38.7233309	-9.1490257	26.96	underground
MAK	PRT-00060	41.1573140	-8.6271930	41.1571485	-8.6269585	26.91	underground
MOT	LSB-00633	38.7470320	-9.1673290	38.7470214	-9.1670194	26.88	underground
CIR	LSB-00275	38.7329300	-9.1446560	38.7329455	-9.1449651	26.87	surface
ATL	LRS-00110	38.8366500	-9.1687700	38.8364554	-9.1685863	26.86	surface
MAK	LSB-01152	38.7551960	-9.1400000	38.7549774	-9.1398683	26.86	surface
EDP	LRA-00092	39.8502100	-8.8650840	39.8499739	-8.8650185	26.84	surface
HRZ	FIG-00066	40.1653800	-8.8528600	40.1656165	-8.8529224	26.83	surface
IBD	ABF-00095	37.1940730	-8.2225720	37.1941755	-8.2222984	26.78	surface
IBD	PRT-00362	41.1630400	-8.6301040	41.1628815	-8.6298633	26.77	underground
EDP	BRG-00095	41.3747250	-8.2817010	41.3744986	-8.2815923	26.76	surface
EZC	ALM-00128	38.6813130	-9.1606760	38.6814850	-9.1608916	26.76	underground
ATL	FAF-00020	41.4481300	-8.1758700	41.4479002	-8.1757749	26.75	surface
GLP	VFR-00024	40.9838300	-8.4913190	40.9839964	-8.4915492	26.75	surface
MAK	SSB-00033	38.4424100	-9.0949000	38.4426436	-9.0948280	26.72	underground
ATL	LOU-00012	41.3048100	-8.2624110	41.3045883	-8.2625337	26.70	surface
MAK	LSB-00917	38.7263600	-9.1511700	38.7265527	-9.1509866	26.69	surface
MAK	LSB-01103	38.7596700	-9.0943780	38.7599092	-9.0944020	26.68	underground
EDP	AVR-00033	40.6326370	-8.6511980	40.6324727	-8.6509680	26.65	underground
ATL	SBA-00006	37.1532860	-7.8934560	37.1531387	-7.8936930	26.64	surface
ATL	PRT-00229	41.1778600	-8.6539500	41.1778145	-8.6542624	26.63	underground
REP	STS-00062	41.3399700	-8.4825800	41.3398582	-8.4822980	26.62	surface
EDP	VLG-00021	41.2057900	-8.5493770	41.2055513	-8.5494018	26.62	surface
EDP	CSC-00093	38.7214000	-9.3391520	38.7214165	-9.3388459	26.62	surface
ATL	PRT-00221	41.1624370	-8.6059880	41.1622141	-8.6061025	26.57	underground
MAK	LSB-01183	38.7319030	-9.1465640	38.7319138	-9.1468699	26.56	underground
EDP	LRS-00063	38.8074720	-9.1565530	38.8074384	-9.1568559	26.51	surface
HRZ	CNS-90001	39.4780580	-8.3360500	39.4778810	-8.3362567	26.50	surface
EDP	CNF-00002	41.0901000	-8.0797620	41.0900250	-8.0794620	26.49	surface
GLP	LSB-00859	38.7007300	-9.1835010	38.7009681	-9.1835080	26.48	underground
EDP	VND-00010	38.6223680	-8.5783880	38.6224420	-8.5780987	26.45	surface
HLX	VVD-00022	41.6527700	-8.4384920	41.6525766	-8.4386771	26.44	surface
ATL	BTL-00006	39.6640360	-8.8254000	39.6642080	-8.8256130	26.42	surface
GLP	OFR-90002	40.7304400	-8.1736080	40.7302043	-8.1735704	26.40	surface
EDP	SLV-00003	37.1046640	-8.3704630	37.1044383	-8.3705546	26.38	underground
HRZ	SXL-00009	38.6261330	-9.1110690	38.6263486	-9.1109429	26.36	surface
ATL	LRA-80004	39.7516000	-8.8091700	39.7516938	-8.8088871	26.34	surface
ATL	GMR-00120	41.4477600	-8.2984300	41.4479575	-8.2982556	26.34	surface
HRZ	LSB-00575	38.7011400	-9.1757290	38.7009416	-9.1755635	26.32	surface
EDP	GDM-00025	41.1745570	-8.5661030	41.1743723	-8.5662997	26.32	underground
ATL	LLE-00176	37.0900270	-8.0340260	37.0901070	-8.0337468	26.31	surface
EDP	VNG-00183	41.0851600	-8.6328570	41.0850499	-8.6325793	26.30	surface
EDP	LSB-00454	38.7075770	-9.1814560	38.7077376	-9.1816783	26.29	surface
GLP	CTB-00057	39.8208800	-7.4863080	39.8206482	-7.4862477	26.28	surface
GLP	MOBI-LSB-00092	38.7572020	-9.1760670	38.7571977	-9.1757640	26.28	underground
GLP	AZB-00030	39.1233560	-8.9077570	39.1235366	-8.9075607	26.27	surface
ATL	LGS-00047	37.1131300	-8.6760400	37.1129049	-8.6761286	26.23	surface
EDP	SNT-00170	38.7770160	-9.3363480	38.7770809	-9.3366388	26.22	surface
ATL	LLE-00172	37.0823170	-8.1200970	37.0821272	-8.1199218	26.21	surface
MLT	MTS-00016	41.1832120	-8.6535420	41.1832557	-8.6538496	26.20	underground
MAK	LSB-00771	38.7167970	-9.1429160	38.7165675	-9.1428492	26.17	underground
HRZ	SNT-00180	38.7825000	-9.3755610	38.7823861	-9.3758249	26.15	surface
ATL	AVR-00062	40.6473200	-8.6463200	40.6472698	-8.6466224	26.12	underground
CSC	CSC-00104	38.7016260	-9.4280040	38.7015133	-9.4282678	26.10	underground
GLP	ORQ-00008	37.6125140	-8.2460150	37.6127121	-8.2458562	26.09	surface
EDP	BRG-00087	41.5429500	-8.3988200	41.5427171	-8.3987838	26.07	surface
ATL	TVD-80005	39.0930020	-9.2638800	39.0931089	-9.2641480	26.00	surface
NEU	LSB-00448	38.7749520	-9.0984150	38.7747579	-9.0982478	26.00	underground
ATL	VIS-00095	40.6565930	-7.9089680	40.6564706	-7.9092305	25.99	surface
EDP	SNT-00113	38.7697000	-9.3038780	38.7696579	-9.3041729	25.99	underground
MLT	MFR-00004	38.9267200	-9.2353090	38.9265458	-9.2351091	25.97	surface
HLX	CSC-00149	38.7019800	-9.4163000	38.7022134	-9.4162908	25.97	underground
IBD	VNG-00205	41.1312260	-8.6453700	41.1312702	-8.6456743	25.96	surface
REP	PRG-00002	41.1647600	-7.7939500	41.1646651	-7.7936671	25.93	surface
EML	LSB-00423	38.7733760	-9.1595900	38.7735276	-9.1598172	25.92	surface
REP	SSB-00036	38.4731900	-9.0831310	38.4733243	-9.0833740	25.89	surface
GLP	LRS-00119	38.8165170	-9.1479850	38.8167469	-9.1480316	25.88	underground
EDP	ALM-00094	38.6623200	-9.1980900	38.6621402	-9.1979008	25.88	surface
EDP	OAZ-00005	40.8278100	-8.4828610	40.8276275	-8.4830517	25.87	surface
MAK	PRT-00053	41.1474570	-8.6089280	41.1476557	-8.6090886	25.86	underground
MAK	LSB-00439	38.7122460	-9.1506200	38.7124608	-9.1505064	25.84	underground
ATL	FAF-00022	41.4481300	-8.1758700	41.4479009	-8.1758191	25.83	surface
EDP	LMG-00013	41.0906330	-7.7992000	41.0907004	-7.7994949	25.83	surface
GLP	MOBI-LSB-00112	38.7572020	-9.1760670	38.7570858	-9.1758099	25.77	underground
MAK	PRT-00061	41.1573140	-8.6271930	41.1571698	-8.6269523	25.75	underground
GLP	EPS-00023	41.5576900	-8.7807700	41.5574614	-8.7808196	25.75	surface
GRN	OER-00160	38.7119060	-9.2974590	38.7118491	-9.2977467	25.75	surface
ATL	VLG-00034	41.2019040	-8.5066200	41.2017728	-8.5068736	25.75	surface
FCT	LLE-00228	37.1008530	-8.0021080	37.1008807	-8.0018200	25.73	surface
GLP	LRS-00120	38.8165170	-9.1479850	38.8167460	-9.1480256	25.71	underground
ECI	CLD-00024	39.3980560	-9.1350000	39.3982869	-9.1349868	25.70	surface
GLP	STS-00053	41.3630000	-8.3963330	41.3632308	-8.3963296	25.67	surface
ATL	LSB-80124	38.7414550	-9.1351110	38.7416855	-9.1351257	25.66	surface
EZC	ALM-00130	38.6545700	-9.1527480	38.6547269	-9.1529647	25.66	underground
EDP	ILH-00031	40.6026500	-8.6655260	40.6024801	-8.6653205	25.65	surface
EDP	FUN-00020	32.6466260	-16.9226530	32.6468540	-16.9226944	25.65	underground
HRZ	LSB-01235	38.7234760	-9.1614130	38.7235649	-9.1616857	25.64	underground
MOT	AMT-00025	41.2540930	-8.0734160	41.2542861	-8.0732497	25.58	surface
PRI	CBR-00062	40.1937700	-8.4120420	40.1938992	-8.4122910	25.57	surface
EZC	ALM-00129	38.6813130	-9.1606760	38.6814901	-9.1608634	25.54	underground
EDP	PTL-00021	41.7612100	-8.5893010	41.7614358	-8.5893570	25.53	surface
REP	VIS-00001	40.6237400	-7.9325620	40.6236233	-7.9328223	25.51	surface
HRZ	FUN-00030	32.6494200	-16.9038930	32.6496150	-16.9037494	25.51	underground
MAK	LSB-00743	38.7107850	-9.1431950	38.7106541	-9.1434356	25.45	underground
EDP	ILH-90001	40.6133040	-8.7495280	40.6135288	-8.7495842	25.44	surface
EDP	LGS-90001	37.1091600	-8.6763690	37.1089346	-8.6763198	25.44	surface
GLP	LSB-00411	38.7582130	-9.0980890	38.7583747	-9.0982965	25.44	underground
EDP	BRG-00129	41.7268700	-8.1628190	41.7266567	-8.1629293	25.42	underground
GLP	FAR-90003	37.0179100	-7.9388800	37.0176838	-7.9388388	25.42	surface
GLP	LRA-00200	39.7345000	-8.8222480	39.7343271	-8.8224421	25.40	surface
GLP	CSC-90009	38.6880200	-9.3370220	38.6880723	-9.3367372	25.39	surface
EDP	SNT-00163	38.7512400	-9.3054780	38.7512133	-9.3051872	25.39	surface
GLP	CBR-00123	40.1985800	-8.4401920	40.1987489	-8.4399909	25.39	surface
TRK	TMR-00004	39.6056630	-8.4101925	39.6058824	-8.4101106	25.39	surface
GLP	PMS-90001	39.6002430	-8.8204780	39.6003600	-8.8202237	25.38	surface
FCT	LRS-00221	38.8544000	-9.1466320	38.8546247	-9.1465822	25.35	surface
CIR	LSB-00276	38.7329300	-9.1446560	38.7329865	-9.1449391	25.35	surface
BEL	CSC-00220	38.7452550	-9.3415710	38.7453862	-9.3413320	25.35	surface
GLP	PRT-00123	41.1560000	-8.6306370	41.1560680	-8.6303484	25.32	underground
GRN	OER-00163	38.7016450	-9.3020080	38.7014646	-9.3021858	25.31	surface
ATL	OBD-00026	39.3524780	-9.1586370	39.3525325	-9.1589227	25.30	surface
GLP	AJT-00027	37.9235500	-8.2433400	37.9237630	-8.2432389	25.29	surface
GLP	TVD-00093	39.0346870	-9.2431790	39.0344905	-9.2433263	25.28	underground
HRZ	PRT-00194	41.1622160	-8.6533390	41.1624254	-8.6534566	25.28	underground
GLG	VCT-00030	41.6966930	-8.8435300	41.6966108	-8.8432464	25.26	surface
HLX	STB-00076	38.5375300	-8.8763420	38.5377148	-8.8765102	25.22	underground
EDP	LSB-00878	38.7134060	-9.1539340	38.7135120	-9.1536770	25.22	underground
ZUN	BRG-00085	41.4877500	-8.4298400	41.4879087	-8.4300559	25.20	surface
HRZ	STS-00020	41.3407060	-8.4721650	41.3409122	-8.4720401	25.19	surface
EDP	FND-00022	40.1567500	-7.4972500	40.1565261	-7.4972051	25.19	surface
HRZ	VRL-00021	41.2930530	-7.7377677	41.2931182	-7.7380562	25.17	surface
IBD	SMP-00002	41.2565300	-7.7692466	41.2566978	-7.7690446	25.16	surface
FCT	BRG-00165	41.5795300	-8.4305550	41.5796645	-8.4303118	25.16	surface
EMA	PST-00015	33.0540730	-16.3415470	33.0542012	-16.3417694	25.16	surface
EDP	ALM-90022	38.6483900	-9.1834500	38.6481653	-9.1834836	25.16	surface
EVC	BRG-00055	41.5813500	-8.4255820	41.5811752	-8.4253903	25.14	surface
EDP	CLD-00018	39.4059030	-9.1464140	39.4060671	-9.1462128	25.14	surface
ATL	MCN-00016	41.1787500	-8.1492200	41.1785834	-8.1490173	25.12	surface
PRI	OBD-00008	39.3547500	-9.1590790	39.3546212	-9.1593190	25.12	surface
TRK	SSL-00004	38.9479370	-7.8082666	38.9481548	-7.8081904	25.10	surface
HRZ	LRS-00049	38.8081130	-9.0945570	38.8079163	-9.0944156	25.07	surface
EDP	LSB-00716	38.7076800	-9.1489070	38.7078709	-9.1490606	25.06	underground
PRI	FAR-00034	37.0371000	-7.9570420	37.0373186	-7.9571104	25.05	surface
GLP	LLE-00105	37.0969620	-7.9962490	37.0970508	-7.9965086	25.05	underground
GLP	MTS-00187	41.1794170	-8.6903840	41.1795502	-8.6906254	25.05	underground
EML	LSB-00259	38.7087500	-9.1310670	38.7086168	-9.1312998	25.05	surface
HRZ	MLD-00040	40.3895030	-8.4503920	40.3892881	-8.4504806	25.05	surface
GLG	ALM-00040	38.6358340	-9.1958330	38.6356089	-9.1958276	25.03	surface
HRZ	FNC-00076	32.6477200	-16.9030600	32.6475587	-16.9032463	25.02	underground
EDP	LSB-00589	38.7250670	-9.1511380	38.7248422	-9.1511399	25.00	underground
EVI	TNV-00027	39.4701040	-8.5310950	39.4700829	-8.5313849	24.99	surface
MLT	CSC-00090	38.6821600	-9.3278310	38.6822591	-9.3275726	24.99	underground
EDP	SNT-00144	38.7594260	-9.2584270	38.7592162	-9.2585294	24.96	underground
MOT	LSB-00634	38.7470320	-9.1673290	38.7470085	-9.1670429	24.95	underground
GLP	ABF-00013	37.1294630	-8.2820820	37.1292410	-8.2820419	24.94	surface
MAK	LSB-00240	38.7221500	-9.1497360	38.7223159	-9.1499294	24.94	underground
ATL	MTS-00134	41.1955000	-8.6117330	41.1954370	-8.6120190	24.93	surface
GLP	LSB-00417	38.7582130	-9.0980890	38.7582974	-9.0983554	24.93	underground
KLS	SNT-00129	38.7584340	-9.3809880	38.7582116	-9.3809519	24.93	surface
GLP	LSB-90169	38.7066650	-9.1462110	38.7065567	-9.1464625	24.93	surface
GLG	MTS-00092	41.2056400	-8.6398600	41.2056851	-8.6401517	24.91	surface
EDP	OER-00221	38.6993100	-9.3040830	38.6992492	-9.3038067	24.91	surface
ATL	SNT-00126	38.7584340	-9.3809880	38.7582193	-9.3809059	24.91	surface
GLP	FNC-00042	32.6596150	-16.9511900	32.6597480	-16.9509759	24.91	underground
ATL	SNT-00183	38.8361300	-9.3561100	38.8359067	-9.3560880	24.90	surface
EDP	LSB-00931	38.7509420	-9.1594960	38.7511629	-9.1594507	24.88	surface
ATL	PFR-00014	41.2868200	-8.3326400	41.2868257	-8.3323426	24.86	surface
IBD	FAF-00019	41.4465000	-8.1623420	41.4462788	-8.1622991	24.85	underground
GLP	ABF-00012	37.1294630	-8.2820820	37.1292411	-8.2820484	24.85	surface
EDP	GDL-00066	38.1671830	-8.4922210	38.1670402	-8.4920023	24.85	surface
MAK	LSB-00438	38.7122460	-9.1506200	38.7124594	-9.1505358	24.83	underground
ATL	ACH-00030	38.7510300	-8.9389700	38.7512426	-8.9388831	24.81	surface
GLG	GMR-00017	41.4515700	-8.3010900	41.4514238	-8.3013149	24.81	surface
EDP	AVR-00010	40.6387980	-8.6522080	40.6388106	-8.6525012	24.78	underground
ATL	CHV-00024	41.7826700	-7.4382800	41.7825490	-7.4385308	24.77	surface
EDP	CNF-00005	41.0008350	-8.1761550	41.0008284	-8.1758600	24.77	surface
EDP	OER-00015	38.6964600	-9.2897900	38.6964889	-9.2900727	24.74	surface
MLT	PRT-00113	41.1526220	-8.6541630	41.1528412	-8.6541139	24.72	surface
GLP	LSB-00412	38.7582130	-9.0980890	38.7583361	-9.0983259	24.68	underground
EDP	VIZ-00009	41.3712200	-8.3112980	41.3711347	-8.3110249	24.68	surface
KLS	TVD-00105	39.0974000	-9.2780500	39.0974897	-9.2783116	24.68	surface
MAK	PRT-00299	41.1573140	-8.6271930	41.1571915	-8.6269473	24.67	underground
KLS	TVD-00104	39.0974000	-9.2780500	39.0974847	-9.2783141	24.66	surface
GLP	LRS-00143	38.7960620	-9.1169890	38.7959670	-9.1167322	24.63	surface
EDP	STR-00022	39.3919700	-8.6379960	39.3921381	-8.6381827	24.63	surface
MOT	FUN-00026	32.6366600	-16.9428600	32.6365381	-16.9426404	24.63	underground
REP	MTS-00195	41.1921700	-8.6593080	41.1922876	-8.6590586	24.63	surface
PRI	CBR-00069	40.1937700	-8.4120420	40.1939622	-8.4118980	24.62	surface
EDP	SRD-00002	39.5256580	-8.1561250	39.5256559	-8.1558380	24.62	surface
HRZ	VNG-00128	41.0764160	-8.6014140	41.0762684	-8.6016328	24.61	surface
GLP	LSB-00998	38.7491100	-9.1302220	38.7489271	-9.1300625	24.60	surface
HEX	LSB-00832	38.7498200	-9.1846000	38.7496689	-9.1843934	24.56	surface
EML	LSB-01176	38.7599800	-9.1984400	38.7599952	-9.1981574	24.56	surface
IBD	VNG-00206	41.1312260	-8.6453700	41.1312278	-8.6456629	24.53	surface
MOT	LRA-00126	39.8517100	-8.8704900	39.8514917	-8.8705276	24.49	surface
HRZ	SNT-00185	38.7816540	-9.3300200	38.7817268	-9.3297536	24.47	surface
GLP	FNC-00041	32.6596150	-16.9511900	32.6597482	-16.9509825	24.43	underground
EDP	PRT-00214	41.1613100	-8.6404840	41.1613727	-8.6402044	24.42	underground
ATL	PRT-00283	41.1594700	-8.6390500	41.1592559	-8.6391130	24.38	underground
GLP	LSB-00858	38.7007300	-9.1835010	38.7009447	-9.1835573	24.37	underground
MOT	ALM-00112	38.6626320	-9.1996600	38.6624208	-9.1997347	24.36	surface
GLG	MTS-00094	41.1718860	-8.6784170	41.1720908	-8.6783140	24.35	surface
GLP	PVZ-00046	41.3951030	-8.7665310	41.3953215	-8.7665487	24.34	surface
EDP	PRT-00094	41.1482000	-8.6120600	41.1479998	-8.6119425	24.34	underground
MAK	LSB-00916	38.7263600	-9.1511700	38.7265398	-9.1510107	24.30	surface
ATL	CSC-00519	38.7004400	-9.4179530	38.7004774	-9.4176774	24.28	surface
EDP	LRA-00129	39.7207030	-8.8306540	39.7206351	-8.8309237	24.27	surface
EZC	ALM-00131	38.6545700	-9.1527480	38.6547046	-9.1529680	24.27	underground
GLG	PRT-00171	41.1513000	-8.6341000	41.1512966	-8.6343892	24.22	surface
GLP	LRS-00146	38.8152770	-9.1483330	38.8154713	-9.1482069	24.21	surface
CME	OER-00301	38.7215800	-9.2340220	38.7216147	-9.2337466	24.20	underground
MAK	PRT-00054	41.1474570	-8.6089280	41.1476504	-8.6090605	24.20	underground
EDP	SNT-00114	38.7697000	-9.3038780	38.7697011	-9.3041571	24.20	underground
HRZ	LRS-00235	38.7825740	-9.1112040	38.7826762	-9.1114501	24.17	underground
GLP	SXL-00026	38.6197500	-9.0887110	38.6199662	-9.0886840	24.15	surface
MAK	LSB-01104	38.7596700	-9.0943780	38.7598863	-9.0944037	24.15	underground
GLP	LSB-00892	38.6933170	-9.2212570	38.6931330	-9.2214046	24.14	underground
ENB	AVR-00103	40.6270300	-8.6453800	40.6271686	-8.6451599	24.14	underground
ATL	ACH-00031	38.7510300	-8.9389700	38.7512399	-8.9389000	24.12	surface
EDP	PRT-00095	41.1482000	-8.6120600	41.1480003	-8.6119490	24.07	underground
EDP	LRA-00085	39.7411460	-8.7963460	39.7411885	-8.7960701	24.06	surface
TRK	TMR-00027	39.6048200	-8.4086970	39.6046237	-8.4088145	24.04	surface
HLX	LLE-00243	37.1017300	-7.9998470	37.1016967	-8.0001144	24.00	underground
GLP	VNG-00076	41.1241500	-8.6147800	41.1240341	-8.6145383	24.00	underground
HRZ	LRA-00022	39.7339020	-8.8260350	39.7340772	-8.8261988	23.99	underground
EDP	LGA-00038	37.1376400	-8.5204800	37.1378440	-8.5203919	23.99	underground
EDP	SNT-00027	38.7628900	-9.3670940	38.7630454	-9.3669022	23.98	surface
MAK	LSB-00437	38.7122460	-9.1506200	38.7124572	-9.1505641	23.98	underground
HLX	GDL-00059	38.3070800	-8.7432850	38.3071625	-8.7435389	23.98	surface
ATL	RMZ-00010	38.4298930	-7.5329750	38.4301064	-7.5329364	23.97	surface
EDP	SLV-00004	37.1046640	-8.3704630	37.1044615	-8.3705547	23.94	underground
FCT	CNT-00037	40.3479350	-8.5853080	40.3477848	-8.5851057	23.93	surface
ATL	VFR-00081	40.9855700	-8.5901030	40.9857744	-8.5900139	23.93	surface
EDP	SNT-00023	38.7628900	-9.3670940	38.7630283	-9.3668829	23.91	surface
MLT	MTS-00017	41.1832120	-8.6535420	41.1832590	-8.6538207	23.90	underground
EDP	ABF-00069	37.0986250	-8.2591270	37.0985778	-8.2593899	23.90	surface
MAK	PRT-00300	41.1573140	-8.6271930	41.1572128	-8.6269412	23.90	underground
EDP	SNT-00080	38.7791600	-9.3415850	38.7793741	-9.3415626	23.89	surface
GLP	PRT-00107	41.1516650	-8.6062680	41.1515813	-8.6060054	23.88	underground
GLP	MTJ-00116	38.7142300	-8.9726390	38.7140277	-8.9727289	23.81	surface
GLP	MOBI-LSB-00091	38.7572020	-9.1760670	38.7571982	-9.1757927	23.79	underground
GLP	LSB-00891	38.6933170	-9.2212570	38.6931355	-9.2214015	23.76	underground
MOB	CLD-00004	39.4072270	-9.1361380	39.4070397	-9.1362711	23.76	underground
ATL	VCD-00074	41.2996670	-8.7050620	41.2995846	-8.7047999	23.73	surface
CPS	TVD-00096	39.1138900	-9.3682390	39.1137755	-9.3680070	23.72	surface
ATL	CPR-80001	40.0061230	-8.2094990	40.0060588	-8.2097644	23.71	surface
EDP	LSB-00113	38.7080150	-9.1395650	38.7078809	-9.1393528	23.69	underground
EDP	SNT-00145	38.7594260	-9.2584270	38.7592160	-9.2584730	23.69	underground
PLG	AMD-00030	38.7773000	-9.2202220	38.7771985	-9.2199820	23.67	underground
ATL	MTS-00202	41.1746860	-8.6873620	41.1745813	-8.6876081	23.66	surface
EDP	MTJ-00044	38.7087480	-8.9752660	38.7089309	-8.9751269	23.65	underground
ATL	PTM-00077	37.1468400	-8.5495300	37.1469667	-8.5493159	23.63	surface
GLP	MOBI-LSB-00111	38.7572020	-9.1760670	38.7570865	-9.1758387	23.60	underground
ATL	ETZ-00023	38.8391300	-7.5797400	38.8392820	-7.5795500	23.59	surface
GLP	BNV-00018	38.9223060	-8.8818060	38.9221130	-8.8819187	23.57	surface
HRZ	CVL-00012	40.2194670	-7.5254130	40.2196285	-7.5255927	23.56	surface
PLG	AMD-00036	38.7770040	-9.2202220	38.7770651	-9.2199618	23.56	underground
PRI	VNF-00026	41.3872950	-8.5281830	41.3871008	-8.5282957	23.55	surface
ATL	TNV-00035	39.4711000	-8.5394510	39.4709474	-8.5396409	23.53	surface
ATL	STS-00022	41.3390000	-8.4948570	41.3392064	-8.4949187	23.52	surface
HLX	CSC-00150	38.7019800	-9.4163000	38.7021914	-9.4162909	23.52	underground
GLP	MFR-00054	38.9535450	-9.4122800	38.9535833	-9.4125474	23.51	underground
ATL	VFX-00038	38.9092940	-9.0282160	38.9093773	-9.0279664	23.50	indoor
HRZ	LRS-00153	38.7825740	-9.1112040	38.7826761	-9.1114409	23.46	underground
EVC	VNG-00246	41.1265680	-8.6356130	41.1264760	-8.6353609	23.46	surface
EDP	VNG-00239	41.1009500	-8.5986270	41.1010282	-8.5988870	23.46	surface
ATL	PGR-80001	39.9182620	-8.1449210	39.9183392	-8.1446651	23.45	surface
IBD	LSB-01045	38.7869760	-9.1493560	38.7868897	-9.1491095	23.42	underground
ATL	VCD-00071	41.2996670	-8.7050620	41.2995821	-8.7048056	23.41	surface
MLT	LSB-00309	38.7493250	-9.1774260	38.7492880	-9.1776917	23.41	underground
HRZ	LSB-00963	38.7543070	-9.1086220	38.7542979	-9.1088914	23.38	surface
EVC	VNG-00245	41.1265680	-8.6356130	41.1264810	-8.6353589	23.38	surface
EDP	VIS-00133	40.6736530	-7.9102910	40.6734648	-7.9101676	23.37	surface
PRI	GRD-00027	40.5523600	-7.2488700	40.5524040	-7.2491400	23.33	surface
ATL	MFR-00034	38.9299430	-9.2454120	38.9297345	-9.2454414	23.32	surface
GLP	ALM-00084	38.6303800	-9.1765070	38.6304865	-9.1767379	23.29	surface
MAK	PRT-00301	41.1573140	-8.6271930	41.1572340	-8.6269360	23.28	underground
EDP	MLD-00051	40.3878500	-8.4504240	40.3880180	-8.4502600	23.28	surface
EVC	VNG-00243	41.1265680	-8.6356130	41.1265249	-8.6353414	23.25	surface
GLP	FVN-00002	39.9061470	-8.2810180	39.9063507	-8.2809567	23.25	surface
EML	LSB-00419	38.7733760	-9.1595900	38.7735723	-9.1596818	23.23	surface
HRZ	CSC-00138	38.7104300	-9.4558640	38.7106289	-9.4559457	23.22	surface
EVC	VNG-00244	41.1265680	-8.6356130	41.1265208	-8.6353431	23.21	surface
MOO	LRA-00046	39.7638440	-8.7849340	39.7637517	-8.7851773	23.19	surface
GLP	VRL-00048	41.2930530	-7.7358320	41.2932580	-7.7358829	23.19	surface
GLP	LSB-00857	38.7007300	-9.1835010	38.7009215	-9.1836067	23.19	underground
PRI	LSB-00861	38.7373400	-9.1515720	38.7372766	-9.1518266	23.18	underground
MOT	PNF-00040	41.2050600	-8.2751350	41.2051129	-8.2754026	23.15	surface
GLP	PRT-00337	41.1601220	-8.6407060	41.1602991	-8.6405607	23.15	underground
EDP	VVD-00011	41.6421600	-8.4349320	41.6421350	-8.4346555	23.14	surface
MAK	LSB-00744	38.7107850	-9.1431950	38.7106575	-9.1434054	23.11	underground
HRZ	MLD-00041	40.3895030	-8.4503920	40.3892971	-8.4504276	23.09	surface
REP	CSC-00070	38.7127040	-9.3937860	38.7128827	-9.3939216	23.09	surface
EDP	VNG-00161	41.1083530	-8.6207960	41.1085577	-8.6207500	23.09	surface
EZC	ALM-00132	38.6545700	-9.1527480	38.6546823	-9.1529716	23.09	underground
EPO	LSB-00814	38.7390800	-9.1445300	38.7389130	-9.1446880	23.08	underground
GLP	LSB-00856	38.7007300	-9.1835010	38.7008985	-9.1836561	23.07	underground
HRZ	VFX-00020	38.8862900	-9.0463320	38.8864960	-9.0463020	23.05	surface
MOT	TVD-00064	39.1005550	-9.2861910	39.1007486	-9.2862862	23.04	surface
HRZ	BRG-00072	41.5577600	-8.4061120	41.5575774	-8.4062423	23.02	underground
HRZ	LSB-00211	38.7209100	-9.1597740	38.7210566	-9.1595867	23.02	underground
GLG	AVR-00039	40.6600720	-8.5912910	40.6601946	-8.5910712	23.01	surface
GLP	LSB-00976	38.7322770	-9.1420560	38.7324014	-9.1418441	23.00	underground
HRZ	VNG-00242	41.0573540	-8.5675360	41.0571478	-8.5675510	22.96	surface
EDP	STR-00024	39.3922400	-8.6384390	39.3921777	-8.6381843	22.96	surface
GLG	MTS-00029	41.1831550	-8.6615830	41.1833313	-8.6614403	22.95	surface
LOG	PRT-00187	41.1473540	-8.6208920	41.1472118	-8.6210906	22.95	underground
GLP	LRA-00155	39.7313900	-8.7994530	39.7312341	-8.7992773	22.94	surface
ATL	VRS-00008	37.1914300	-7.4302100	37.1913491	-7.4299719	22.93	surface
HRZ	FUN-00029	32.6494200	-16.9038930	32.6495965	-16.9037669	22.90	underground
ATL	ORM-00011	39.6325070	-8.6808700	39.6324836	-8.6806045	22.89	underground
ATL	MTS-00146	41.1746860	-8.6873620	41.1747386	-8.6876262	22.87	surface
EDP	VCT-00036	41.6811140	-8.8291650	41.6810406	-8.8294219	22.84	surface
HRZ	CSC-00133	38.6857260	-9.3439660	38.6856213	-9.3437398	22.83	underground
EVP	PTM-00003	37.1489750	-8.5500430	37.1491703	-8.5501206	22.78	surface
ATL	VNG-00142	41.1136100	-8.6009280	41.1135141	-8.6011678	22.74	underground
LOG	LSB-00202	38.7528800	-9.1652690	38.7530647	-9.1651565	22.74	surface
EDP	ELV-00016	38.8760760	-7.1547270	38.8760600	-7.1544653	22.72	surface
MOT	TVD-00056	39.1539040	-9.3049540	39.1539786	-9.3051993	22.72	surface
GLP	OBR-00019	40.5353800	-8.6077090	40.5355227	-8.6075172	22.68	surface
MLT	CSC-00089	38.6821600	-9.3278310	38.6822445	-9.3275934	22.66	underground
PRI	MTS-00121	41.2183460	-8.6947990	41.2182001	-8.6949880	22.65	surface
MAK	LSB-00986	38.7167970	-9.1429160	38.7168993	-9.1431417	22.65	underground
PRI	CBR-00063	40.1937700	-8.4120420	40.1939076	-8.4122385	22.64	surface
EDP	OER-00016	38.6963100	-9.2899320	38.6964937	-9.2900445	22.64	surface
EDP	LSB-00877	38.7134060	-9.1539340	38.7135308	-9.1537279	22.63	underground
FCT	LRS-00222	38.8544000	-9.1466320	38.8546035	-9.1466329	22.63	surface
GLP	LSB-00327	38.7039450	-9.1740950	38.7039012	-9.1738406	22.61	underground
HRZ	LRA-00023	39.7339020	-8.8260350	39.7340875	-8.8261430	22.60	underground
GLP	FNC-00079	32.6567570	-16.9462400	32.6569151	-16.9460885	22.59	surface
HRZ	FUN-00033	32.6495250	-16.9049430	32.6494537	-16.9047172	22.58	underground
MAK	PRT-00055	41.1474570	-8.6089280	41.1476443	-8.6090320	22.57	underground
GLP	ABF-00036	37.0945000	-8.1776000	37.0946707	-8.1774625	22.56	surface
EDP	LSB-90097	38.7496070	-9.1499060	38.7494247	-9.1497918	22.56	surface
ATL	LSB-01233	38.7158100	-9.1632200	38.7160107	-9.1631835	22.54	underground
GLP	SNT-00195	38.8613900	-9.3269440	38.8614819	-9.3267120	22.54	surface
GLG	PLM-00016	38.5848500	-8.9310310	38.5849192	-8.9307879	22.49	surface
MOT	ALM-00116	38.6726500	-9.1555300	38.6724541	-9.1555942	22.48	surface
ATL	STB-00062	38.5254900	-8.8807350	38.5255352	-8.8804833	22.47	surface
EDP	VNG-00087	41.1431100	-8.6477800	41.1431931	-8.6480243	22.45	surface
MOT	CTB-00046	39.8085980	-7.5153522	39.8087931	-7.5154189	22.43	surface
TRK	MIR-00004	40.4553100	-8.8028500	40.4551661	-8.8030351	22.39	surface
HRZ	VNG-00225	41.1254700	-8.6354670	41.1252710	-8.6355074	22.39	surface
MAK	LSB-00239	38.7221500	-9.1497360	38.7222967	-9.1499125	22.37	underground
HRZ	MLD-00042	40.3895030	-8.4503920	40.3893019	-8.4503880	22.36	surface
HRZ	CSC-00135	38.6857260	-9.3439660	38.6855732	-9.3437990	22.33	underground
MOT	PNF-00041	41.2050600	-8.2751360	41.2050806	-8.2754014	22.32	surface
GLP	VCD-00061	41.3466700	-8.7385580	41.3464737	-8.7386116	22.28	underground
IBD	SJM-00054	40.8858380	-8.4897340	40.8856729	-8.4895840	22.27	underground
EDP	VIS-00106	40.6576300	-7.9101510	40.6575089	-7.9103611	22.26	underground
EDP	SCR-00010	32.6870700	-16.7930640	32.6871524	-16.7928473	22.25	underground
HRZ	LRS-00048	38.8081130	-9.0945570	38.8079570	-9.0943965	22.23	surface
KLS	TVD-00107	39.0974000	-9.2780500	39.0974833	-9.2782842	22.23	surface
PAR	AGD-00039	40.5876900	-8.4668000	40.5877312	-8.4665424	22.23	surface
EDP	VCD-00052	41.3700800	-8.7432730	41.3699899	-8.7435105	22.21	surface
HRZ	CSC-00134	38.6857260	-9.3439660	38.6855888	-9.3437802	22.20	underground
TRK	BJA-00032	38.0216200	-7.8644300	38.0216172	-7.8646834	22.20	surface
GLP	STB-00116	38.5494880	-8.8111710	38.5494492	-8.8114214	22.20	surface
HRZ	FIG-00004	40.1478100	-8.8360700	40.1478183	-8.8358094	22.17	surface
KLS	TVD-00106	39.0974000	-9.2780500	39.0974778	-9.2782864	22.16	surface
HRZ	VRL-00054	41.2974000	-7.7351910	41.2972269	-7.7350596	22.16	underground
PAR	AGD-00040	40.5876900	-8.4668000	40.5877515	-8.4665507	22.13	surface
CSC	CSC-00107	38.6994480	-9.4230170	38.6994559	-9.4232717	22.12	surface
IBD	SSB-00019	38.5437550	-9.0534950	38.5438114	-9.0532511	22.12	surface
ATL	MAI-00042	41.2255060	-8.6129220	41.2254035	-8.6131486	22.11	surface
EDP	VFX-00034	38.8901400	-9.0347500	38.8899888	-9.0345841	22.11	surface
EDP	ETR-00018	40.7553830	-8.5352600	40.7553795	-8.5349976	22.11	surface
HRZ	SNT-00179	38.7825000	-9.3755610	38.7824313	-9.3758001	22.09	surface
MAK	LSB-00912	38.7263600	-9.1511700	38.7265288	-9.1510369	22.04	surface
HRZ	OER-00098	38.7052300	-9.3018040	38.7050329	-9.3018276	22.01	underground
MLT	PRT-00112	41.1526220	-8.6541630	41.1528164	-8.6541136	22.01	surface
GLP	PRT-00124	41.1560000	-8.6306370	41.1560303	-8.6303773	22.00	underground
GLG	VIS-00008	40.6633400	-7.9058400	40.6634068	-7.9060853	21.98	surface
NEU	LSB-00447	38.7749520	-9.0984150	38.7748030	-9.0982486	21.97	underground
GLP	PNF-00029	41.2182920	-8.2922090	41.2181296	-8.2923579	21.94	surface
HLX	OER-00261	38.7251700	-9.2156310	38.7253547	-9.2155424	21.93	surface
EDP	PTM-00048	37.1286200	-8.5337300	37.1287889	-8.5338574	21.92	underground
EDP	STS-00018	41.3622670	-8.3945170	41.3621020	-8.3946605	21.91	surface
GLP	VNG-00036	41.1205060	-8.6256780	41.1203816	-8.6258806	21.89	surface
HRZ	VRL-00019	41.2945200	-7.7383350	41.2944347	-7.7385712	21.89	surface
MAK	LSB-00913	38.7263600	-9.1511700	38.7265257	-9.1510338	21.89	surface
CPS	CHV-00026	41.7316670	-7.4690650	41.7318590	-7.4690069	21.89	surface
HRZ	VRL-00055	41.2974000	-7.7351910	41.2972299	-7.7350596	21.87	underground
HRZ	LSB-00219	38.7010540	-9.1757790	38.7011011	-9.1755346	21.85	surface
TRK	MTJ-00059	38.7161030	-8.9671780	38.7159196	-8.9670881	21.83	surface
EDP	PTM-00010	37.1236530	-8.5901280	37.1236149	-8.5898865	21.83	surface
GLP	VNB-90001	39.4587550	-8.4311790	39.4588166	-8.4314203	21.82	surface
EDP	BJA-00064	37.8891750	-8.0211440	37.8889813	-8.0211824	21.80	surface
GLP	ASL-00029	38.5153500	-8.5859500	38.5152413	-8.5857415	21.80	surface
PLG	AMD-00035	38.7773000	-9.2200220	38.7771085	-9.2199684	21.79	underground
REP	CCH-00003	38.9022900	-8.6362450	38.9021376	-8.6360867	21.79	surface
EMA	PST-00010	33.0571600	-16.3390670	33.0572636	-16.3388688	21.77	surface
GLG	SNT-00046	38.7876430	-9.3413830	38.7878185	-9.3414943	21.77	surface
EDP	GDM-00019	41.1808300	-8.5362870	41.1810133	-8.5361957	21.77	surface
ATL	TNV-00016	39.4630800	-8.5206190	39.4631876	-8.5208306	21.75	surface
PRI	CBR-00068	40.1937700	-8.4120420	40.1939532	-8.4119538	21.70	surface
ATL	CSC-00419	38.7051770	-9.3644250	38.7051226	-9.3641849	21.69	underground
GLP	OER-00079	38.7144600	-9.3094210	38.7144596	-9.3096710	21.69	surface
MLT	MTS-00018	41.1832120	-8.6535420	41.1832623	-8.6537924	21.69	underground
MAK	LSB-01105	38.7596700	-9.0943780	38.7598637	-9.0944048	21.66	underground
HLX	LLE-00244	37.1017300	-7.9998470	37.1017035	-8.0000890	21.66	underground
EDP	LSB-00717	38.7076800	-9.1489070	38.7078264	-9.1490713	21.64	underground
EDP	SMG-00007	38.9965800	-8.7372790	38.9963876	-8.7372418	21.63	surface
TRK	ETZ-00016	38.8392800	-7.5832700	38.8393636	-7.5830447	21.61	surface
CME	OER-00300	38.7215800	-9.2340220	38.7216132	-9.2337766	21.61	underground
GLP	LGS-00038	37.1108250	-8.6796500	37.1109699	-8.6798122	21.60	surface
EDP	VCT-00039	41.6948050	-8.8422070	41.6949965	-8.8422500	21.59	surface
MAK	LSB-00770	38.7167970	-9.1429160	38.7166048	-9.1428809	21.59	underground
GLP	LRS-00117	38.8165170	-9.1479850	38.8167055	-9.1480433	21.56	underground
EDP	LSB-00930	38.7509420	-9.1594960	38.7511261	-9.1594182	21.55	surface
HRZ	GLG-00002	39.4086800	-8.4848000	39.4088192	-8.4849743	21.54	surface
ATL	CBR-00090	40.1916120	-8.3994770	40.1914255	-8.3995454	21.54	surface
PRI	SNT-00051	38.7927100	-9.3592150	38.7925167	-9.3592050	21.51	surface
EML	LSB-00424	38.7733760	-9.1595900	38.7734868	-9.1597934	21.51	surface
EDP	FAR-00068	37.0276760	-7.9423720	37.0275960	-7.9421514	21.51	surface
GLP	MOBI-LSB-00110	38.7572020	-9.1760670	38.7570871	-9.1758675	21.51	underground
EDP	GDM-00027	41.1745570	-8.5661030	41.1743833	-8.5662159	21.50	underground
EDP	CSC-00189	38.7188100	-9.4418100	38.7187190	-9.4415914	21.50	surface
MLT	LSB-00334	38.7644100	-9.0965760	38.7644749	-9.0968094	21.48	underground
EDP	AMT-00039	41.2815000	-8.0862180	41.2815260	-8.0859635	21.46	surface
GLP	PRT-00108	41.1516650	-8.6062680	41.1515892	-8.6060325	21.44	underground
REP	SJM-00008	40.8916600	-8.4938190	40.8915836	-8.4935850	21.43	surface
EDP	MTJ-00043	38.7087480	-8.9752660	38.7089299	-8.9751848	21.42	underground
EDP	VCT-90008	41.6466400	-8.7013490	41.6465085	-8.7015367	21.38	surface
EMA	CML-00059	32.6721600	-16.9788590	32.6721136	-16.9786374	21.37	surface
EDP	SSB-90001	38.4479500	-9.0999660	38.4481409	-9.0999386	21.36	surface
GLP	LRS-00118	38.8165170	-9.1479850	38.8167046	-9.1480373	21.35	underground
ATL	AVV-00010	41.8293300	-8.4156700	41.8294290	-8.4154494	21.34	surface
EDP	PRT-00259	41.1545300	-8.6306130	41.1546458	-8.6304100	21.32	surface
EDP	SNT-90008	38.8046300	-9.4495540	38.8047764	-9.4497129	21.32	surface
EDP	MFR-00056	38.9604950	-9.4174030	38.9606326	-9.4172313	21.32	surface
GLP	VNG-00200	41.0305800	-8.6407470	41.0305927	-8.6410005	21.31	surface
HLX	ABF-00113	37.0938870	-8.1986110	37.0939811	-8.1988202	21.30	surface
GLP	MOBI-LSB-00090	38.7572020	-9.1760670	38.7571988	-9.1758214	21.30	underground
GLP	LSB-00539	38.7405100	-9.1503370	38.7406999	-9.1503677	21.28	underground
EDP	LSB-00453	38.7395700	-9.1457560	38.7396072	-9.1455153	21.28	underground
REP	FUN-00038	32.6519500	-16.9262100	32.6519595	-16.9264366	21.24	surface
HRZ	VNG-00241	41.0573540	-8.5675360	41.0571652	-8.5674981	21.23	surface
EDP	LSB-00402	38.7532160	-9.1834140	38.7533797	-9.1835399	21.23	surface
MAK	PRT-00056	41.1474570	-8.6089280	41.1476390	-8.6090041	21.22	underground
PRI	SNT-00050	38.7924920	-9.3577810	38.7924685	-9.3575383	21.20	surface
MAK	LSB-00745	38.7107850	-9.1431950	38.7106593	-9.1433784	21.18	underground
ATL	FIG-00024	40.1495130	-8.8502460	40.1494381	-8.8500169	21.18	surface
FAC	MCH-00005	32.7728040	-16.8299310	32.7726183	-16.8298809	21.17	surface
EMA	SCR-00023	32.6461220	-16.8570750	32.6461653	-16.8568548	21.17	surface
GLP	SNT-00034	38.7814980	-9.3530810	38.7813193	-9.3531647	21.15	underground
CIR	PRD-00016	41.2090200	-8.3338400	41.2090059	-8.3335879	21.15	surface
EDP	SEI-00015	40.4206900	-7.7069780	40.4208474	-7.7071182	21.15	surface
SLX	RPN-00004	41.5037900	-7.8015230	41.5036885	-7.8017376	21.14	surface
HRZ	TBU-00004	40.3857570	-7.9496727	40.3856736	-7.9494488	21.11	surface
EDP	CDN-00002	40.1212920	-8.4985450	40.1214693	-8.4984565	21.10	surface
GLG	PRT-00127	41.1513000	-8.6341000	41.1512971	-8.6343519	21.09	surface
GLP	VIS-00116	40.6636920	-7.8985000	40.6638591	-7.8983821	21.07	surface
GLP	VNG-00103	41.1413200	-8.6364000	41.1414773	-8.6362597	21.07	underground
GLG	CSC-00046	38.7109680	-9.4463660	38.7111373	-9.4462574	21.05	surface
EDP	VRL-90004	41.2941500	-7.7353330	41.2942707	-7.7355268	21.03	surface
EDP	BRG-00130	41.7268700	-8.1628190	41.7266996	-8.1629289	21.03	underground
HRZ	STR-00016	39.2468870	-8.6943400	39.2466981	-8.6943462	21.01	surface
GLP	CVL-00007	40.2704660	-7.4939770	40.2704097	-7.4942130	20.98	surface
ATL	GMR-00117	41.4477600	-8.2984300	41.4479209	-8.2982990	20.96	surface
HLX	CSC-00151	38.7019800	-9.4163000	38.7021683	-9.4162909	20.95	underground
BLU	LLE-00222	37.0417630	-8.0277360	37.0416102	-8.0275981	20.94	surface
ATL	TVD-80002	39.0875000	-9.2558200	39.0874317	-9.2555939	20.94	surface
GLP	LSB-00269	38.7388880	-9.1660250	38.7388133	-9.1662465	20.93	surface
EDP	NZR-00010	39.6060330	-9.0669070	39.6060090	-9.0666650	20.90	surface
ATL	CSC-00569	38.7142200	-9.4057200	38.7143694	-9.4055740	20.89	surface
ATL	VIS-00094	40.6565930	-7.9089680	40.6564902	-7.9091751	20.88	surface
EDP	LSB-00927	38.7511670	-9.1594620	38.7510155	-9.1593204	20.85	surface
EDP	MAI-00051	41.2360420	-8.6156500	41.2362190	-8.6155681	20.84	surface
GLP	LSB-01109	38.7396160	-9.1242020	38.7397892	-9.1242935	20.83	underground
HRZ	BRG-00073	41.5577600	-8.4061120	41.5575810	-8.4061857	20.83	underground
FCT	LRS-00223	38.8544000	-9.1466320	38.8545828	-9.1466836	20.81	surface
ATL	STB-00060	38.5272600	-9.0022600	38.5271758	-9.0020465	20.80	surface
EDP	ACT-90001	37.4690000	-7.4734640	37.4690413	-7.4736938	20.79	surface
GLP	VFR-00025	40.9926340	-8.5387220	40.9927965	-8.5388446	20.79	surface
EDP	MTS-00046	41.1792340	-8.6909390	41.1793278	-8.6907241	20.79	underground
HRZ	MFR-00018	38.9409940	-9.2517490	38.9408363	-9.2518781	20.79	surface
EDP	AGD-90001	40.5772740	-8.4446960	40.5772400	-8.4449380	20.79	surface
IBD	CSC-00079	38.6923450	-9.4205885	38.6925317	-9.4205886	20.76	underground
MOT	FUN-00025	32.6365900	-16.9428600	32.6365623	-16.9426409	20.75	underground
GLP	VFX-00109	38.9249570	-9.0096790	38.9251008	-9.0098318	20.75	surface
IBD	SMP-00003	41.2565300	-7.7692466	41.2566777	-7.7690951	20.74	surface
HLX	GDL-00053	38.3070800	-8.7432850	38.3069143	-8.7433939	20.73	surface
SEG	AGH-00008	38.6564330	-27.2130780	38.6566192	-27.2130892	20.73	surface
ATL	VNF-00049	41.4037100	-8.5209000	41.4037031	-8.5206518	20.72	surface
EDP	AGD-00009	40.5947650	-8.4576560	40.5945830	-8.4576040	20.71	surface
GLP	VFR-00057	40.9961700	-8.5375250	40.9959979	-8.5374312	20.69	surface
ATL	ACH-00033	38.7510200	-8.9389900	38.7511884	-8.9388889	20.68	surface
GLP	AJT-00032	37.9235500	-8.2433400	37.9233821	-8.2432389	20.67	surface
FCT	OVR-00030	40.9050640	-8.6125130	40.9051260	-8.6122812	20.66	surface
GLP	STR-00059	39.2230260	-8.6922110	39.2228437	-8.6921651	20.65	surface
LOG	MTS-00125	41.1803600	-8.6530200	41.1803559	-8.6532667	20.65	underground
MOT	FUN-00027	32.6365200	-16.9428600	32.6365136	-16.9426401	20.60	underground
EML	LSB-00363	38.7542600	-9.0954200	38.7543347	-9.0956371	20.58	surface
EDP	ETR-00007	40.7555240	-8.5351400	40.7553413	-8.5351015	20.57	surface
ATL	STB-00122	38.5332370	-8.8843130	38.5332571	-8.8845481	20.57	surface
EDP	LRA-00128	39.7583600	-8.7913420	39.7585449	-8.7913411	20.56	surface
GLP	BCL-00045	41.5224000	-8.5927390	41.5225837	-8.5927121	20.55	surface
ATL	BRB-00003	38.8095470	-7.4505410	38.8096930	-7.4506860	20.53	surface
EDP	PNF-00011	41.2325550	-8.1781890	41.2327039	-8.1783335	20.50	surface
IBD	STS-00060	41.3390300	-8.4813960	41.3392083	-8.4814582	20.49	underground
GLP	MOBI-LSB-00266	38.7568300	-9.1753790	38.7570141	-9.1753901	20.49	underground
PRI	OBD-00003	39.3547500	-9.1590790	39.3546596	-9.1592867	20.49	surface
MLT	LSB-00333	38.7644100	-9.0965760	38.7644307	-9.0968107	20.48	underground
EDP	CSC-00127	38.7011600	-9.4719370	38.7012926	-9.4717734	20.47	surface
GLP	TVD-00092	39.0346870	-9.2431790	39.0345245	-9.2432901	20.46	underground
ATL	PNF-00036	41.1949650	-8.3056780	41.1951374	-8.3057633	20.46	surface
ATL	BCL-00042	41.5352600	-8.6117700	41.5353072	-8.6115326	20.45	surface
IBD	VCD-00008	41.3682000	-8.7428400	41.3681114	-8.7430546	20.44	surface
GLP	VNG-00075	41.1241500	-8.6147800	41.1240751	-8.6145574	20.42	underground
EDP	ALM-00166	38.6453820	-9.2367590	38.6455432	-9.2368709	20.39	surface
EDP	PRT-00258	41.1481670	-8.6076560	41.1481084	-8.6074253	20.39	underground
ATL	PRD-00019	41.2315640	-8.4071890	41.2314700	-8.4073983	20.39	surface
IBD	SXL-00065	38.6254800	-9.1547440	38.6253207	-9.1546286	20.35	surface
EDP	ILH-00032	40.6026880	-8.6654120	40.6025083	-8.6653671	20.34	surface
ATL	CHV-00018	41.7402080	-7.4752200	41.7403796	-7.4751354	20.33	surface
EDP	ALM-00177	38.6518820	-9.1648430	38.6519658	-9.1646350	20.32	surface
PRI	CBR-00064	40.1937700	-8.4120420	40.1939160	-8.4121859	20.32	surface
REP	CSC-00085	38.7121200	-9.3387480	38.7121142	-9.3385140	20.31	surface
GLP	BJA-00062	38.0059600	-7.8714010	38.0061219	-7.8715083	20.31	surface
HRZ	FUN-00028	32.6494200	-16.9038930	32.6495779	-16.9037843	20.29	underground
IMG	LSB-00499	38.7495040	-9.1530940	38.7493814	-9.1529210	20.27	underground
HRZ	CLD-00048	39.4013100	-9.1368750	39.4011291	-9.1368459	20.27	surface
GLP	LLE-00104	37.0969620	-7.9962490	37.0970196	-7.9964656	20.25	underground
EDP	PRT-00287	41.1413200	-8.6148910	41.1414509	-8.6150591	20.25	underground
HRZ	BRG-00078	41.5563100	-8.3946500	41.5564687	-8.3945314	20.22	surface
PRI	CBR-00015	40.2146700	-8.4340100	40.2145279	-8.4338616	20.21	underground
FCT	BRG-00166	41.5795300	-8.4305550	41.5796412	-8.4303629	20.20	surface
ATL	VCD-00073	41.2996670	-8.7050620	41.2996223	-8.7048276	20.20	surface
MLT	CSC-00088	38.6821600	-9.3278310	38.6822300	-9.3276163	20.20	underground
EDP	TBU-90002	40.3641000	-8.0178130	40.3640262	-8.0180307	20.19	surface
LOG	LSB-00203	38.7528800	-9.1652690	38.7530568	-9.1652161	20.19	surface
REP	MAI-00100	41.2483560	-8.6489060	41.2484236	-8.6486824	20.15	surface
MOT	VIS-00013	40.6620800	-7.9137800	40.6621919	-7.9135924	20.13	underground
ATL	OFR-00003	40.7190800	-8.1766810	40.7192503	-8.1766002	20.12	surface
FCT	LRS-00224	38.8544000	-9.1466320	38.8545622	-9.1467350	20.12	surface
HLX	PNF-00055	41.2001880	-8.3112410	41.2003414	-8.3113683	20.11	underground
GLP	LSB-00326	38.7039450	-9.1740950	38.7039062	-9.1738687	20.11	underground
KLS	LOU-00024	41.2681050	-8.2931540	41.2680443	-8.2933806	20.11	surface
EML	LSB-00260	38.7087500	-9.1310670	38.7086383	-9.1312491	20.10	surface
MAK	CBR-00144	40.2154540	-8.4140720	40.2152760	-8.4141123	20.09	underground
MAK	PTM-00082	37.1390230	-8.5385685	37.1390318	-8.5383423	20.07	underground
EDP	CBR-00148	40.2088780	-8.4038810	40.2089856	-8.4040708	20.07	surface
GLP	LLE-00152	37.0385600	-8.0111530	37.0386623	-8.0109668	20.06	surface
EDP	SNT-90006	38.8024000	-9.3756000	38.8025183	-9.3754252	20.06	surface
MOT	CTB-00045	39.8085980	-7.5153522	39.8087713	-7.5154167	20.04	surface
HEX	LSB-00831	38.7498200	-9.1846000	38.7497584	-9.1843829	20.03	surface
IBD	VFR-00077	40.9502830	-8.5137680	40.9501138	-8.5138498	20.03	surface
TRK	OLH-00036	37.0324000	-7.8335300	37.0324023	-7.8333047	20.00	surface
MAK	PRT-00057	41.1474570	-8.6089280	41.1476334	-8.6089743	19.99	underground
MAK	LSB-00238	38.7221500	-9.1497360	38.7222787	-9.1498965	19.97	underground
HRZ	SNT-00117	38.7609630	-9.3858990	38.7611121	-9.3860273	19.97	surface
REP	SSB-00037	38.4731900	-9.0831310	38.4732766	-9.0833305	19.86	surface
EDP	SCR-00009	32.6870700	-16.7930640	32.6871353	-16.7928667	19.84	underground
GLP	OER-00283	38.7117700	-9.2255460	38.7119283	-9.2254409	19.82	surface
ATL	VCD-00070	41.2996670	-8.7050620	41.2996199	-8.7048333	19.81	surface
ATL	ACH-00034	38.7510300	-8.9389600	38.7511909	-8.9388628	19.78	surface
MAK	LSB-00910	38.7263600	-9.1511700	38.7265161	-9.1510610	19.77	surface
HRZ	VNG-00042	41.1363000	-8.6085710	41.1361237	-8.6085428	19.75	surface
GLP	VFR-00045	40.9878650	-8.5239230	40.9877190	-8.5237893	19.74	surface
HRZ	STR-00015	39.2468870	-8.6943400	39.2467135	-8.6942919	19.73	surface
KLS	TVD-00109	39.0974000	-9.2780500	39.0974760	-9.2782566	19.73	surface
KLS	TVD-00108	39.0974000	-9.2780500	39.0974711	-9.2782590	19.69	surface
ATL	PGR-00002	39.9143450	-8.1490380	39.9144183	-8.1488279	19.69	surface
ATL	RMR-80001	39.3370300	-8.9353060	39.3369603	-8.9355160	19.65	surface
ATL	BRR-00131	38.6675100	-9.0599200	38.6675928	-9.0601197	19.63	surface
EDP	VCT-00037	41.6811140	-8.8291650	41.6810793	-8.8293966	19.62	surface
EDP	PRT-00046	41.1409500	-8.6151950	41.1411235	-8.6151534	19.60	underground
HRZ	VRL-90005	41.3023340	-7.7395170	41.3023877	-7.7392935	19.60	surface
HRZ	GRD-00010	40.5406900	-7.2663900	40.5405727	-7.2662169	19.60	underground
MAK	LSB-00911	38.7263600	-9.1511700	38.7265130	-9.1510582	19.58	surface
EDP	CSC-00043	38.6913600	-9.4228790	38.6915104	-9.4229963	19.58	surface
GLG	AVR-00014	40.6648670	-8.6107380	40.6649576	-8.6109370	19.58	surface
HRZ	BRG-00074	41.5577600	-8.4061120	41.5575843	-8.4061262	19.57	underground
ATL	PTM-00076	37.1468400	-8.5495300	37.1469696	-8.5493806	19.57	surface
EDP	OVR-00006	40.8912770	-8.6157430	40.8914262	-8.6156202	19.54	surface
EDP	OER-00172	38.7189300	-9.2296880	38.7188216	-9.2298651	19.53	surface
PRI	ILH-00002	40.6282230	-8.7039440	40.6280845	-8.7040861	19.52	surface
GLP	MOBI-LSB-00109	38.7572020	-9.1760670	38.7570877	-9.1758963	19.51	underground
PRI	CBR-00067	40.1937700	-8.4120420	40.1939439	-8.4120122	19.50	surface
GLP	LSB-00471	38.7416040	-9.1493860	38.7415078	-9.1495740	19.50	surface
HRZ	GRD-90002	40.5375700	-7.2663670	40.5374582	-7.2661894	19.49	surface
MLT	MTS-00019	41.1832120	-8.6535420	41.1832657	-8.6537636	19.48	underground
GLP	BBR-00011	39.2646370	-9.1551360	39.2645433	-9.1549449	19.47	surface
GLP	LSB-01113	38.7396160	-9.1242020	38.7397908	-9.1241910	19.46	underground
TRK	BRR-00124	38.6488000	-9.0483500	38.6486330	-9.0482830	19.46	surface
EDP	CBR-00128	40.1970860	-8.4111640	40.1971191	-8.4109391	19.45	surface
GLP	VNG-00037	41.1205060	-8.6256780	41.1203963	-8.6258588	19.45	surface
PRI	MTJ-00019	38.6881300	-8.9452760	38.6883042	-8.9452921	19.42	surface
EDP	BRG-00102	41.5462040	-8.2768060	41.5463746	-8.2768556	19.41	surface
MAK	PRT-00200	41.1474570	-8.6089280	41.1475471	-8.6091265	19.41	underground
SEG	VFC-00006	37.7186160	-25.4421220	37.7187899	-25.4421059	19.39	surface
EDP	CSC-00044	38.6913600	-9.4228790	38.6915200	-9.4229674	19.37	surface
HRZ	ALM-90004	38.6815500	-9.1595780	38.6813853	-9.1595054	19.37	surface
FCT	SCR-00024	32.6447870	-16.8544860	32.6446305	-16.8543954	19.36	surface
MLT	OER-00066	38.6871100	-9.3122150	38.6871842	-9.3120134	19.35	surface
GLP	PFR-00023	41.2797360	-8.3758580	41.2797491	-8.3760887	19.33	surface
ATL	STR-00045	39.2393000	-8.7030700	39.2391357	-8.7031429	19.32	surface
EDP	VCT-00035	41.9753000	-8.6837530	41.9754729	-8.6837324	19.30	surface
GLP	LLE-00120	37.1051370	-8.1149640	37.1050357	-8.1151407	19.30	surface
GLP	LSB-00995	38.7102800	-9.2044500	38.7104278	-9.2043335	19.29	surface
HRZ	SJM-00007	40.8889000	-8.4920800	40.8890700	-8.4921259	19.29	underground
GLP	LSB-00478	38.7794000	-9.1260230	38.7795625	-9.1259451	19.29	surface
HRZ	LMG-90004	41.0860750	-7.7988630	41.0862463	-7.7988272	19.28	surface
EDP	OER-00123	38.7016400	-9.3049990	38.7018018	-9.3050787	19.27	underground
FCT	ORM-00037	39.6279450	-8.6812540	39.6281051	-8.6813398	19.26	surface
ATL	LRA-00099	39.7593460	-8.7963860	39.7592040	-8.7965150	19.26	underground
ATL	PTM-00050	37.1339950	-8.5910670	37.1341383	-8.5909450	19.26	surface
EDP	STR-00055	39.3613800	-8.6661280	39.3612162	-8.6662004	19.25	surface
GLG	MTS-00024	41.1844560	-8.6638160	41.1842841	-8.6638430	19.25	surface
KLS	LSB-01306	38.7284130	-9.1485000	38.7285815	-9.1484493	19.25	underground
MAK	LSB-00264	38.7263600	-9.1511700	38.7263491	-9.1513914	19.24	underground
ENB	AVR-00102	40.6270300	-8.6453800	40.6271383	-8.6452023	19.23	underground
HRZ	SJM-00006	40.8889000	-8.4920800	40.8890692	-8.4921275	19.23	underground
REP	PRT-00132	41.1632000	-8.5899400	41.1633627	-8.5898622	19.23	surface
HRZ	LSB-00924	38.7401500	-9.1476640	38.7399816	-9.1476144	19.21	underground
MLT	PRT-00111	41.1526220	-8.6541630	41.1527907	-8.6541134	19.21	surface
REP	CBR-00084	40.0638430	-8.6187760	40.0638330	-8.6185507	19.21	surface
GLP	LSB-00890	38.6933170	-9.2212570	38.6931675	-9.2213678	19.20	underground
GLG	VNF-00004	41.3894000	-8.4793440	41.3892907	-8.4795221	19.20	surface
IBD	ESP-00003	41.0073500	-8.6225380	41.0075139	-8.6224683	19.14	underground
MAK	LSB-01106	38.7596700	-9.0943780	38.7598406	-9.0944065	19.13	underground
MAK	LSB-00757	38.7107850	-9.1431950	38.7106630	-9.1433502	19.11	underground
EDP	LRA-00084	39.7411460	-8.7963460	39.7411798	-8.7961271	19.09	surface
ATL	RMZ-00011	38.4298930	-7.5329750	38.4300624	-7.5329400	19.08	surface
GLP	OVR-00042	40.8593600	-8.6265790	40.8591922	-8.6265321	19.07	surface
GLP	ASL-00035	38.5155800	-8.5848300	38.5157093	-8.5849740	19.07	surface
MAK	PRT-00058	41.1474570	-8.6089280	41.1476279	-8.6089468	19.07	underground
EPO	LSB-00816	38.7390800	-9.1445300	38.7389232	-9.1446175	19.02	underground
GLP	PRT-00109	41.1516650	-8.6062680	41.1515971	-8.6060596	19.01	underground
MAK	LSB-00223	38.7263600	-9.1511700	38.7263446	-9.1513881	19.00	underground
EDP	LSB-00860	38.7355880	-9.2023060	38.7356884	-9.2021290	18.98	surface
ATL	VCD-00076	41.2996670	-8.7050620	41.2995057	-8.7049882	18.97	surface
EDP	LSB-00929	38.7509420	-9.1594960	38.7510892	-9.1593856	18.96	surface
HLX	VFX-00008	38.8887300	-9.0440500	38.8888767	-9.0439386	18.95	surface
FCT	LLE-00229	37.1008530	-8.0021080	37.1008668	-8.0018951	18.94	surface
HRZ	BGC-90001	41.8088800	-6.7602800	41.8090462	-6.7603301	18.94	surface
MOT	PRD-00027	41.1941700	-8.4071790	41.1940177	-8.4070777	18.94	surface
HLX	GDL-00058	38.3070800	-8.7432850	38.3071440	-8.7434861	18.94	surface
IMG	LSB-00502	38.7495040	-9.1530940	38.7493624	-9.1529732	18.91	underground
GLP	OER-00076	38.6768650	-9.3233860	38.6766952	-9.3233752	18.90	surface
IBD	LSB-01046	38.7869760	-9.1493560	38.7869239	-9.1491484	18.90	underground
ATL	MTS-00203	41.1746860	-8.6873620	41.1745857	-8.6875443	18.90	surface
MOO	EVR-00022	38.5497930	-7.9131010	38.5497529	-7.9133121	18.89	surface
GLP	GDL-00026	38.2932700	-8.7758465	38.2933707	-8.7756724	18.87	surface
FCT	LRS-00241	38.8057400	-9.1712360	38.8057455	-9.1714536	18.87	surface
ATL	VNG-00172	41.1278100	-8.6057400	41.1277989	-8.6059646	18.85	underground
GLP	SLV-00033	37.1863300	-8.4403580	37.1862589	-8.4405511	18.84	underground
GLP	MOBI-LSB-01051	38.7023740	-9.1762770	38.7022486	-9.1764228	18.83	surface
EDP	LSB-00452	38.7395700	-9.1457560	38.7396040	-9.1455434	18.82	underground
ATL	ALM-00073	38.6739600	-9.1596490	38.6739955	-9.1598609	18.81	surface
GLP	VNG-00104	41.1413200	-8.6364000	41.1414371	-8.6362379	18.81	underground
EVI	TNV-00026	39.4701040	-8.5310950	39.4700951	-8.5313138	18.81	surface
VIS	VIS-00020	40.6436770	-7.9116040	40.6438288	-7.9115057	18.81	surface
EDP	LSB-00718	38.7076800	-9.1489070	38.7077805	-9.1490813	18.80	underground
EDP	AMT-00013	41.2714650	-8.0752180	41.2714067	-8.0750068	18.80	surface
GLP	MOBI-LSB-00089	38.7572020	-9.1760670	38.7571994	-9.1758502	18.80	underground
ATL	PVZ-00037	41.3781500	-8.7390800	41.3781161	-8.7388593	18.80	underground
HLX	VFX-00007	38.8887300	-9.0440500	38.8888621	-9.0439146	18.79	surface
EDP	PRT-00260	41.1545300	-8.6306130	41.1546027	-8.6304105	18.78	surface
GLP	LSB-00889	38.6933170	-9.2212570	38.6931709	-9.2213652	18.76	underground
GLP	CSC-00414	38.7030560	-9.4427780	38.7031450	-9.4425943	18.76	surface
EDP	ABF-00114	37.1257550	-8.2373270	37.1258420	-8.2371460	18.74	surface
HRZ	OER-00097	38.7052300	-9.3018040	38.7050622	-9.3018171	18.69	underground
PRI	CBR-00065	40.1937700	-8.4120420	40.1939260	-8.4121233	18.67	surface
HRZ	CLB-90003	40.6286600	-7.3988760	40.6286148	-7.3986630	18.66	surface
MOO	LRS-00060	38.8384100	-9.1654720	38.8382512	-9.1654023	18.66	surface
GLP	ALM-00103	38.6483350	-9.2247920	38.6482199	-9.2249480	18.64	surface
ATL	LRS-00201	38.7777000	-9.1097390	38.7776865	-9.1095248	18.63	underground
EDP	LRS-00231	38.8594600	-9.1611870	38.8595529	-9.1613660	18.63	surface
EDP	MGD-00002	41.3425640	-6.7119010	41.3425484	-6.7121230	18.61	surface
EDP	BMT-00002	40.3441660	-7.3606500	40.3443324	-7.3606289	18.59	surface
GLP	OVR-00026	40.9723000	-8.6091830	40.9723007	-8.6094041	18.56	surface
CSC	CSC-00109	38.6994480	-9.4230170	38.6994830	-9.4232261	18.56	surface
GLP	LSB-90520	38.6966860	-9.2015420	38.6968520	-9.2015628	18.55	surface
GLP	ABF-00044	37.0930400	-8.1770690	37.0928733	-8.1770703	18.54	surface
REP	MAI-00101	41.2483560	-8.6489060	41.2483860	-8.6486879	18.54	surface
HRZ	STB-00030	38.5240500	-8.8774070	38.5238849	-8.8773777	18.53	surface
EDP	VLN-00001	42.0249520	-8.6409500	42.0249496	-8.6411743	18.53	surface
EDP	MTS-00170	41.1877980	-8.5974060	41.1878521	-8.5976152	18.51	indoor
TRK	LSB-00686	38.7742300	-9.0965800	38.7743955	-9.0966029	18.51	underground
PRI	CBR-00066	40.1937700	-8.4120420	40.1939349	-8.4120680	18.47	surface
GLP	MTS-00041	41.1815150	-8.6508290	41.1816507	-8.6507018	18.47	underground
ATL	ODV-00061	38.7912400	-9.2138000	38.7912000	-9.2140066	18.45	surface
GLP	MOBI-ASL-00002	38.3769400	-8.7807810	38.3769757	-8.7805745	18.43	surface
HLX	CSC-00152	38.7019800	-9.4163000	38.7021456	-9.4162909	18.43	underground
GLP	AZB-00029	39.1233560	-8.9077570	39.1234822	-8.9076187	18.42	surface
TRK	SJM-00038	40.8855000	-8.4865000	40.8853347	-8.4864863	18.42	surface
EDP	AMR-00005	41.6373330	-8.4146640	41.6374984	-8.4146546	18.41	surface
MOT	ALM-00151	38.6726500	-9.1555300	38.6724855	-9.1555535	18.40	surface
HRZ	LOU-00020	41.2645400	-8.2923190	41.2643869	-8.2922359	18.39	surface
GLP	LSB-91101	38.7495000	-9.1497440	38.7493515	-9.1496514	18.36	surface
GLP	ACB-00039	39.5476400	-8.9672030	39.5477842	-8.9670991	18.34	surface
EVC	BCL-00033	41.5406000	-8.6147700	41.5406340	-8.6145549	18.30	surface
FCT	CTB-00052	39.8083040	-7.5112500	39.8084650	-7.5112937	18.29	surface
KLS	LOU-00022	41.2681050	-8.2931540	41.2680181	-8.2933397	18.28	surface
HGP	VNG-00129	41.1383000	-8.6209830	41.1384206	-8.6211312	18.27	surface
GLP	LSB-01544	38.7057100	-9.2085130	38.7058735	-9.2084920	18.27	underground
LOG	MTS-00126	41.1803600	-8.6530200	41.1803583	-8.6532383	18.27	underground
HGP	MGR-00022	39.7561500	-8.9326140	39.7559869	-8.9325898	18.25	surface
HRZ	CLB-00009	40.6270640	-7.4008813	40.6269104	-7.4008051	18.25	surface
CPS	BRG-00147	41.5341380	-8.4612665	41.5340707	-8.4614663	18.24	surface
EDP	LSB-00070	38.7075770	-9.1489110	38.7074207	-9.1489743	18.23	underground
EML	LSB-00420	38.7733760	-9.1595900	38.7735310	-9.1596583	18.22	surface
GLP	EPS-00008	41.5110130	-8.7675540	41.5108522	-8.7675122	18.22	surface
GLP	AJT-00028	37.9235500	-8.2433400	37.9236930	-8.2432388	18.21	surface
GLP	LSB-00979	38.7252770	-9.1122220	38.7251237	-9.1121486	18.20	surface
MAK	LSB-00152	38.7167970	-9.1429160	38.7168640	-9.1431073	18.19	underground
FCT	ORM-00036	39.6279450	-8.6812540	39.6280749	-8.6813829	18.18	surface
EDP	LSB-90023	38.7194370	-9.1856990	38.7195683	-9.1855746	18.16	surface
GLP	MTS-00042	41.1815150	-8.6508290	41.1816194	-8.6506624	18.14	underground
EVC	BRG-00054	41.5669440	-8.3738890	41.5671050	-8.3738567	18.10	surface
HLX	CBR-00011	40.2545200	-8.4305840	40.2544857	-8.4307925	18.10	surface
GLP	LSB-00344	38.7687070	-9.1295190	38.7688123	-9.1293604	18.06	underground
GLP	LLE-00153	37.0385600	-8.0111530	37.0386737	-8.0110080	18.04	surface
ATL	PRT-00284	41.1682600	-8.5984700	41.1680985	-8.5984888	18.03	surface
HRZ	LRS-00139	38.8090130	-9.0939245	38.8090821	-9.0941127	18.03	surface
LOG	EVR-00035	38.5686340	-7.9120580	38.5684747	-7.9120197	18.02	underground
MAK	VNG-00215	41.1387300	-8.6095180	41.1387730	-8.6093109	17.99	underground
HRZ	CMR-90001	39.0151670	-7.0685830	39.0150178	-7.0685032	17.97	surface
GLP	LLE-00234	37.0925640	-8.0407110	37.0926010	-8.0409081	17.96	underground
EDP	ETR-00019	40.7553830	-8.5352600	40.7553607	-8.5350489	17.95	surface
ATL	MTS-00147	41.1746860	-8.6873620	41.1747429	-8.6875623	17.92	surface
MAK	CBR-00145	40.2154540	-8.4140720	40.2152942	-8.4140977	17.90	underground
GLG	LGF-00001	39.3789600	-31.1813720	39.3790806	-31.1815099	17.90	surface
EDP	VLG-00041	41.2065120	-8.5396620	41.2063523	-8.5396878	17.89	surface
EDP	PRT-00075	41.1703300	-8.6172500	41.1704748	-8.6171570	17.88	surface
MLT	CSC-00087	38.6821600	-9.3278310	38.6822155	-9.3276377	17.88	underground
REP	PTL-00042	41.7593880	-8.5828310	41.7594402	-8.5830348	17.87	surface
EDP	MCD-90001	41.5384520	-6.9689450	41.5382926	-6.9689195	17.85	surface
ATL	TNV-00031	39.4829520	-8.6319180	39.4827915	-8.6319176	17.85	surface
EDP	ACB-00020	39.5457460	-8.9700670	39.5456985	-8.9702655	17.82	surface
GLP	LLE-00122	37.0817400	-8.1068610	37.0818245	-8.1070317	17.82	surface
ATL	LSB-00642	38.7549820	-9.1812520	38.7549662	-9.1814564	17.81	surface
SEG	VPV-00002	38.7303620	-27.0656100	38.7303382	-27.0654072	17.79	surface
PTE	EPS-00040	41.4850500	-8.7600930	41.4849757	-8.7599039	17.79	surface
REP	AVR-00034	40.6268400	-8.6525660	40.6267218	-8.6527078	17.78	surface
GLP	VFX-00027	38.9675870	-8.9822800	38.9674275	-8.9822934	17.77	surface
HRZ	GRD-00009	40.5404660	-7.2662740	40.5406147	-7.2661973	17.76	underground
TRK	LSB-01076	38.7744520	-9.0968030	38.7744384	-9.0965992	17.73	underground
IBD	BRG-00125	41.5238720	-8.4190670	41.5240309	-8.4190498	17.73	surface
GLP	TVD-00085	39.1140560	-9.3676390	39.1138984	-9.3676081	17.73	surface
EDP	FAR-00069	37.0276760	-7.9423720	37.0275815	-7.9422119	17.68	surface
EDP	TVR-00017	37.1531870	-7.7515340	37.1533441	-7.7515635	17.66	surface
GLP	PRT-00170	41.1572270	-8.6258650	41.1570837	-8.6259560	17.66	surface
GLP	MOBI-LSB-00108	38.7572020	-9.1760670	38.7570884	-9.1759251	17.63	underground
GLP	LSB-00325	38.7039450	-9.1740950	38.7039113	-9.1738968	17.60	underground
EDP	SNT-00111	38.7519500	-9.2840760	38.7520195	-9.2838938	17.59	underground
EDP	TBR-00003	41.6477430	-8.1849340	41.6475849	-8.1849362	17.58	surface
EVC	BCL-00032	41.5338500	-8.6146500	41.5339313	-8.6144689	17.58	surface
EDP	CBT-90001	41.3918880	-7.9993890	41.3920206	-7.9995033	17.56	surface
ATL	SXL-00050	38.6271100	-9.1520280	38.6271393	-9.1518295	17.55	surface
HRZ	VNG-00224	41.1254700	-8.6354670	41.1253150	-8.6355050	17.53	surface
EML	LSB-00393	38.7492400	-9.1494700	38.7493319	-9.1496341	17.52	surface
MAK	LSB-00908	38.7263600	-9.1511700	38.7265031	-9.1510855	17.52	surface
GLG	VNG-00044	41.0638770	-8.6397700	41.0640329	-8.6398002	17.52	surface
MAK	PTM-00081	37.1390230	-8.5385685	37.1390312	-8.5383713	17.50	underground
KLS	LSB-01307	38.7284130	-9.1485000	38.7285619	-9.1484346	17.50	underground
HRZ	VBP-00010	37.0149230	-8.9412290	37.0150215	-8.9410757	17.47	surface
HRZ	MTJ-00035	38.6847340	-8.6251570	38.6846714	-8.6249725	17.46	surface
IBD	BGC-00013	41.7683600	-6.7950130	41.7684310	-6.7952008	17.46	surface
EML	LSB-00425	38.7733760	-9.1595900	38.7734453	-9.1597706	17.45	surface
EDP	LSB-00928	38.7509420	-9.1594960	38.7510523	-9.1593530	17.44	surface
GLP	ASL-00028	38.5153500	-8.5859500	38.5152815	-8.5857697	17.44	surface
GLP	VFR-00037	40.9407540	-8.5370760	40.9408357	-8.5368988	17.44	surface
GLP	LSB-01321	38.7847020	-9.1673850	38.7845611	-9.1674727	17.41	surface
SEG	AGH-00006	38.6556900	-27.2250460	38.6556453	-27.2252382	17.41	surface
HRZ	PTL-00038	41.7550160	-8.5854310	41.7549840	-8.5852258	17.39	surface
MAK	LSB-01073	38.7221500	-9.1497360	38.7222591	-9.1498795	17.38	underground
GLP	LNH-00038	39.2502800	-9.3133330	39.2502925	-9.3131318	17.38	surface
GLP	PTM-00074	37.1342430	-8.5461000	37.1341714	-8.5462742	17.37	surface
MAK	LSB-00909	38.7263600	-9.1511700	38.7265004	-9.1510823	17.37	surface
EDP	OER-00223	38.7009540	-9.3054060	38.7010463	-9.3052447	17.36	surface
MLT	MTS-00020	41.1832120	-8.6535420	41.1832690	-8.6537350	17.35	underground
GLP	BRG-00042	41.5497060	-8.4016310	41.5496232	-8.4014543	17.35	surface
ATL	LLE-00168	37.0823170	-8.1200970	37.0821840	-8.1199948	17.35	surface
GLP	OBR-00014	40.5033380	-8.6143210	40.5034542	-8.6144578	17.34	surface
EDP	VNG-00238	41.1009180	-8.5986550	41.1009938	-8.5988358	17.34	surface
REP	BRG-00170	41.5654800	-8.4500830	41.5655267	-8.4502815	17.31	surface
FCT	NZR-00053	39.6199260	-8.9908420	39.6200490	-8.9907181	17.31	surface
PQT	OER-00297	38.6977770	-9.3007990	38.6979322	-9.3008142	17.31	underground
MAK	LSB-00769	38.7167970	-9.1429160	38.7166416	-9.1429118	17.28	underground
EDP	PTL-00013	41.7753330	-8.5343750	41.7751860	-8.5344422	17.27	surface
ATL	PGR-00003	39.9143450	-8.1490380	39.9143745	-8.1488393	17.26	surface
ATL	VCD-00072	41.2996670	-8.7050620	41.2996601	-8.7048556	17.26	surface
HEX	GMR-00060	41.4651640	-8.3312880	41.4651710	-8.3310815	17.22	surface
EDP	ACB-00025	39.4239000	-8.9625000	39.4240544	-8.9624866	17.21	surface
EDP	TVD-00022	39.0824660	-9.2608060	39.0824814	-9.2606077	17.20	surface
GLP	LSB-90141	38.7402760	-9.1367280	38.7404156	-9.1368134	17.20	surface
HLX	VFX-00012	38.8885350	-9.0436690	38.8886896	-9.0436695	17.19	underground
GLP	LSB-00925	38.7388880	-9.1660250	38.7388025	-9.1661900	17.18	surface
ACC	GRD-00044	40.5376470	-7.2400930	40.5377211	-7.2399147	17.17	surface
MAK	PRT-00201	41.1474570	-8.6089280	41.1475417	-8.6090995	17.17	underground
EDP	TRC-00004	41.0191400	-7.7739500	41.0192429	-7.7737975	17.16	surface
GLP	LRS-00115	38.8165170	-9.1479850	38.8166613	-9.1480553	17.16	underground
ATL	LSB-00649	38.7271230	-9.1347010	38.7271963	-9.1345269	17.16	underground
FCT	VFR-00090	40.9782830	-8.4812940	40.9782650	-8.4814970	17.16	surface
EDP	PRT-00288	41.1413200	-8.6148910	41.1414070	-8.6150602	17.16	underground
MAK	LSB-00758	38.7107850	-9.1431950	38.7106667	-9.1433219	17.15	underground
ATL	OVR-00017	40.9533300	-8.6242400	40.9533531	-8.6240381	17.15	surface
GLP	VNG-00038	41.1205060	-8.6256780	41.1204097	-8.6258378	17.14	surface
EDP	SRP-00002	37.9386900	-7.6040630	37.9387368	-7.6042490	17.12	surface
EDP	SEI-00004	40.4289500	-7.7132780	40.4288147	-7.7131817	17.11	surface
IBD	CHV-00004	41.7418000	-7.4669285	41.7416907	-7.4667837	17.09	surface
EDP	MUR-90001	41.4055700	-7.4506130	41.4057222	-7.4506382	17.05	surface
CPS	SCD-00005	40.4024960	-8.1304810	40.4023432	-8.1304675	17.03	surface
ATL	VFR-00082	40.9222300	-8.5654800	40.9222211	-8.5656822	17.02	surface
FCT	CTB-00055	39.8083040	-7.5112500	39.8083186	-7.5114483	17.02	surface
MOT	CTB-00044	39.8085980	-7.5153522	39.8087435	-7.5154139	17.02	surface
EDP	STR-00019	39.3926500	-8.6397220	39.3925342	-8.6398513	17.01	surface
FCT	TNV-00030	39.4711400	-8.5429540	39.4711913	-8.5431405	16.99	surface
EDP	CLD-00023	39.4036400	-9.1497280	39.4037301	-9.1498876	16.98	surface
GLP	BJA-90001	38.0156480	-7.8652250	38.0156608	-7.8654180	16.97	surface
GLP	LRS-00116	38.8165170	-9.1479850	38.8166607	-9.1480504	16.95	underground
HRZ	ALM-00095	38.6735900	-9.1616280	38.6734506	-9.1615489	16.95	surface
GLP	LRA-00134	39.7493060	-8.8028380	39.7494483	-8.8027674	16.94	surface
ALF	AND-00025	40.4471000	-8.4329000	40.4471747	-8.4330744	16.93	surface
HLX	OER-00262	38.7251700	-9.2156310	38.7253120	-9.2155610	16.92	surface
PRI	SXL-00018	38.6090470	-9.0801720	38.6091026	-9.0799908	16.91	surface
EDP	PTL-00015	41.7497940	-8.5737040	41.7498975	-8.5735547	16.91	surface
ATL	PFR-80001	41.2769130	-8.3802400	41.2768631	-8.3804307	16.87	surface
EDP	VLG-00039	41.2340740	-8.5390920	41.2339580	-8.5389619	16.87	surface
HRZ	AJT-90004	37.8781470	-8.1637780	37.8781030	-8.1635943	16.85	surface
HRZ	STB-00085	38.5404050	-8.8707700	38.5404944	-8.8706136	16.85	surface
EDP	MTG-00007	40.3818500	-7.5460700	40.3820006	-7.5460906	16.84	underground
PRI	MAI-00088	41.2111050	-8.5648000	41.2109536	-8.5648002	16.83	surface
IBD	TVD-00039	39.0910530	-9.2658900	39.0909812	-9.2660617	16.83	surface
GLP	LSB-00538	38.7405100	-9.1503370	38.7406613	-9.1503385	16.82	underground
GLP	MOBI-VFX-00062	38.9868900	-8.9601380	38.9870411	-8.9601456	16.81	surface
EDP	VFX-00035	38.8901400	-9.0347500	38.8900316	-9.0346146	16.81	surface
PRI	FIG-00041	40.1573400	-8.8489860	40.1573500	-8.8491833	16.80	surface
VIS	VIS-00023	40.6436770	-7.9116040	40.6435268	-7.9116244	16.79	surface
ATL	VCD-00069	41.2996670	-8.7050620	41.2996578	-8.7048616	16.77	surface
SDB	BRG-00083	41.5360220	-8.4305230	41.5360364	-8.4303227	16.75	surface
HRZ	LRA-00076	39.7466300	-8.8212230	39.7467427	-8.8210931	16.74	surface
HRZ	VFX-00106	38.8885880	-9.0404940	38.8884649	-9.0403831	16.72	surface
GLP	BRG-00041	41.5497060	-8.4016310	41.5496444	-8.4014482	16.68	surface
EDP	VNG-00092	41.1204700	-8.6051230	41.1203639	-8.6052638	16.68	surface
GLP	LSB-01543	38.7057100	-9.2085130	38.7058577	-9.2085463	16.68	underground
GLP	CLD-00040	39.4107400	-9.1411780	39.4106282	-9.1410487	16.67	surface
MOT	OER-00252	38.7102700	-9.2457560	38.7101682	-9.2456151	16.66	surface
MLT	PRT-00110	41.1526220	-8.6541630	41.1527670	-8.6541132	16.65	surface
TRK	LSB-00813	38.7720030	-9.1772130	38.7718840	-9.1770970	16.62	surface
ATL	OER-00188	38.7001000	-9.2292210	38.6999529	-9.2292549	16.62	surface
MAK	LSB-01107	38.7596700	-9.0943780	38.7598176	-9.0944080	16.62	underground
HRZ	VRL-90003	41.3000200	-7.7440500	41.2999321	-7.7442107	16.61	surface
GLP	SNT-00199	38.7711100	-9.2877780	38.7710807	-9.2879658	16.60	underground
GLP	PRT-00098	41.1516650	-8.6062680	41.1516049	-8.6060867	16.59	underground
HRZ	BRG-00079	41.5563100	-8.3946500	41.5564291	-8.3945307	16.55	surface
GLP	MOBI-LSB-01177	38.7023740	-9.1762770	38.7022612	-9.1764013	16.54	surface
ATL	GMR-70012	41.4413000	-8.3042670	41.4412851	-8.3044643	16.53	surface
EDP	ORM-00022	39.7133140	-8.5419690	39.7134434	-8.5418744	16.51	surface
EDP	SPS-00005	40.7831300	-8.0538630	40.7829929	-8.0537879	16.50	surface
EDP	MTA-00023	38.6457300	-8.9783840	38.6455941	-8.9784603	16.50	surface
FCT	NZR-00050	39.6206970	-8.9914665	39.6205774	-8.9915804	16.49	surface
REM	MCV-00010	40.0979200	-8.3269710	40.0978815	-8.3267839	16.48	surface
HLX	PNF-00056	41.2001880	-8.3112410	41.2003261	-8.3113122	16.47	underground
ATL	VRS-00007	37.1913800	-7.4301700	37.1913939	-7.4299851	16.45	surface
ATL	OER-00192	38.7185200	-9.2295100	38.7183760	-9.2294670	16.44	surface
GLP	VCD-00058	41.3483920	-8.7470870	41.3485395	-8.7470940	16.41	surface
REP	PTL-00041	41.7593880	-8.5828310	41.7594487	-8.5830112	16.40	surface
GLP	LSB-01542	38.7057100	-9.2085130	38.7058410	-9.2085998	16.40	underground
EDP	LSB-00451	38.7395700	-9.1457560	38.7396008	-9.1455714	16.37	underground
EDP	CVL-00003	40.2921900	-7.5332500	40.2921530	-7.5334367	16.36	surface
HLX	VCD-00018	41.3616680	-8.7450000	41.3615367	-8.7450884	16.36	underground
EDP	VFX-00022	38.8560370	-9.0704030	38.8561517	-9.0702850	16.34	underground
ATL	CBR-00085	40.1893840	-8.4017280	40.1893952	-8.4015362	16.34	surface
HRZ	AMD-00092	38.7286150	-9.2214150	38.7284774	-9.2213491	16.33	surface
GLP	MOBI-LSB-00088	38.7572020	-9.1760670	38.7571999	-9.1758789	16.31	underground
EDP	ALR-00007	39.2008000	-8.6185000	39.2008764	-8.6183384	16.31	surface
TRK	MTJ-00093	38.7174300	-8.9721300	38.7172880	-8.9720832	16.30	surface
ATL	ALM-80021	38.6703500	-9.1703800	38.6702063	-9.1704163	16.29	surface
EDP	SNT-00082	38.8009300	-9.3260310	38.8009066	-9.3262164	16.28	surface
GLP	AVV-90001	41.8482780	-8.4163890	41.8482445	-8.4165797	16.23	surface
ATL	VLN-00008	42.0280100	-8.6382680	42.0278885	-8.6381594	16.22	surface
LOG	EVR-00034	38.5686340	-7.9120580	38.5684887	-7.9120427	16.21	underground
EDP	ALM-00176	38.6518820	-9.1648460	38.6519664	-9.1646938	16.21	surface
EDP	VPA-00003	41.5065500	-7.6610700	41.5064071	-7.6610323	16.20	surface
GLP	BRG-00040	41.5497060	-8.4016310	41.5496656	-8.4014440	16.20	surface
ECI	FNC-00054	32.6593900	-16.9256200	32.6593048	-16.9254797	16.19	surface
EDP	AND-00015	40.4469030	-8.4364680	40.4468354	-8.4362986	16.19	surface
PLG	AMD-00034	38.7773000	-9.2204000	38.7771585	-9.2204435	16.18	underground
EVP	SRP-00004	37.9420470	-7.5985040	37.9421070	-7.5983360	16.17	surface
HRZ	AZB-00005	39.0735440	-8.8633170	39.0734407	-8.8634487	16.16	surface
GLP	VFR-00044	40.9878650	-8.5239230	40.9877656	-8.5237827	16.15	surface
EDP	PNL-00002	40.0182100	-8.3724100	40.0180816	-8.3723215	16.14	surface
ATL	MTS-00137	41.1758650	-8.6882260	41.1759260	-8.6884010	16.14	surface
GLP	SNT-00035	38.7814980	-9.3530810	38.7813631	-9.3531495	16.13	underground
HGP	VNG-00130	41.1383000	-8.6209830	41.1384007	-8.6211214	16.12	surface
EDP	ELV-00003	38.8804700	-7.1671470	38.8805997	-7.1670640	16.11	underground
EDP	VFX-00028	38.8880040	-9.0459600	38.8881461	-9.0459241	16.10	surface
KLS	LSB-01308	38.7284130	-9.1485000	38.7285436	-9.1484202	16.09	underground
EDP	RSD-00002	41.1082460	-7.9562610	41.1083733	-7.9563522	16.09	surface
TRK	LRS-00127	38.8216500	-9.1758780	38.8217253	-9.1760365	16.08	underground
IHM	SLV-00036	37.1008640	-8.3560560	37.1007991	-8.3558940	16.08	surface
EDP	SNT-00166	38.7770230	-9.3366780	38.7770314	-9.3368631	16.07	surface
HRZ	LSB-00492	38.7322040	-9.1507500	38.7320595	-9.1507520	16.07	underground
EDP	LSB-00582	38.7376440	-9.1598040	38.7375103	-9.1597349	16.03	underground
EDP	VNG-00086	41.1431100	-8.6477800	41.1431656	-8.6479565	16.02	surface
ATL	VFX-00037	38.8729970	-9.0540380	38.8730805	-9.0541887	16.01	surface
EDP	TNV-00006	39.4716870	-8.5401640	39.4716309	-8.5399923	16.00	surface
HLX	CSC-00153	38.7019800	-9.4163000	38.7021237	-9.4162910	16.00	underground
GLP	LSB-00683	38.7563670	-9.1787730	38.7562232	-9.1787719	15.99	underground
FAC	MCH-00006	32.7728040	-16.8299310	32.7726723	-16.8298625	15.98	surface
GLP	MOBI-LSB-00107	38.7572020	-9.1760670	38.7570890	-9.1759539	15.94	underground
HRZ	SNT-00092	38.8170930	-9.4754060	38.8172300	-9.4753525	15.92	surface
ATL	MGL-80004	40.6004800	-7.7527200	40.6004436	-7.7525376	15.92	surface
HLX	LLE-00242	37.0750000	-8.1175000	37.0748583	-8.1175258	15.92	surface
ECI	MLD-00026	40.3790630	-8.4533700	40.3791575	-8.4535112	15.92	surface
GLP	VFX-00108	38.9249570	-9.0096790	38.9250666	-9.0097973	15.91	surface
GLG	VNG-00082	41.1402600	-8.6329570	41.1403362	-8.6331175	15.89	surface
GLP	AJT-00038	37.9236500	-8.2420700	37.9237833	-8.2421351	15.88	surface
PRI	VLG-00005	41.2312100	-8.5376710	41.2310896	-8.5375690	15.87	surface
LOG	MTS-00127	41.1803600	-8.6530200	41.1803613	-8.6532096	15.87	underground
GLP	LLE-00103	37.0969620	-7.9962490	37.0969898	-7.9964243	15.85	underground
FCT	ODV-00046	38.7931800	-9.1684110	38.7930375	-9.1684083	15.85	surface
CME	SNT-00211	38.7615300	-9.3967960	38.7615395	-9.3966138	15.83	underground
ATL	VCD-00053	41.3001900	-8.7060900	41.3002909	-8.7062235	15.82	surface
PRI	VIS-00003	40.6478600	-7.8743060	40.6479893	-7.8743837	15.80	surface
MOT	ALM-00153	38.6680300	-9.1868060	38.6681414	-9.1866939	15.75	surface
MOT	CBR-00044	40.2107200	-8.4440800	40.2108609	-8.4440609	15.75	underground
EDP	ABT-00035	39.4717600	-8.1958050	39.4716681	-8.1959445	15.74	surface
GLP	CLD-90005	39.4070400	-9.1362710	39.4071273	-9.1364151	15.73	surface
GLP	ALM-00104	38.6483350	-9.2247920	38.6482162	-9.2248903	15.73	surface
MOT	SNT-00069	38.7750550	-9.3416640	38.7751963	-9.3416669	15.71	surface
HLX	GDL-00054	38.3070800	-8.7432850	38.3069550	-8.7433687	15.70	surface
CSC	CSC-00110	38.6994480	-9.4230170	38.6995098	-9.4231796	15.69	surface
MAK	CBR-00146	40.2154540	-8.4140720	40.2153131	-8.4140824	15.69	underground
EDP	PNF-00014	41.2325550	-8.1781890	41.2326617	-8.1783118	15.69	surface
HRZ	MDB-90001	41.4099730	-7.9544590	41.4101133	-7.9544389	15.69	surface
EDP	CBR-00109	40.1960030	-8.4321900	40.1959169	-8.4320438	15.68	underground
ATL	LSB-00660	38.7271300	-9.1347000	38.7271969	-9.1345409	15.68	underground
EDP	LGA-90002	37.0998540	-8.4692030	37.0997223	-8.4692656	15.66	surface
IBD	VFR-00011	40.9313800	-8.5512300	40.9312398	-8.5512127	15.66	surface
ATL	GMR-00115	41.4477600	-8.2984300	41.4478844	-8.2983424	15.64	surface
EDP	OBR-00009	40.5223240	-8.5042990	40.5223378	-8.5041149	15.64	surface
HRZ	TRF-00010	41.3411400	-8.5579960	41.3411672	-8.5581797	15.63	surface
GLP	TVD-00091	39.0346870	-9.2431790	39.0345588	-9.2432532	15.63	underground
HLX	LGA-00028	37.0994450	-8.3800000	37.0993828	-8.3801579	15.62	underground
PQT	OER-00296	38.6977700	-9.3007990	38.6979096	-9.3008158	15.59	underground
GLP	ALM-00107	38.6483350	-9.2247920	38.6482068	-9.2247193	15.59	surface
PRI	LSB-00862	38.7372930	-9.1516130	38.7372478	-9.1517830	15.58	underground
EDP	SJM-00010	40.8942400	-8.4804370	40.8941245	-8.4803322	15.57	underground
ATL	VNG-00180	41.1100300	-8.6316100	41.1098991	-8.6315442	15.56	surface
MLT	CSC-00086	38.6821600	-9.3278310	38.6822005	-9.3276594	15.56	underground
EDP	TBR-00002	41.6477430	-8.1849340	41.6476036	-8.1849494	15.55	surface
EDP	BBR-00007	39.2619600	-9.1574050	39.2618484	-9.1575139	15.55	surface
GLG	CVL-00010	40.2648800	-7.4912700	40.2647460	-7.4912176	15.55	surface
GLP	MFR-00047	38.9452970	-9.3545950	38.9452559	-9.3544232	15.54	surface
EDP	MTG-00003	40.3818360	-7.5460200	40.3819374	-7.5461461	15.53	underground
HRZ	TMR-90001	39.6048000	-8.4068310	39.6048037	-8.4070122	15.53	surface
GLP	VFX-00066	38.9953350	-8.9716440	38.9954676	-8.9717003	15.53	surface
HRZ	STB-00064	38.5421450	-9.0270580	38.5421574	-9.0272358	15.52	surface
ATL	VZL-80003	40.7213060	-8.1095830	40.7214431	-8.1095490	15.51	surface
GLP	LSB-01320	38.7847020	-9.1673850	38.7846100	-9.1675195	15.51	surface
EDP	LRA-00077	39.7411460	-8.7963460	39.7411198	-8.7965239	15.49	surface
ATL	VIS-00093	40.6565930	-7.9089680	40.6565125	-7.9091177	15.48	surface
GLP	LGA-00043	37.1367840	-8.5195860	37.1368653	-8.5197277	15.48	surface
EDP	TBU-00007	40.3564870	-8.0257290	40.3564941	-8.0259114	15.48	surface
GLP	LSB-00343	38.7687070	-9.1295190	38.7688066	-9.1293944	15.47	underground
GLP	LSB-00345	38.7674670	-9.1264030	38.7673757	-9.1265376	15.47	surface
REP	SCD-00003	40.3977660	-8.1284190	40.3978712	-8.1285383	15.46	surface
EDP	ARC-00004	40.8910870	-8.3493290	40.8910029	-8.3491828	15.44	surface
MAK	VNG-00214	41.1387300	-8.6095180	41.1387588	-8.6093377	15.43	underground
REP	VNG-00099	41.1256400	-8.6048100	41.1257787	-8.6048152	15.43	underground
REP	FND-00004	40.1424560	-7.4973350	40.1423181	-7.4973548	15.43	surface
HRZ	OER-00096	38.7052300	-9.3018040	38.7050913	-9.3018071	15.43	underground
MOT	OER-00247	38.6915600	-9.3053260	38.6914537	-9.3052120	15.41	surface
GLP	PNI-00019	39.3556630	-9.3571400	39.3557914	-9.3570725	15.41	surface
EDP	STR-90007	39.2413000	-8.6938200	39.2412680	-8.6939940	15.40	surface
EDP	SNT-00110	38.7520980	-9.2841100	38.7520301	-9.2839552	15.40	underground
EDP	CBR-00079	40.1962240	-8.4023430	40.1960983	-8.4024191	15.40	surface
HRZ	CBR-90003	40.2078130	-8.4233610	40.2079023	-8.4234995	15.39	surface
MAK	LSB-00906	38.7263600	-9.1511700	38.7264901	-9.1511094	15.39	surface
EDP	ILH-00016	40.5973660	-8.6650510	40.5973200	-8.6652228	15.38	surface
ATL	GMR-00145	41.4877430	-8.3550700	41.4876375	-8.3549506	15.38	surface
CME	TND-00017	40.5699270	-8.1722970	40.5698076	-8.1722057	15.35	surface
MAK	LSB-00759	38.7107850	-9.1431950	38.7106704	-9.1432937	15.35	underground
GLP	PRT-00321	41.1455000	-8.5779700	41.1456352	-8.5779329	15.35	surface
GLP	ALM-00017	38.6411700	-9.2365300	38.6412148	-9.2366971	15.34	surface
GLP	VLG-00052	41.2400000	-8.5290280	41.2400807	-8.5288792	15.34	surface
ATL	ILH-00009	40.6037000	-8.6622240	40.6037478	-8.6623944	15.34	surface
EDP	OAZ-00025	40.8374440	-8.4742020	40.8374110	-8.4740250	15.34	underground
EDP	FLG-00013	41.3630680	-8.2006800	41.3630014	-8.2005193	15.32	underground
EML	LSB-00457	38.7536800	-9.1818960	38.7536755	-9.1817195	15.31	surface
HRZ	ACB-00021	39.4980930	-9.0953930	39.4979772	-9.0954893	15.30	surface
HRZ	CLD-00046	39.4013100	-9.1368750	39.4011744	-9.1368449	15.30	surface
HRZ	AMD-00093	38.7286150	-9.2214150	38.7285007	-9.2213169	15.30	surface
FCT	BRG-00167	41.5795300	-8.4305550	41.5796180	-8.4304140	15.27	surface
EDP	BBR-00008	39.2619600	-9.1574050	39.2618279	-9.1574535	15.27	surface
VIS	VIS-00019	40.6436770	-7.9116040	40.6438098	-7.9115580	15.27	surface
GLP	LSB-01112	38.7396160	-9.1242020	38.7397004	-9.1243408	15.26	underground
ATL	VNF-00041	41.4107780	-8.5074170	41.4109149	-8.5074038	15.26	surface
GLP	OBR-00017	40.5221820	-8.5034000	40.5221953	-8.5035797	15.26	surface
GLP	BRG-00138	41.5674100	-8.4004930	41.5675446	-8.4005280	15.25	underground
ATL	TRF-00016	41.2821500	-8.5626400	41.2821647	-8.5628214	15.25	surface
EDP	LSB-00400	38.7532160	-9.1834140	38.7533329	-9.1835058	15.24	surface
ATL	GMR-00109	41.4378600	-8.2923450	41.4379922	-8.2923931	15.24	surface
HLX	VCD-00019	41.3616680	-8.7450000	41.3615551	-8.7451032	15.22	underground
FCT	SCR-00025	32.6447870	-16.8544860	32.6446781	-16.8543876	15.22	surface
MAK	LSB-00907	38.7263600	-9.1511700	38.7264877	-9.1511070	15.21	surface
EML	LSB-00261	38.7087500	-9.1310670	38.7086596	-9.1311985	15.21	surface
ATL	MAI-00046	41.2124300	-8.5633600	41.2123542	-8.5632087	15.21	surface
HRZ	OER-00232	38.7048720	-9.3017920	38.7050039	-9.3018382	15.20	underground
EDP	ESP-00004	40.9996800	-8.6378140	40.9996342	-8.6376434	15.20	surface
EDP	MTG-00002	40.3818360	-7.5460200	40.3819199	-7.5461616	15.19	underground
ATL	BCL-00047	41.5009840	-8.6592490	41.5009190	-8.6590888	15.17	surface
GLG	GMR-00087	41.4647300	-8.3316700	41.4646240	-8.3315554	15.17	surface
EDP	LOU-00008	41.2804800	-8.2781820	41.2803842	-8.2780528	15.17	surface
EDP	MDR-00005	41.3926300	-6.4246930	41.3926803	-6.4248620	15.17	surface
FCT	OVR-00029	40.9050640	-8.6125130	40.9051283	-8.6123539	15.16	surface
MAK	LSB-00231	38.7263600	-9.1511700	38.7263737	-9.1513439	15.16	underground
TRK	BRR-00088	38.6613000	-9.0603310	38.6612022	-9.0602098	15.13	surface
HLX	OAZ-00019	40.8352000	-8.4794270	40.8351637	-8.4796000	15.10	surface
GLP	LSB-00324	38.7039450	-9.1740950	38.7039163	-9.1739249	15.10	underground
MLT	ACN-00002	39.4631080	-8.6577200	39.4630695	-8.6578886	15.09	surface
GEN	GMR-00090	41.4246370	-8.3520430	41.4247235	-8.3521825	15.09	surface
ATL	NZR-00028	39.6050500	-9.0670850	39.6049919	-9.0669258	15.09	surface
EDP	FAR-00066	37.0276760	-7.9423720	37.0275681	-7.9422689	15.09	surface
EDP	NZR-00009	39.5911700	-9.0176150	39.5912811	-9.0177155	15.06	surface
HRZ	OER-00240	38.7250180	-9.2139820	38.7251101	-9.2138550	15.04	surface
GLP	LLE-00130	37.0932100	-8.1116400	37.0932849	-8.1117812	15.04	underground
ATL	LLE-00170	37.0821400	-8.1197900	37.0821556	-8.1199583	15.03	surface
MOT	CTB-00041	39.8085980	-7.5153522	39.8087251	-7.5154120	15.03	surface
MAK	PTM-00080	37.1390230	-8.5385685	37.1390314	-8.5383994	15.02	underground
EML	LSB-00586	38.7111970	-9.1476780	38.7110798	-9.1477640	15.02	surface
EDP	FVN-00003	39.8960200	-8.2841890	39.8961538	-8.2842118	15.00	surface
EDP	GDL-00045	38.2814200	-8.6992000	38.2813759	-8.6990377	14.99	surface
ATL	TNV-00032	39.4829520	-8.6319180	39.4828211	-8.6319597	14.99	surface
ATL	ACH-00032	38.7510300	-8.9389700	38.7511345	-8.9388609	14.98	surface
ATL	VIS-00087	40.6853500	-7.9281300	40.6852869	-7.9282870	14.98	surface
FCT	MGL-00021	40.6051140	-7.7750850	40.6051223	-7.7749079	14.98	surface
MLT	PNF-00005	41.2072530	-8.2821830	41.2071450	-8.2822900	14.98	underground
GLP	FNC-00081	32.6449700	-16.9181100	32.6449647	-16.9179502	14.97	surface
KLS	AJZ-00004	37.3172840	-8.7983310	37.3171999	-8.7981988	14.97	surface
KLS	FAR-00100	37.2163770	-7.5085745	37.2164678	-7.5086992	14.96	surface
ATL	PRT-00367	41.1529660	-8.6226070	41.1530579	-8.6227374	14.95	underground
IOY	OBD-00025	39.3752820	-9.1391500	39.3754103	-9.1392021	14.95	surface
HRZ	LMG-00007	41.0888370	-7.7984590	41.0889378	-7.7983410	14.95	surface
EDP	PNH-00002	40.6677860	-7.0740730	40.6677850	-7.0742501	14.94	surface
MAK	LSB-01074	38.7221500	-9.1497360	38.7222402	-9.1498634	14.92	underground
GLP	LSB-01122	38.7794500	-9.1238900	38.7795200	-9.1240369	14.92	surface
EML	LSB-00362	38.7542600	-9.0954200	38.7543075	-9.0955808	14.91	surface
EDP	ALM-00165	38.6456300	-9.2368970	38.6455012	-9.2368493	14.91	surface
VIS	VIS-00024	40.6436770	-7.9116040	40.6435453	-7.9115716	14.90	surface
HRZ	BRG-00069	41.5699400	-8.4279210	41.5700546	-8.4280137	14.89	surface
GLP	VCD-00060	41.3052300	-8.7021630	41.3051014	-8.7022120	14.87	surface
HRZ	VIS-90040	40.6567760	-7.9109260	40.6567985	-7.9107522	14.87	surface
ATL	ACT-80002	37.4416300	-7.7702560	37.4417409	-7.7701620	14.86	surface
MAK	PRT-00202	41.1474570	-8.6089280	41.1475361	-8.6090710	14.86	underground
KLS	LSB-01309	38.7284130	-9.1485000	38.7285240	-9.1484047	14.86	underground
HRZ	VFX-00107	38.8885880	-9.0404940	38.8884784	-9.0403960	14.85	surface
FCT	CTB-00053	39.8083040	-7.5112500	39.8084153	-7.5113460	14.85	surface
EDP	LSB-00837	38.7080400	-9.1392850	38.7079239	-9.1393690	14.83	underground
GLP	VNG-90010	41.0942500	-8.5501470	41.0941215	-8.5501940	14.82	surface
FAC	CLT-00006	32.7209600	-17.1783070	32.7208372	-17.1783686	14.82	underground
HRZ	OER-00239	38.7250180	-9.2139820	38.7250914	-9.2138394	14.82	surface
MOT	SNT-00067	38.7754140	-9.3416610	38.7752816	-9.3416415	14.82	surface
GLP	LSB-00468	38.7794000	-9.1260230	38.7795293	-9.1259816	14.82	surface
HRZ	FAR-00048	37.0180500	-7.9250710	37.0179459	-7.9249668	14.82	surface
FCT	ODV-00058	38.7859880	-9.2086390	38.7859406	-9.2084793	14.81	surface
HRZ	FLG-00031	41.3576400	-8.1874280	41.3575960	-8.1872605	14.81	surface
MAK	LSB-00224	38.7263600	-9.1511700	38.7263694	-9.1513402	14.80	underground
CSC	CSC-00106	38.6872250	-9.3341170	38.6871891	-9.3339528	14.80	surface
HRZ	LSB-00493	38.7322240	-9.1507910	38.7321002	-9.1507285	14.79	underground
EDP	CBR-00159	40.1936100	-8.4144810	40.1936230	-8.4143077	14.79	underground
EDP	ALB-00007	40.7128520	-8.4819680	40.7129191	-8.4818165	14.79	surface
EDP	LSB-90500	38.6975800	-9.2261500	38.6976797	-9.2262626	14.78	surface
EDP	LSB-90069	38.7594200	-9.1544250	38.7594842	-9.1542758	14.78	surface
HRZ	FIG-00070	40.1653980	-8.8528770	40.1655276	-8.8529152	14.77	surface
MOT	BRR-00005	38.5837600	-9.0437880	38.5836322	-9.0437423	14.76	underground
IBD	CHV-00010	41.7156000	-7.4877415	41.7154891	-7.4876440	14.75	surface
ATL	PTM-00051	37.1419750	-8.5425460	37.1419792	-8.5423797	14.75	surface
GLP	MOBI-VFX-00061	38.9868900	-8.9601380	38.9870216	-8.9601591	14.75	surface
REP	LSB-00377	38.7554400	-9.0963310	38.7555721	-9.0963165	14.74	surface
GLP	MOBI-LSB-00265	38.7568300	-9.1753790	38.7569623	-9.1753894	14.74	underground
EDP	PNI-00011	39.3637100	-9.3744410	39.3636120	-9.3745560	14.71	surface
ATL	STB-80003	38.5445800	-8.8200330	38.5446623	-8.8201649	14.67	surface
EDP	PRT-00090	41.1700200	-8.6669100	41.1701252	-8.6668042	14.67	surface
HEX	LSB-00821	38.7799900	-9.0957800	38.7798768	-9.0956933	14.66	surface
FAC	FNC-00068	32.6520700	-16.9116690	32.6520553	-16.9118246	14.66	underground
ATL	PNF-00022	41.1947400	-8.3066100	41.1948526	-8.3065189	14.66	surface
ATL	ARL-80001	38.7230070	-7.9854790	38.7229675	-7.9856399	14.63	surface
GLP	LLE-00127	37.0932100	-8.1116400	37.0933275	-8.1117140	14.62	underground
HRZ	VBP-00009	37.0149230	-8.9412290	37.0150214	-8.9411198	14.62	surface
ATL	MTS-00204	41.1746860	-8.6873620	41.1745902	-8.6874806	14.56	surface
ATL	LRS-80013	38.8092160	-9.1617670	38.8093460	-9.1617473	14.56	surface
REP	STB-00017	38.5342030	-8.8678030	38.5341715	-8.8679653	14.55	surface
GLP	PNF-00033	41.0524670	-8.3752680	41.0525577	-8.3753928	14.53	surface
ATL	PRT-00228	41.1581100	-8.6641600	41.1582214	-8.6640695	14.52	surface
KLS	OER-00213	38.7394520	-9.3039630	38.7394414	-9.3037962	14.51	underground
EDP	CSC-00146	38.7163430	-9.4401700	38.7162440	-9.4400614	14.49	surface
GLP	MCQ-00008	37.2803270	-8.5516110	37.2802822	-8.5517647	14.48	underground
CAP	PRT-00066	41.1593400	-8.6389600	41.1592102	-8.6389462	14.48	surface
GLP	LRS-00145	38.7851640	-9.1167810	38.7852262	-9.1169277	14.47	surface
GLP	MOBI-LSB-00106	38.7572020	-9.1760670	38.7570897	-9.1759827	14.47	underground
GLG	NRD-00001	37.8294140	-25.1465910	37.8293168	-25.1464815	14.47	surface
GLP	LLE-00129	37.0932100	-8.1116400	37.0932992	-8.1117586	14.46	underground
ATL	CSC-00169	38.6995540	-9.3806820	38.6996670	-9.3805996	14.46	underground
TRK	BJA-00051	38.1104430	-7.8567800	38.1103132	-7.8567787	14.43	surface
REP	VNG-00098	41.1256400	-8.6048100	41.1257677	-8.6048405	14.43	underground
ATL	LSB-00667	38.7105900	-9.1565500	38.7104616	-9.1565734	14.42	underground
PRI	VNG-00029	41.1089900	-8.5738970	41.1088615	-8.5738739	14.42	surface
PRI	EPS-00004	41.5048180	-8.7632940	41.5046979	-8.7632290	14.41	surface
EDP	STC-00015	38.0646060	-8.7805130	38.0644766	-8.7805188	14.40	surface
ATL	VCT-80007	41.6431400	-8.7710810	41.6431572	-8.7712526	14.39	surface
MOT	FAR-00014	37.0295800	-7.9444400	37.0296534	-7.9443066	14.38	surface
REP	STS-00010	41.3551750	-8.4065840	41.3552968	-8.4065263	14.37	surface
EDP	MAI-00057	41.2463260	-8.6253460	41.2464116	-8.6254748	14.37	surface
HRZ	LRA-00075	39.7466300	-8.8212230	39.7467409	-8.8211367	14.37	surface
HRZ	VLG-00003	41.1970000	-8.5107020	41.1968709	-8.5107052	14.36	surface
GLP	LSB-00682	38.7563670	-9.1787730	38.7562444	-9.1787216	14.34	underground
TRK	MTJ-00115	38.7125200	-8.9799480	38.7125273	-8.9797830	14.34	surface
FCT	CTB-00054	39.8083040	-7.5112500	39.8083668	-7.5113966	14.34	surface
EDP	LGA-00032	37.1358870	-8.4600290	37.1358404	-8.4601798	14.34	surface
ATL	AVR-80006	40.6390300	-8.6403320	40.6390514	-8.6401645	14.33	surface
GLP	LLE-00128	37.0932100	-8.1116400	37.0933138	-8.1117356	14.32	underground
GLP	MFR-00053	39.0094400	-9.4074280	39.0095451	-9.4075237	14.32	surface
GLP	PNI-00018	39.3556630	-9.3571400	39.3557915	-9.3571303	14.31	surface
ENB	LSB-01115	38.7746000	-9.1027400	38.7745862	-9.1029041	14.31	surface
ENB	AVR-00101	40.6270300	-8.6453800	40.6271073	-8.6452445	14.31	underground
MLT	SCR-00006	32.6463300	-16.8255920	32.6464492	-16.8256494	14.30	surface
GLP	SRT-90001	39.8018460	-8.0984750	39.8017445	-8.0983722	14.30	surface
ATL	CSC-00518	38.7004400	-9.4179530	38.7004592	-9.4177901	14.30	surface
HLX	VCD-00020	41.3616680	-8.7450000	41.3615746	-8.7451174	14.28	underground
HLX	LSB-00705	38.7207830	-9.1500650	38.7208220	-9.1502218	14.28	underground
GLP	NLS-90001	40.5330900	-7.8529750	40.5329700	-7.8529150	14.27	surface
ATL	VCD-00077	41.2996670	-8.7050620	41.2995435	-8.7050154	14.27	surface
EDP	TVR-00029	37.1375200	-7.6274700	37.1373996	-7.6274147	14.26	surface
GLP	LSB-00888	38.6933170	-9.2212570	38.6932028	-9.2213312	14.24	underground
REP	ODV-00011	38.7853130	-9.1791800	38.7851950	-9.1792437	14.24	surface
HLX	LGA-00029	37.0994450	-8.3800000	37.0994287	-8.3801591	14.23	underground
MAK	LSB-01108	38.7596700	-9.0943780	38.7597953	-9.0944100	14.21	underground
HRZ	LMG-00029	41.0889800	-7.7983720	41.0888533	-7.7983505	14.20	surface
ATL	BCL-00046	41.5024570	-8.6581270	41.5024505	-8.6582973	14.20	surface
EDP	LRA-00083	39.7411460	-8.7963460	39.7411713	-8.7961836	14.17	surface
LCG	LLE-00197	37.0608100	-8.0290370	37.0609157	-8.0289479	14.16	surface
HLX	MAI-00013	41.2484860	-8.6230630	41.2483607	-8.6230931	14.16	surface
GLP	PRT-00099	41.1516650	-8.6062680	41.1516128	-8.6061138	14.16	underground
HRZ	ACB-00022	39.4980930	-9.0953930	39.4979885	-9.0954871	14.15	surface
KLS	LSB-01328	38.7284130	-9.1485000	38.7284476	-9.1483431	14.14	underground
EDP	FAR-00067	37.0276760	-7.9423720	37.0275554	-7.9423215	14.14	surface
ATL	SBG-80001	40.3513100	-7.0889640	40.3512493	-7.0891106	14.14	surface
GLP	AND-90002	40.4245100	-8.4565570	40.4244005	-8.4566416	14.13	surface
LCG	LLE-00064	37.1338100	-8.1601560	37.1338048	-8.1603152	14.12	surface
HLX	GLG-00007	39.4028360	-8.4881340	39.4029606	-8.4881021	14.12	underground
ATL	LSB-00659	38.7271230	-9.1347010	38.7271978	-9.1345696	14.11	underground
GLP	ASL-00034	38.5155800	-8.5848300	38.5156697	-8.5849446	14.10	surface
EDP	TVR-00025	37.1519500	-7.6078240	37.1518381	-7.6077491	14.10	surface
EDP	CVL-00004	40.2921900	-7.5332500	40.2921632	-7.5334125	14.10	surface
EDP	GMR-00094	41.4485050	-8.3426590	41.4485778	-8.3425206	14.09	surface
EDP	MFR-00037	38.9653660	-9.4091880	38.9654766	-9.4091086	14.08	surface
CPS	LRA-00169	39.7406040	-8.7991750	39.7407257	-8.7992206	14.08	surface
ATL	SPS-00007	40.7572200	-8.0668900	40.7573287	-8.0668042	14.08	surface
KLS	LSB-01310	38.7284130	-9.1485000	38.7285054	-9.1483890	14.08	underground
EDP	LSB-00852	38.7630420	-9.1781330	38.7629178	-9.1781015	14.08	underground
GLP	MOBI-LSB-00260	38.7568300	-9.1753790	38.7567035	-9.1753856	14.08	underground
GLP	LSB-00926	38.7388880	-9.1660250	38.7387937	-9.1661331	14.07	surface
EDP	CSC-00056	38.6971300	-9.4380190	38.6971465	-9.4378585	14.05	surface
GLP	AJT-00031	37.9235500	-8.2433400	37.9234523	-8.2432386	14.04	surface
ATL	SAT-00004	40.7500400	-7.7358900	40.7499944	-7.7360454	14.04	surface
ACC	VRL-00062	41.3244170	-7.6409260	41.3244844	-7.6410680	14.03	surface
HLX	VCD-00023	41.3616680	-8.7450000	41.3616321	-8.7451611	14.03	underground
GLP	ALM-00105	38.6483350	-9.2247920	38.6482131	-9.2248333	14.02	surface
GLP	AVV-00013	41.8270000	-8.4156990	41.8268750	-8.4156769	14.02	surface
GLP	AJZ-00008	37.3185700	-8.7984040	37.3184471	-8.7984391	14.01	surface
MAK	LSB-00126	38.7167970	-9.1429160	38.7168271	-9.1430727	14.00	underground
HGP	VNG-00131	41.1383000	-8.6209830	41.1383807	-8.6211113	14.00	surface
GLP	MCH-00015	32.7428130	-16.7359050	32.7429382	-16.7359198	13.99	surface
GLP	ALM-00106	38.6483350	-9.2247920	38.6482099	-9.2247753	13.99	surface
MOT	ALM-00133	38.6650000	-9.1620000	38.6651172	-9.1619417	13.98	surface
EDP	OHP-00024	40.3620530	-7.8587770	40.3620197	-7.8589361	13.98	surface
ATL	LRA-80011	39.7341000	-8.7976500	39.7339934	-8.7975635	13.97	surface
GLP	LSB-00887	38.6933170	-9.2212570	38.6932049	-9.2213292	13.95	underground
FCT	ODV-00045	38.7931800	-9.1684110	38.7931820	-9.1685719	13.95	surface
EDP	TRC-00003	41.0191400	-7.7739500	41.0192432	-7.7738559	13.93	surface
HRZ	SXL-00066	38.6122900	-9.1051000	38.6124033	-9.1050319	13.92	surface
ATL	AMD-00096	38.7784600	-9.2325300	38.7784956	-9.2326839	13.92	underground
ATL	ALM-00194	38.6483000	-9.1537000	38.6483048	-9.1538600	13.91	underground
GLP	FLG-00033	41.3686070	-8.2192650	41.3684822	-8.2192744	13.90	surface
ATL	PRT-00225	41.1621300	-8.6060110	41.1622360	-8.6060988	13.89	underground
ATL	LLE-00158	37.0775600	-8.0942570	37.0775243	-8.0944070	13.89	surface
EDP	VFR-90002	40.9237330	-8.5645570	40.9238446	-8.5646310	13.88	surface
EDP	LSB-00450	38.7395700	-9.1457560	38.7395976	-9.1456000	13.87	underground
HRZ	SJM-00005	40.8889000	-8.4920800	40.8890246	-8.4920856	13.86	underground
GLP	GDL-00025	38.2932700	-8.7758465	38.2933444	-8.7757191	13.86	surface
EDP	ABF-00192	37.1270800	-8.3020970	37.1270346	-8.3019515	13.85	surface
TRK	BRR-00036	38.6495360	-9.0647540	38.6495632	-9.0645984	13.85	surface
CME	SNT-00212	38.7615300	-9.3967960	38.7615310	-9.3966364	13.84	underground
GLG	LSD-00002	41.2667200	-8.2906100	41.2668188	-8.2905099	13.81	surface
HRZ	SNS-00011	37.8521540	-8.7902090	37.8520589	-8.7901080	13.80	surface
FCT	LRS-00242	38.8057400	-9.1712360	38.8057608	-9.1713930	13.80	surface
HRZ	PRG-00004	41.1626400	-7.8035965	41.1626418	-7.8034317	13.80	surface
EDP	LSB-00581	38.7376440	-9.1598040	38.7375204	-9.1597903	13.79	underground
TRK	TMR-00028	39.6026400	-8.4106500	39.6027178	-8.4105246	13.79	surface
EML	LSB-00407	38.7123640	-9.1350130	38.7124498	-9.1351275	13.77	surface
HLX	VCD-00021	41.3616680	-8.7450000	41.3615940	-8.7451323	13.77	underground
REP	VNG-00095	41.1256400	-8.6048100	41.1257352	-8.6049151	13.77	underground
EDP	CSC-00055	38.6971300	-9.4380190	38.6971676	-9.4378679	13.76	surface
MAK	LSB-00760	38.7107850	-9.1431950	38.7106741	-9.1432654	13.76	underground
EDP	ELV-00002	38.8804700	-7.1671470	38.8805835	-7.1670838	13.76	underground
REP	VNG-00097	41.1256400	-8.6048100	41.1257563	-8.6048658	13.75	underground
REP	RBR-00003	32.6824400	-17.0532680	32.6823169	-17.0532551	13.74	surface
EDP	ALM-00181	38.6618840	-9.2015170	38.6619792	-9.2016176	13.72	surface
HRZ	MMV-90001	40.1825680	-8.5831800	40.1824964	-8.5830487	13.70	surface
MOT	CBR-00043	40.2107200	-8.4440800	40.2108406	-8.4440475	13.69	underground
HRZ	SEI-90001	40.4217450	-7.7037640	40.4217791	-7.7036086	13.69	surface
GLP	LSA-00011	40.1191400	-8.2495220	40.1190272	-8.2494576	13.69	surface
REP	FLG-00005	41.3604430	-8.2037000	41.3603468	-8.2035980	13.67	surface
EML	LSB-00584	38.7111970	-9.1476780	38.7110762	-9.1476488	13.67	surface
EDP	ALM-90023	38.6722100	-9.1560400	38.6720872	-9.1560463	13.67	surface
MOT	LLE-00219	37.0918730	-8.0738700	37.0918659	-8.0740238	13.66	surface
ATL	LSB-00641	38.7315400	-9.1499100	38.7314868	-9.1497680	13.66	surface
HLX	VCD-00022	41.3616680	-8.7450000	41.3616130	-8.7451464	13.66	underground
KLS	LSB-01312	38.7284130	-9.1485000	38.7284863	-9.1483739	13.64	underground
ENB	LSB-01114	38.7746000	-9.1026900	38.7745888	-9.1028467	13.64	surface
EDP	CNT-00024	40.3317900	-8.4938500	40.3319078	-8.4938940	13.62	surface
EDP	AVZ-00006	39.8167000	-8.3788000	39.8165795	-8.3788282	13.61	surface
GLP	LRA-00135	39.7493060	-8.8028380	39.7494152	-8.8027664	13.60	surface
EDP	LLE-00262	37.0689160	-8.0845060	37.0690190	-8.0845885	13.59	surface
KLS	LSB-01314	38.7284130	-9.1485000	38.7284664	-9.1483592	13.58	underground
HRZ	LMG-00008	41.0888370	-7.7984590	41.0888985	-7.7983191	13.57	surface
ATL	MDR-00009	41.5075000	-6.2877900	41.5075291	-6.2876317	13.57	surface
EDP	LSB-91090	38.7437130	-9.1797160	38.7438333	-9.1796897	13.57	surface
GLP	ASL-00027	38.5153500	-8.5859500	38.5153212	-8.5857985	13.56	surface
ATL	FAR-80006	37.0288960	-7.9247310	37.0288327	-7.9246005	13.56	surface
IBD	CSC-00181	38.7283060	-9.4760430	38.7283482	-9.4758964	13.56	surface
EDP	AVR-00050	40.6488340	-8.5979100	40.6489520	-8.5979502	13.55	surface
EDP	NZR-00036	39.6079000	-9.0663800	39.6077791	-9.0663988	13.54	surface
GLP	SNT-00194	38.7589570	-9.3778690	38.7588406	-9.3778232	13.54	surface
TRK	LSB-00685	38.7742300	-9.0965800	38.7743502	-9.0966041	13.53	underground
HRZ	OBD-00024	39.3754840	-9.1386150	39.3753686	-9.1385652	13.53	surface
GLP	VBP-00016	37.0218430	-8.9251810	37.0217789	-8.9253105	13.53	surface
REP	VNG-00096	41.1256400	-8.6048100	41.1257452	-8.6048910	13.52	underground
ATL	VNG-00168	41.1295800	-8.6519200	41.1294770	-8.6518342	13.52	underground
ATL	VCD-00048	41.3001900	-8.7060900	41.3002720	-8.7062094	13.51	surface
HRZ	TVD-00011	39.1015550	-9.2529720	39.1016736	-9.2529383	13.50	underground
HLX	VFX-00011	38.8885350	-9.0436690	38.8886538	-9.0437012	13.50	underground
HRZ	LRA-90006	39.7471120	-8.8042510	39.7470220	-8.8041451	13.50	surface
EDP	TRF-00014	41.3265300	-8.5673830	41.3265411	-8.5675439	13.49	surface
EDP	LRS-00225	38.8593900	-9.1613400	38.8595112	-9.1613454	13.48	surface
HLX	CSC-00154	38.7019800	-9.4163000	38.7021010	-9.4162910	13.48	underground
ATL	AND-00007	40.4416000	-8.4403600	40.4415899	-8.4402013	13.48	surface
EDP	CNT-00026	40.3342600	-8.4923400	40.3341754	-8.4922262	13.47	surface
EML	LSB-00456	38.7536800	-9.1818960	38.7537151	-9.1817473	13.47	surface
MAK	LSB-00904	38.7263600	-9.1511700	38.7264777	-9.1511339	13.46	surface
ATL	CDN-00003	40.1080000	-8.5117100	40.1080505	-8.5118538	13.46	surface
EML	LSB-00585	38.7111970	-9.1476780	38.7110781	-9.1477069	13.46	surface
EDP	SNT-00162	38.7780880	-9.3394240	38.7782025	-9.3393738	13.45	surface
EDP	PRT-00074	41.1703300	-8.6172500	41.1704471	-8.6172098	13.45	surface
GLP	PTB-90001	41.8072900	-8.4148560	41.8071751	-8.4148058	13.44	surface
EML	LSB-00455	38.7536800	-9.1818960	38.7537543	-9.1817743	13.40	surface
GLP	MCH-00014	32.7428130	-16.7359050	32.7429156	-16.7359801	13.40	surface
ATL	MTS-00148	41.1746860	-8.6873620	41.1747472	-8.6874994	13.36	surface
REP	SRT-00003	39.7734900	-8.1108340	39.7734796	-8.1106784	13.35	surface
TRK	LSB-01441	38.7743400	-9.0961400	38.7744195	-9.0960247	13.34	underground
MAK	LSB-00119	38.7167970	-9.1429160	38.7166791	-9.1429441	13.33	underground
GLG	LGS-00003	37.1484600	-8.7025290	37.1485224	-8.7026574	13.33	surface
VIA	OER-00275	38.7146000	-9.2861150	38.7145182	-9.2860028	13.32	surface
EDP	CSC-00420	38.6914200	-9.4228810	38.6915345	-9.4229260	13.32	surface
EDP	OER-00236	38.7362170	-9.3021830	38.7363323	-9.3022232	13.29	surface
GLP	LSB-01018	38.7230800	-9.1456370	38.7231964	-9.1456030	13.27	underground
PLG	SNT-00064	38.8104300	-9.2736480	38.8103607	-9.2735233	13.27	surface
TRK	SJM-00043	40.9013060	-8.4840000	40.9013395	-8.4838485	13.27	surface
GLP	MCQ-00007	37.2803270	-8.5516110	37.2802491	-8.5517245	13.26	underground
GLP	PMS-00009	39.5531100	-8.7686470	39.5529930	-8.7686770	13.26	surface
GLP	PRT-00310	41.1576700	-8.6335330	41.1577885	-8.6335507	13.26	surface
EML	LSB-00421	38.7733760	-9.1595900	38.7734900	-9.1596348	13.26	surface
PRI	VNG-00043	41.1170580	-8.6470500	41.1169390	-8.6470594	13.26	surface
EDP	ESP-00006	41.0151940	-8.6392150	41.0153046	-8.6392738	13.25	surface
HGP	GRD-00032	40.6045070	-7.2983860	40.6044164	-7.2982841	13.25	surface
HLX	FNC-00045	32.6462100	-16.9392500	32.6461132	-16.9391677	13.24	surface
EDP	BJA-00008	37.8891000	-8.0210790	37.8889810	-8.0210816	13.23	surface
EDP	MTG-00004	40.3818660	-7.5460340	40.3819645	-7.5461217	13.23	underground
MAK	LSB-00905	38.7263600	-9.1511700	38.7264751	-9.1511313	13.23	surface
IBD	LSB-01047	38.7626650	-9.1528800	38.7627821	-9.1528532	13.23	underground
EDP	LRA-00145	39.7584760	-8.7915190	39.7585053	-8.7913693	13.20	surface
HGP	CNF-00003	41.0888500	-8.0840300	41.0889551	-8.0841024	13.17	surface
EML	LSB-00394	38.7492400	-9.1494700	38.7492926	-9.1496058	13.15	surface
HRZ	CHV-00034	41.7618180	-7.4875364	41.7618925	-7.4876594	13.14	surface
ATL	LSB-00669	38.7588400	-9.0978900	38.7587903	-9.0977527	13.13	underground
ATL	MMN-00012	38.6462480	-8.2022570	38.6461502	-8.2021731	13.09	surface
GLP	LSB-00505	38.7275400	-9.1483340	38.7275330	-9.1481836	13.07	underground
EMA	PST-00003	33.0500300	-16.3513890	33.0500288	-16.3515292	13.07	surface
GLP	FLG-00025	41.3161160	-8.1414510	41.3160015	-8.1414861	13.06	surface
GLP	VFX-00064	38.8932880	-9.0348310	38.8932916	-9.0346804	13.04	surface
BRI	MTS-00192	41.1802700	-8.6551300	41.1801658	-8.6550587	13.03	underground
EDP	TBR-00005	41.7077670	-8.1685240	41.7077820	-8.1683684	13.02	surface
EDP	VNP-00004	40.8519800	-7.7289630	40.8519374	-7.7288189	13.01	surface
ATL	LLE-00167	37.0823170	-8.1200970	37.0822124	-8.1200313	13.01	surface
HRZ	STB-00034	38.5383640	-8.8381140	38.5383097	-8.8379816	13.00	surface
MOT	SNT-00068	38.7751900	-9.3417320	38.7752810	-9.3416381	12.99	surface
PLG	AMD-00040	38.7769550	-9.2197950	38.7769313	-9.2199416	12.98	underground
HRZ	LSB-90056	38.7691600	-9.1716580	38.7690992	-9.1717857	12.97	surface
MOT	EVR-00064	38.5493700	-7.9089130	38.5493419	-7.9090577	12.97	surface
GLP	RSD-00003	41.1065440	-7.9631120	41.1065880	-7.9629690	12.94	surface
MOB	GMR-00016	41.4450000	-8.2980300	41.4448964	-8.2979594	12.94	surface
MLT	PRT-00138	41.1526220	-8.6541630	41.1527326	-8.6541152	12.93	surface
MOT	CTB-00043	39.8085980	-7.5153522	39.8087055	-7.5154100	12.93	surface
MOT	SNT-00070	38.7752840	-9.3415660	38.7751957	-9.3416631	12.93	surface
MOT	MLG-00007	42.1079500	-8.2616260	42.1078521	-8.2617106	12.93	surface
HRZ	LSB-00959	38.7663880	-9.1558330	38.7665027	-9.1558573	12.93	surface
HRZ	SRE-90002	40.0567200	-8.6266850	40.0566683	-8.6268210	12.92	surface
HRZ	FAR-00045	37.0188140	-7.9383717	37.0187007	-7.9384040	12.92	surface
EDP	LSB-00065	38.7506940	-9.1810200	38.7508001	-9.1810802	12.90	underground
IHM	ABF-00050	37.1267500	-8.2370000	37.1266812	-8.2368829	12.90	surface
ACC	LSB-01319	38.7138370	-9.1444630	38.7137492	-9.1443660	12.89	surface
HLX	SNT-00121	38.7787500	-9.3551900	38.7788129	-9.3553149	12.89	surface
IBD	VCT-00020	41.6910500	-8.8281590	41.6911472	-8.8280747	12.88	underground
EDP	PNF-00053	41.2028200	-8.2936310	41.2027050	-8.2936129	12.88	surface
CME	TND-00018	40.5699270	-8.1722970	40.5698266	-8.1722211	12.87	surface
MLT	VLS-00001	38.6862950	-28.2018950	38.6864080	-28.2019271	12.87	surface
GEN	GMR-00076	41.4341550	-8.3042770	41.4342525	-8.3043601	12.87	surface
IBD	SEI-00008	40.4168320	-7.7265560	40.4167166	-7.7265667	12.86	surface
GLP	LSB-00507	38.7275400	-9.1483340	38.7274526	-9.1482369	12.86	underground
ATL	BRG-00121	41.5413200	-8.4249640	41.5413228	-8.4251183	12.85	surface
EDP	SNT-00157	38.8395580	-9.3724440	38.8394660	-9.3723543	12.85	surface
KLS	AVR-00054	40.6410300	-8.6527380	40.6411374	-8.6527936	12.83	underground
EMA	PST-00004	33.0500300	-16.3513890	33.0500248	-16.3515265	12.83	surface
MOT	GDM-00054	41.1807980	-8.5749380	41.1807338	-8.5750653	12.82	surface
HRZ	AVR-00070	40.6504820	-8.6144930	40.6503798	-8.6144229	12.81	surface
HRZ	CHV-00033	41.7618180	-7.4875364	41.7618383	-7.4876882	12.79	surface
GLP	MOBI-VFX-00060	38.9868900	-8.9601380	38.9870019	-8.9601720	12.79	surface
HRZ	SNT-00232	38.8170930	-9.4754060	38.8170319	-9.4755310	12.78	surface
REP	PRT-00140	41.1651230	-8.6281580	41.1651301	-8.6280056	12.78	surface
EMA	STN-00003	32.8033330	-16.8811110	32.8032186	-16.8810984	12.78	surface
EGR	AMD-00108	38.7348750	-9.2214230	38.7347755	-9.2213496	12.76	surface
MOT	VIS-00016	40.6620800	-7.9137800	40.6621578	-7.9136688	12.76	underground
ATL	PNF-00042	41.1947400	-8.3066400	41.1948440	-8.3065756	12.76	surface
HLX	LGA-00010	37.1371770	-8.4642380	37.1371007	-8.4641306	12.75	surface
GLP	VNG-00199	41.1276170	-8.6509320	41.1275820	-8.6507871	12.75	surface
HRZ	VNG-00223	41.1254700	-8.6354670	41.1253589	-8.6355037	12.73	surface
KLS	OER-00211	38.7110750	-9.2994730	38.7111746	-9.2995452	12.72	underground
TRK	TMR-00021	39.6044100	-8.4043600	39.6044991	-8.4044529	12.71	surface
GLG	LSB-00013	38.7655600	-9.1655600	38.7655542	-9.1657063	12.70	surface
TRK	MTJ-00056	38.6798600	-8.9645010	38.6799733	-8.9644826	12.70	surface
FCT	SNT-00175	38.7889200	-9.3738990	38.7890259	-9.3738444	12.69	surface
MAK	PRT-00203	41.1474570	-8.6089280	41.1475309	-8.6090434	12.68	underground
GLP	CSC-00516	38.7112850	-9.3935270	38.7113947	-9.3935667	12.68	surface
KLS	OER-00212	38.7394520	-9.3039630	38.7394557	-9.3038170	12.67	underground
HRZ	OVR-00007	40.8748320	-8.6351390	40.8749054	-8.6350242	12.64	surface
EDP	VFX-00036	38.8901400	-9.0347500	38.8900657	-9.0346395	12.64	surface
MAK	VNG-00213	41.1387300	-8.6095180	41.1387448	-8.6093684	12.64	underground
HRZ	AVR-00011	40.6504140	-8.6148170	40.6503142	-8.6147455	12.63	surface
TRK	BRR-00111	38.6522830	-9.0704860	38.6522547	-9.0706268	12.63	surface
EDP	VIS-00101	40.6770900	-7.8891130	40.6770002	-7.8890214	12.62	surface
EDP	PTG-90004	39.2693000	-7.4203520	39.2691968	-7.4204130	12.62	surface
ATL	VPA-00006	41.5040100	-7.7207130	41.5040200	-7.7208639	12.62	surface
HRZ	MDL-00004	41.4812100	-7.1793310	41.4811038	-7.1793842	12.61	surface
TRK	BRR-00041	38.6499180	-9.0632640	38.6499684	-9.0631339	12.61	surface
MOO	LSB-00703	38.7561150	-9.1067260	38.7562193	-9.1066689	12.61	surface
GLG	VCT-00024	41.7070900	-8.8027400	41.7072021	-8.8027628	12.61	surface
GLP	LSB-00323	38.7039450	-9.1740950	38.7039213	-9.1739530	12.60	underground
EVC	ORM-00014	39.6350940	-8.6673160	39.6350531	-8.6674532	12.60	surface
REP	SCR-00026	32.6485750	-16.8529720	32.6485260	-16.8528507	12.60	surface
REP	ESP-00008	41.0109860	-8.6382670	41.0108749	-8.6382963	12.60	surface
EML	LSB-00352	38.6975800	-9.2255800	38.6975072	-9.2254693	12.56	surface
EDP	MCV-00008	40.0921200	-8.3325690	40.0922219	-8.3325053	12.56	surface
EDP	TVR-00018	37.1233300	-7.6457110	37.1232420	-7.6457997	12.55	underground
EDP	OHP-00009	40.3242870	-7.8869460	40.3243299	-7.8870828	12.54	surface
ATL	LOU-00013	41.3014450	-8.2624490	41.3013576	-8.2623545	12.52	surface
EDP	LSB-00881	38.7134500	-9.1537140	38.7134728	-9.1535727	12.52	underground
MAK	LSB-01075	38.7221500	-9.1497360	38.7222220	-9.1498468	12.51	underground
HRZ	LSB-00882	38.7212400	-9.1612010	38.7213523	-9.1612076	12.50	underground
CPS	FAR-00063	37.1062470	-8.3829240	37.1063592	-8.3829226	12.48	surface
MAK	LSB-00761	38.7107850	-9.1431950	38.7106778	-9.1432372	12.47	underground
EVP	FND-00005	40.1402200	-7.4998060	40.1401294	-7.4998921	12.45	surface
GLP	OER-00140	38.7234300	-9.2441640	38.7233361	-9.2440858	12.45	surface
ATL	VNG-00139	41.0617140	-8.6289190	41.0616790	-8.6290600	12.45	surface
BRI	MTS-00190	41.1802700	-8.6551300	41.1801618	-8.6550920	12.44	underground
MOT	TVD-00080	39.1306040	-9.3827100	39.1306050	-9.3828542	12.44	surface
EDP	LRS-00092	38.7824060	-9.1178680	38.7824739	-9.1177540	12.44	surface
ATL	TCS-00003	40.7645200	-7.3556800	40.7645718	-7.3555492	12.43	surface
SEG	PDL-00010	37.7467900	-25.6752640	37.7467403	-25.6753906	12.43	surface
GLP	AJT-00033	37.9236500	-8.2420700	37.9235523	-8.2421387	12.42	surface
EMA	CLT-00004	32.7213900	-17.1786120	32.7213034	-17.1786958	12.42	surface
MAK	PTM-00020	37.1390230	-8.5385685	37.1390312	-8.5384288	12.42	underground
IBD	MTS-00037	41.1843200	-8.6815180	41.1842151	-8.6815685	12.41	surface
MOT	OER-00251	38.7102700	-9.2457560	38.7102094	-9.2456362	12.39	surface
ALF	MTR-00010	41.7134780	-8.0352590	41.7134836	-8.0354080	12.38	surface
ECI	STB-00058	38.5381770	-8.8724600	38.5382554	-8.8723590	12.38	surface
EDP	LSB-90137	38.7567750	-9.1150890	38.7568104	-9.1152243	12.37	surface
EDP	PNF-00015	41.2323500	-8.1789270	41.2324404	-8.1790133	12.37	surface
ZUN	EPS-00042	41.5685700	-8.7883600	41.5684592	-8.7883471	12.37	surface
EDP	STS-00011	41.3394100	-8.4807640	41.3392989	-8.4807691	12.36	surface
EDP	EVR-90002	38.5734100	-7.9124380	38.5734270	-7.9125785	12.36	surface
SEG	LAG-00001	37.7463870	-25.5746940	37.7462759	-25.5746920	12.36	surface
ATL	CCH-00004	38.9650000	-8.5333600	38.9650669	-8.5332460	12.35	surface
GLP	SLV-80001	37.1031600	-8.3683330	37.1032076	-8.3684587	12.34	surface
HRZ	CLD-90002	39.4067700	-9.1389180	39.4066636	-9.1389587	12.34	surface
GLP	LLE-00211	37.0957900	-8.1305440	37.0958339	-8.1306714	12.31	surface
PLG	LLE-00053	37.1045100	-8.0760590	37.1045970	-8.0761448	12.31	surface
IBD	PTL-00016	41.8092700	-8.6765230	41.8091740	-8.6764492	12.30	surface
GLP	VFR-00039	40.8902000	-8.5516140	40.8903091	-8.5516374	12.29	surface
GLP	CRV-00003	39.6728000	-31.1137470	39.6728429	-31.1136148	12.28	surface
FCT	LRA-00223	39.7545170	-8.8128630	39.7545870	-8.8127520	12.27	surface
GLP	LSB-00474	38.7383770	-9.1413920	38.7383164	-9.1415100	12.25	underground
EDP	OBR-00005	40.5071800	-8.5609060	40.5070944	-8.5609972	12.25	surface
MLT	SCG-00001	39.0738370	-28.0128940	39.0737838	-28.0130181	12.24	surface
EDP	LSB-01117	38.7501800	-9.2063310	38.7502820	-9.2063837	12.23	surface
FCT	LLE-00230	37.1008530	-8.0021080	37.1008529	-8.0019702	12.22	surface
ATL	BRR-00130	38.6674900	-9.0599800	38.6675506	-9.0600974	12.22	surface
GLP	CVL-00048	40.2686960	-7.5051100	40.2685929	-7.5051598	12.22	surface
GLG	ACH-00002	38.7258400	-8.9877800	38.7258093	-8.9876448	12.22	surface
ATL	AMD-00095	38.7784700	-9.2325300	38.7784754	-9.2326705	12.19	underground
GLP	BBR-00006	39.2700420	-9.1623430	39.2700995	-9.1624635	12.19	surface
MOT	ALM-00115	38.6681980	-9.1868270	38.6681133	-9.1867380	12.18	surface
HLX	LSB-00706	38.7207830	-9.1500650	38.7208425	-9.1501829	12.18	underground
GLP	EVR-00071	38.5619130	-7.9131620	38.5619444	-7.9130278	12.18	surface
REM	MNC-00015	42.0715030	-8.4957640	42.0716107	-8.4957375	12.17	surface
HLX	GDL-00033	38.4930570	-8.9030560	38.4929481	-8.9030685	12.16	underground
HRZ	VIZ-00016	41.3727600	-8.3101440	41.3728407	-8.3102423	12.16	surface
HRZ	OER-00095	38.7052300	-9.3018040	38.7051208	-9.3017971	12.16	underground
HRZ	LRS-00140	38.7786500	-9.1022660	38.7785608	-9.1023468	12.14	surface
EDP	ALM-00175	38.6518800	-9.1648960	38.6519668	-9.1648113	12.13	surface
EDP	BJA-00007	37.8890880	-8.0210790	37.8889811	-8.0210528	12.11	surface
HRZ	VCT-90006	41.6830800	-8.8326850	41.6830083	-8.8325754	12.10	surface
GLP	FAR-90004	37.0197000	-7.9282750	37.0195960	-7.9283148	12.09	surface
HLX	VNF-00016	41.4119830	-8.5136120	41.4118815	-8.5135604	12.08	surface
HEX	GMR-00089	41.4357200	-8.3045850	41.4356798	-8.3047191	12.04	surface
GLP	LRA-00166	39.8518700	-8.8676300	39.8519659	-8.8675646	12.04	surface
GLP	VFR-00017	41.0240630	-8.5419950	41.0241612	-8.5420553	12.03	surface
TRK	LRS-00126	38.8216500	-9.1758780	38.8216862	-9.1760085	12.00	underground
MAK	LSB-00765	38.7107850	-9.1431950	38.7106926	-9.1431242	11.97	underground
ATL	SRT-00006	39.7988700	-8.0955100	39.7989668	-8.0955711	11.96	surface
EDP	TNV-00013	39.4679400	-8.5245480	39.4680155	-8.5246472	11.96	surface
EDP	AVR-00048	40.6500050	-8.6029460	40.6498991	-8.6029219	11.95	surface
HGP	VNG-00145	41.1383000	-8.6209830	41.1383605	-8.6211009	11.95	surface
HRZ	LRS-00047	38.8665280	-9.1074490	38.8664901	-9.1073200	11.94	surface
REP	LSB-00335	38.7625580	-9.1289640	38.7625011	-9.1288473	11.93	surface
GLP	GMR-00160	41.4870450	-8.3525670	41.4870259	-8.3524262	11.92	surface
GLP	LSB-00506	38.7275400	-9.1483340	38.7274929	-9.1482109	11.89	underground
EDP	CNT-00010	40.3317380	-8.4937920	40.3318194	-8.4938827	11.88	surface
EDP	LSB-90133	38.7151070	-9.1241220	38.7151982	-9.1241929	11.86	surface
HRZ	VNG-00070	41.0927930	-8.5446540	41.0927080	-8.5447395	11.86	surface
EDP	CVL-00015	40.2735600	-7.5032980	40.2734618	-7.5032437	11.85	surface
GLP	VIS-00076	40.6975900	-7.9113410	40.6974836	-7.9113336	11.85	surface
IBD	LMG-00015	41.1445200	-7.7549815	41.1445802	-7.7550981	11.84	surface
GLP	VIS-00075	40.6975900	-7.9113410	40.6974836	-7.9113388	11.83	surface
GLP	VNG-00201	41.0716630	-8.6260170	41.0717692	-8.6260103	11.82	surface
INT	VCT-00051	42.1204900	-8.2747900	42.1205842	-8.2748563	11.82	surface
MOT	VLC-00019	40.8458860	-8.3941300	40.8458805	-8.3939899	11.80	surface
TRK	LSB-00811	38.7718660	-9.1771040	38.7719630	-9.1771591	11.80	surface
EDP	VRL-00032	41.2795680	-7.7061800	41.2795247	-7.7063087	11.78	surface
TRK	BRR-00025	38.6621200	-9.0780100	38.6620174	-9.0780435	11.77	surface
IBD	MTS-00197	41.1772300	-8.6821590	41.1773358	-8.6821624	11.77	underground
FCT	VNG-00174	41.1092720	-8.6320070	41.1091958	-8.6319096	11.76	surface
EDP	ALM-00170	38.6267550	-9.1998800	38.6266502	-9.1998985	11.76	surface
MAK	LSB-00902	38.7263600	-9.1511700	38.7264653	-9.1511582	11.75	surface
GLP	LRS-00135	38.7924400	-9.1014220	38.7925443	-9.1014435	11.75	surface
ATL	VIS-00088	40.6565930	-7.9089680	40.6566144	-7.9088318	11.73	surface
GLP	PRT-00106	41.1516650	-8.6062680	41.1516206	-8.6061409	11.73	underground
HRZ	BTC-90001	41.6868820	-7.6673650	41.6869858	-7.6673399	11.73	surface
MOT	ALM-00068	38.6601200	-9.1759400	38.6600756	-9.1758175	11.73	underground
EDP	TBU-00006	40.3620640	-8.0328630	40.3620967	-8.0329944	11.71	surface
MAK	LSB-00230	38.7263600	-9.1511700	38.7263986	-9.1512955	11.70	underground
EDP	PRT-00078	41.1628070	-8.5908610	41.1628199	-8.5909997	11.70	surface
GLP	LLE-00102	37.0969620	-7.9962490	37.0969584	-7.9963808	11.70	underground
GLG	TVR-00012	37.1182060	-7.6632370	37.1183094	-7.6632610	11.69	surface
GLG	AJT-00002	37.9242820	-8.2438450	37.9243842	-8.2438763	11.69	surface
GLP	LSB-00696	38.7265470	-9.1555260	38.7264756	-9.1556244	11.66	surface
GLP	LSB-90041	38.7648740	-9.0971100	38.7647815	-9.0971730	11.65	surface
MOT	ALM-00069	38.6601200	-9.1759400	38.6600734	-9.1758200	11.64	underground
ATL	VCD-00047	41.3001900	-8.7060900	41.3002564	-8.7061975	11.63	surface
GLP	ASL-00024	38.5153500	-8.5859500	38.5154412	-8.5858848	11.62	surface
IBD	CBR-00112	40.2063060	-8.4014440	40.2064084	-8.4014708	11.61	underground
EDP	AMT-00020	41.2724380	-8.0898070	41.2725408	-8.0897828	11.61	surface
EVC	MNC-00010	42.0644500	-8.4895500	42.0645107	-8.4896640	11.58	surface
MAK	LSB-00762	38.7107850	-9.1431950	38.7106815	-9.1432089	11.57	underground
EDP	ALM-00098	38.5837330	-9.1701340	38.5838061	-9.1702286	11.56	surface
FCT	STC-00017	37.7992860	-8.6641740	37.7991825	-8.6641628	11.55	surface
EDP	LSB-90037	38.7756160	-9.0953220	38.7757189	-9.0953060	11.53	surface
CME	SNT-00213	38.7615300	-9.3967960	38.7615234	-9.3966636	11.50	underground
ATL	MDL-00015	41.4967200	-7.1783100	41.4966595	-7.1784218	11.49	surface
HRZ	OER-00125	38.7146840	-9.2311310	38.7145995	-9.2312069	11.47	underground
HLX	LSB-00707	38.7207830	-9.1500650	38.7208555	-9.1501589	11.46	underground
PRI	AVZ-00002	39.8795800	-8.3417420	39.8794770	-8.3417400	11.45	surface
EML	LSB-00357	38.6975800	-9.2255800	38.6976203	-9.2257014	11.45	surface
GLP	VIS-90039	40.6607440	-7.9083950	40.6606491	-7.9084474	11.44	surface
GLP	LRA-00136	39.7493060	-8.8028380	39.7493930	-8.8027666	11.44	surface
MAK	LSB-00903	38.7263600	-9.1511700	38.7264622	-9.1511550	11.44	surface
HRZ	MOBI-LSB-00341	38.7701380	-9.1251260	38.7701599	-9.1252549	11.44	underground
FCT	LRS-00243	38.8057400	-9.1712360	38.8057912	-9.1713504	11.43	surface
GLP	VFX-00132	38.9494000	-8.9910700	38.9493082	-8.9911292	11.42	surface
GLP	LSB-00349	38.7716520	-9.1252690	38.7717540	-9.1252832	11.41	surface
EDP	VNG-00085	41.1431100	-8.6477800	41.1431459	-8.6479076	11.41	surface
HLX	LSB-00714	38.6937100	-9.2106980	38.6936115	-9.2107341	11.39	underground
CSC	CSC-00111	38.6943780	-9.4233360	38.6942766	-9.4233174	11.39	surface
EML	LSB-00398	38.7492400	-9.1494700	38.7491395	-9.1494951	11.39	surface
HRZ	ENT-90001	39.4655650	-8.4673090	39.4654692	-8.4673558	11.38	surface
HRZ	OER-00126	38.7146840	-9.2311310	38.7145832	-9.2311536	11.38	underground
MOT	CBR-00045	40.2107200	-8.4440800	40.2108139	-8.4440268	11.38	underground
EDP	CBR-00158	40.1935350	-8.4144350	40.1936234	-8.4143676	11.38	underground
EDP	LSB-00627	38.7005100	-9.1802830	38.7004455	-9.1803847	11.37	underground
HRZ	AVR-00071	40.6504820	-8.6144930	40.6503863	-8.6144457	11.36	surface
EDP	OVR-00023	40.8821370	-8.6220920	40.8820652	-8.6221882	11.36	surface
EDP	AND-00016	40.4469030	-8.4364680	40.4468706	-8.4363408	11.35	surface
EDP	ABF-00195	37.1256830	-8.2370650	37.1257802	-8.2370263	11.34	surface
ATL	PVZ-00042	41.3780100	-8.7387900	41.3781115	-8.7388030	11.34	underground
EDP	VCD-00062	41.3795800	-8.6825630	41.3795342	-8.6824416	11.34	surface
HRZ	MTJ-00034	38.6804400	-8.9665380	38.6804029	-8.9664164	11.33	surface
ATL	LSB-80138	38.7677760	-9.1155560	38.7678295	-9.1156670	11.31	surface
MOT	EVR-00065	38.5490000	-7.9060000	38.5489889	-7.9061293	11.31	surface
GLP	VRS-00012	37.1931530	-7.4213900	37.1931669	-7.4212635	11.31	surface
MAK	LSB-00764	38.7107850	-9.1431950	38.7106889	-9.1431524	11.31	underground
GLP	OER-00280	38.6989500	-9.2303320	38.6988559	-9.2303811	11.30	surface
GLP	AJT-00037	37.9236500	-8.2420700	37.9237371	-8.2421363	11.30	surface
ATL	ABF-00186	37.0920000	-8.2412000	37.0921000	-8.2412222	11.29	underground
EDP	ORM-00012	39.6308330	-8.6767030	39.6308191	-8.6768335	11.28	surface
MAK	LSB-00225	38.7263600	-9.1511700	38.7263945	-9.1512922	11.27	underground
VEI	GRD-00038	40.4901400	-7.4150100	40.4901764	-7.4151344	11.27	surface
ATL	CTX-00004	39.1690300	-8.7770790	39.1691029	-8.7771697	11.26	surface
PRI	BCL-00029	41.4649240	-8.5758010	41.4649674	-8.5756789	11.26	surface
ECI	ACN-00016	39.4555000	-8.6667670	39.4555392	-8.6668879	11.26	surface
EML	LSB-01179	38.7599800	-9.1984400	38.7600782	-9.1984713	11.25	surface
GLP	PNF-00034	41.1572800	-8.2312930	41.1573810	-8.2313010	11.25	surface
KLS	OER-00147	38.7120000	-9.2969000	38.7120108	-9.2970288	11.24	underground
HLX	OBD-00015	39.4155700	-9.2438300	39.4155734	-9.2436993	11.23	surface
EDP	TVD-90001	39.0913050	-9.2572030	39.0912149	-9.2571447	11.21	surface
EDP	MAI-00094	41.2463720	-8.6648750	41.2463513	-8.6647438	11.21	surface
FCT	SNT-00181	38.7858160	-9.3403580	38.7857766	-9.3404770	11.21	surface
GLG	AJT-00001	37.9229620	-8.2415160	37.9228613	-8.2415166	11.20	surface
GLP	TBR-90001	41.6747440	-8.1849650	41.6748436	-8.1849452	11.20	surface
GLP	ODV-00049	38.8144450	-9.2150000	38.8145420	-9.2149654	11.19	surface
GLP	LRA-00167	39.8518700	-8.8676300	39.8519311	-8.8675258	11.19	surface
REP	ABT-00037	39.4722750	-8.1957090	39.4723530	-8.1957910	11.17	surface
GRN	OER-00162	38.7398870	-9.3031980	38.7397887	-9.3031715	11.17	surface
TRK	BRR-00024	38.5949500	-9.0446300	38.5948726	-9.0447119	11.17	surface
MAK	LSB-00763	38.7107850	-9.1431950	38.7106852	-9.1431807	11.17	underground
ATL	MTS-00205	41.1746860	-8.6873620	41.1745946	-8.6874171	11.16	surface
ATL	LLE-00164	37.0823170	-8.1200970	37.0823543	-8.1202138	11.16	surface
MOT	CBR-00046	40.2107200	-8.4440800	40.2108111	-8.4440252	11.15	underground
EVC	GMR-00114	41.4609900	-8.4269060	41.4610372	-8.4270240	11.15	surface
GLP	LSB-00494	38.7454800	-9.1597620	38.7455743	-9.1597186	11.14	underground
ATL	MGR-00013	39.7475170	-8.9124780	39.7476076	-8.9124227	11.13	surface
EDP	LSB-01128	38.7003630	-9.1802570	38.7004007	-9.1803757	11.12	underground
ATL	AVR-00098	40.6435700	-8.6582500	40.6434940	-8.6583355	11.11	surface
HRZ	FND-00025	40.1654300	-7.4962680	40.1653781	-7.4963797	11.11	surface
EVP	ELV-00022	38.8772200	-7.1708330	38.8773178	-7.1708591	11.11	surface
EDP	ALM-00171	38.6267470	-9.1998460	38.6266814	-9.1999424	11.11	surface
GLP	PBL-00035	40.0146180	-8.6003550	40.0145274	-8.6003002	11.10	surface
HLX	CSC-00155	38.7019800	-9.4163000	38.7020795	-9.4162911	11.09	underground
HLX	SEI-00009	40.4264070	-7.7154070	40.4263202	-7.7153426	11.08	surface
EVC	AVV-00002	41.8483660	-8.4166470	41.8482863	-8.4165667	11.08	surface
EDP	PRD-00009	41.2025380	-8.3268630	41.2024435	-8.3269048	11.07	surface
FCT	ODV-00057	38.7859880	-9.2086390	38.7859771	-9.2085120	11.07	surface
IBD	PNV-00003	39.7495300	-7.9197390	39.7494901	-7.9196207	11.04	surface
REP	VNG-00065	41.0968300	-8.5863800	41.0968047	-8.5862526	11.04	surface
HRZ	TVD-00010	39.1015550	-9.2529720	39.1016531	-9.2529909	11.03	underground
FCT	MAI-00085	41.2367900	-8.6541395	41.2367701	-8.6540103	11.03	surface
KLS	OER-00199	38.7394520	-9.3039630	38.7394712	-9.3038384	11.02	underground
GRN	OER-00186	38.6767600	-9.3219740	38.6766956	-9.3218776	11.01	surface
FCT	LSB-01027	38.7577170	-9.1000000	38.7576263	-9.0999490	11.01	surface
MLT	SXL-00007	38.6395870	-9.1053530	38.6394882	-9.1053598	11.00	surface
EDP	SMG-00009	39.0444560	-8.6462310	39.0444369	-8.6461061	10.99	surface
GLP	SNT-00215	38.7618680	-9.2805060	38.7618586	-9.2806321	10.98	surface
MAK	LSB-00125	38.7167970	-9.1429160	38.7167895	-9.1430422	10.98	underground
FCT	ORM-00035	39.6279450	-8.6812540	39.6278803	-8.6813508	10.98	surface
HLX	MCN-00017	41.1751500	-8.1510600	41.1752019	-8.1509485	10.97	surface
HRZ	LSB-00218	38.7010880	-9.1757170	38.7010888	-9.1755906	10.97	surface
GLP	AJT-00029	37.9235500	-8.2433400	37.9236071	-8.2432381	10.96	surface
ATL	OER-00191	38.7389070	-9.3044200	38.7389738	-9.3045129	10.96	surface
GLP	MTJ-00129	38.7021900	-8.9451600	38.7021521	-8.9452765	10.95	surface
GLP	MOBI-OER-00220	38.7138400	-9.3107170	38.7138881	-9.3108270	10.94	underground
TRK	CSC-00509	38.6856460	-9.3247310	38.6855480	-9.3247237	10.92	surface
HRZ	VNG-00208	41.1443750	-8.6417000	41.1443164	-8.6418045	10.91	surface
BEL	MMV-00013	40.1716650	-8.6763890	40.1717613	-8.6764131	10.90	surface
HLX	LLE-00241	37.0750000	-8.1175000	37.0749040	-8.1175245	10.89	surface
PRI	PRT-00199	41.1519170	-8.6065960	41.1520147	-8.6066056	10.89	underground
GLP	TND-00013	40.5057680	-8.0803970	40.5058238	-8.0805029	10.89	surface
GLP	MTJ-90003	38.7047540	-8.9754170	38.7047119	-8.9755303	10.89	surface
FCT	NZR-00052	39.6199260	-8.9908420	39.6200079	-8.9907724	10.88	surface
HRZ	OER-00061	38.7241500	-9.2156750	38.7240591	-9.2157215	10.88	surface
FCT	OVR-00040	40.9049260	-8.6052650	40.9049688	-8.6051488	10.86	surface
GLP	BGC-90003	41.8053740	-6.7599070	41.8052856	-6.7599625	10.85	surface
ATL	ETR-00028	40.7699170	-8.5699800	40.7698533	-8.5698825	10.84	surface
HLX	GDL-00051	38.4930570	-8.9030560	38.4930061	-8.9029498	10.84	underground
HRZ	MCN-00013	41.1942300	-8.1568980	41.1942744	-8.1570133	10.84	surface
HRZ	CLD-00021	39.4255260	-9.1616950	39.4254350	-9.1616500	10.83	surface
HLX	OBD-00014	39.4155700	-9.2438300	39.4155736	-9.2437040	10.83	surface
GLP	VFX-00072	38.9025570	-9.0398360	38.9026535	-9.0398196	10.82	surface
GLP	PBL-00032	40.0119630	-8.5998790	40.0120515	-8.5999319	10.82	surface
GLP	LSB-90108	38.7861330	-9.1424360	38.7860487	-9.1424980	10.80	surface
HRZ	LSB-90150	38.7428400	-9.1020000	38.7429235	-9.1019363	10.80	surface
EDP	LSB-90053	38.7694780	-9.1766470	38.7693819	-9.1766290	10.80	surface
HRZ	MTS-00109	41.2028920	-8.6926380	41.2028893	-8.6925090	10.80	surface
HRZ	MAI-00110	41.2463230	-8.6185750	41.2463739	-8.6184652	10.78	surface
MOT	OER-00248	38.6915600	-9.3053260	38.6914955	-9.3052333	10.78	surface
HLX	VFX-00010	38.8885350	-9.0436690	38.8886181	-9.0437331	10.78	underground
EVC	ORM-00013	39.6544300	-8.5740000	39.6544960	-8.5739078	10.78	surface
HLX	OER-00265	38.7254830	-9.2165670	38.7255569	-9.2164868	10.77	underground
IBD	AGD-00017	40.5719870	-8.5152350	40.5719242	-8.5153320	10.77	surface
HRZ	TND-00008	40.5116900	-8.0810175	40.5116059	-8.0810804	10.76	surface
GLP	ASL-00026	38.5153500	-8.5859500	38.5153612	-8.5858272	10.76	surface
GLP	SXL-00072	38.6303250	-9.1182620	38.6302927	-9.1181456	10.73	surface
HLX	MOBI-PRT-00116	41.1605640	-8.6106200	41.1606246	-8.6105204	10.72	surface
TRK	OLH-00031	37.0390100	-7.8510440	37.0389168	-7.8510132	10.72	surface
ECI	STR-00077	39.2355600	-8.7000000	39.2356479	-8.7000507	10.71	surface
FCT	PTL-00029	41.7841220	-8.6027220	41.7841500	-8.6028454	10.69	surface
GLP	LSB-00467	38.7794000	-9.1260230	38.7794961	-9.1260190	10.69	surface
HRZ	ALM-90020	38.6068700	-9.2101000	38.6068785	-9.2099775	10.69	surface
GLP	LLE-00099	37.0969620	-7.9962490	37.0968660	-7.9962532	10.68	underground
EVC	GMR-00150	41.4598580	-8.3240830	41.4597653	-8.3240495	10.68	surface
EDP	VRL-00013	41.2922800	-7.7368590	41.2923582	-7.7369332	10.68	surface
GLP	VNG-00156	41.0967330	-8.5386910	41.0967867	-8.5387966	10.68	surface
LCG	LLE-00057	37.0482060	-8.0292890	37.0481257	-8.0292231	10.67	surface
HRZ	LRS-90019	38.8013700	-9.1044670	38.8013451	-9.1043481	10.67	surface
IOY	BCL-00027	41.6054700	-8.5510020	41.6054012	-8.5510912	10.66	surface
GLP	MFR-00046	38.9452970	-9.3545950	38.9452773	-9.3544745	10.65	surface
TRK	BRR-00039	38.6428000	-9.0518610	38.6428923	-9.0518932	10.64	surface
ATL	PRT-00366	41.1529660	-8.6226070	41.1530180	-8.6227133	10.61	underground
EDP	VMS-90001	41.5839160	-6.5304170	41.5838841	-6.5302968	10.61	surface
ATL	CHV-00017	41.7594300	-7.4683800	41.7594461	-7.4685060	10.60	underground
HLX	GDL-00055	38.3070800	-8.7432850	38.3069971	-8.7433450	10.60	surface
IBD	VCT-00019	41.6910500	-8.8281590	41.6911352	-8.8281018	10.60	underground
HRZ	LSB-00964	38.7085570	-9.1386420	38.7084619	-9.1386443	10.58	surface
LOG	LSB-00204	38.7532920	-9.1653140	38.7532159	-9.1652409	10.57	surface
GLP	LSB-00346	38.7674670	-9.1264030	38.7674089	-9.1264994	10.56	surface
HRZ	LOU-00021	41.2645400	-8.2923190	41.2644451	-8.2923204	10.55	surface
GLP	ODV-00048	38.7982980	-9.1772720	38.7982096	-9.1772278	10.55	surface
MAK	PRT-00204	41.1474570	-8.6089280	41.1475253	-8.6090154	10.55	underground
ATL	SNT-00128	38.7753700	-9.2843800	38.7754636	-9.2843993	10.54	underground
MAK	VNG-00212	41.1387300	-8.6095180	41.1387329	-8.6093922	10.54	underground
KLS	OER-00208	38.7110750	-9.2994730	38.7111519	-9.2995440	10.54	underground
HRZ	SXL-00040	38.6364820	-9.1535690	38.6364371	-9.1536758	10.53	surface
GLP	BRG-00137	41.5674100	-8.4004930	41.5675014	-8.4005263	10.53	underground
EDP	LSB-00066	38.7506940	-9.1810200	38.7507832	-9.1810606	10.52	underground
GLP	VFR-00027	41.0094000	-8.5129060	41.0094784	-8.5129760	10.51	surface
EDP	OVR-00005	40.8912770	-8.6157430	40.8913257	-8.6156360	10.50	surface
EDP	MDR-00002	41.4951200	-6.2760470	41.4952124	-6.2760215	10.49	surface
MOT	CTB-00042	39.8085980	-7.5153522	39.8086823	-7.5154072	10.49	surface
EVI	PRT-00364	41.1590700	-8.6351200	41.1591639	-8.6351086	10.48	underground
EML	LSB-01177	38.7599800	-9.1984400	38.7600502	-9.1983595	10.47	surface
CME	TND-00019	40.5699270	-8.1722970	40.5698453	-8.1722354	10.47	surface
EDP	LRA-00078	39.7411460	-8.7963460	39.7411285	-8.7964661	10.45	surface
EDP	RSD-90001	41.1059100	-7.9651200	41.1058170	-7.9651020	10.45	surface
FCT	GDL-00040	38.2164340	-8.5580890	38.2163433	-8.5581199	10.44	surface
ATL	GMR-00116	41.4477600	-8.2984300	41.4478478	-8.2983858	10.43	surface
ATL	CHV-80001	41.7370450	-7.4693180	41.7369797	-7.4692278	10.43	surface
EDP	AVR-00060	40.6510200	-8.6028510	40.6511075	-8.6028952	10.42	surface
EVP	PTM-00071	37.1190700	-8.5287580	37.1191422	-8.5288329	10.42	underground
MOT	VIS-00015	40.6620800	-7.9137800	40.6621468	-7.9136934	10.42	underground
KLS	OER-00195	38.7110750	-9.2994730	38.7109953	-9.2995359	10.41	underground
GLP	OER-00219	38.7000350	-9.3063580	38.7001251	-9.3063898	10.39	surface
HRZ	CLD-00038	39.4013100	-9.1368750	39.4012194	-9.1368454	10.39	surface
MAK	LSB-00120	38.7167970	-9.1429160	38.7167164	-9.1429765	10.39	underground
FCT	BRG-00168	41.5795300	-8.4305550	41.5795947	-8.4304651	10.38	surface
GLP	BRG-00140	41.5437800	-8.4272720	41.5438713	-8.4272975	10.37	surface
GLP	MDR-90001	41.4980400	-6.2727580	41.4979499	-6.2727259	10.37	surface
EML	LSB-00262	38.7087500	-9.1310670	38.7086821	-9.1311489	10.37	surface
HRZ	EVR-00018	38.5623440	-7.9261680	38.5623782	-7.9260577	10.32	surface
TRK	LSB-00810	38.7719150	-9.1771510	38.7720026	-9.1771902	10.32	surface
ATL	VIS-00092	40.6565930	-7.9089680	40.6565323	-7.9090604	10.31	surface
GLP	ALQ-00005	39.0285150	-8.9671550	39.0285109	-8.9670358	10.31	underground
HRZ	MAI-00023	41.2540800	-8.6171490	41.2540784	-8.6170258	10.30	surface
EVC	ORQ-00004	37.6530800	-8.2338500	37.6530072	-8.2339223	10.30	surface
TRK	CSC-00486	38.7085380	-9.3964910	38.7086014	-9.3965773	10.28	surface
ATL	BRR-00143	38.6545260	-9.0783680	38.6545167	-9.0782502	10.28	surface
EDP	CBR-00083	40.2159300	-8.4137850	40.2159812	-8.4138856	10.27	underground
EDP	GMR-00093	41.4485050	-8.3426590	41.4485738	-8.3425770	10.26	surface
GLP	MOBI-LSB-00069	38.7572020	-9.1760670	38.7571445	-9.1759745	10.26	surface
EDP	ALM-00163	38.6702000	-9.2354300	38.6701173	-9.2353777	10.26	surface
GLP	ALQ-00022	39.0242540	-8.9811780	39.0243141	-8.9810880	10.25	surface
HLX	PRT-00257	41.1458200	-8.6242120	41.1458871	-8.6241281	10.25	surface
GLP	PBL-00038	40.0146180	-8.6003550	40.0146524	-8.6002434	10.24	surface
TRK	TMR-00013	39.6030300	-8.4092100	39.6029630	-8.4091283	10.22	surface
PRI	VVD-00024	41.6558000	-8.4317480	41.6557220	-8.4318130	10.22	surface
GLP	FAR-00025	37.0361750	-7.8969360	37.0361441	-7.8970443	10.21	surface
MLT	MFR-00026	39.0094400	-9.4074280	39.0095251	-9.4074723	10.21	surface
PRI	VLG-00011	41.2085270	-8.5415790	41.2086100	-8.5415270	10.20	surface
EDP	TVR-00026	37.1519500	-7.6078240	37.1518604	-7.6077993	10.20	surface
GLP	SMG-00018	39.0536200	-8.6681300	39.0535910	-8.6682420	10.19	surface
MOT	CHV-00032	41.7426950	-7.4811063	41.7426670	-7.4809893	10.19	surface
FCT	OVR-00028	40.9050640	-8.6125130	40.9051306	-8.6124298	10.18	surface
EDP	LSB-90531	38.6968230	-9.1933280	38.6968164	-9.1932110	10.18	surface
GLP	CSC-00121	38.6891480	-9.3543000	38.6892371	-9.3542732	10.18	underground
MAK	LSB-00228	38.7263600	-9.1511700	38.7264485	-9.1511999	10.18	underground
LOG	LSB-00477	38.7241300	-9.1523500	38.7240669	-9.1522651	10.17	underground
FCT	NZR-00049	39.6206970	-8.9914665	39.6206177	-8.9915256	10.17	surface
EDP	BRG-00086	41.5595800	-8.4182600	41.5596673	-8.4182238	10.16	surface
VEI	PRT-00211	41.1835020	-8.5992630	41.1835692	-8.5993453	10.16	underground
ATL	LSB-00646	38.7208250	-9.1548130	38.7209138	-9.1548400	10.15	underground
GLP	OER-00281	38.7190000	-9.2630020	38.7189138	-9.2629640	10.14	surface
IBD	LMG-00025	41.1438000	-7.8110350	41.1437920	-7.8109145	10.13	surface
EDP	ABF-00196	37.1257360	-8.2371080	37.1257423	-8.2369943	10.10	surface
PRI	VFX-00003	38.8795660	-9.0513960	38.8796207	-9.0514892	10.10	surface
GLP	LSB-00322	38.7039450	-9.1740950	38.7039264	-9.1739811	10.10	underground
EDP	GRD-00058	40.5547870	-7.2478740	40.5548469	-7.2479638	10.10	surface
GLG	TVD-00025	39.1562840	-9.2266060	39.1562419	-9.2267097	10.09	surface
KLS	OER-00148	38.7120000	-9.2969000	38.7120280	-9.2970105	10.08	underground
EDP	LGS-00026	37.0854530	-8.6822570	37.0853638	-8.6822772	10.08	surface
GLP	LLE-00209	37.0858700	-8.0940760	37.0859119	-8.0941766	10.07	surface
GLP	ARV-00021	38.9797100	-9.0804530	38.9797411	-9.0803437	10.06	surface
EDP	CBR-00127	40.1970860	-8.4111640	40.1971172	-8.4110529	10.05	surface
EDP	NZR-00017	39.5923230	-9.0730000	39.5922432	-9.0729455	10.03	surface
KLS	OER-00151	38.7120000	-9.2969000	38.7120797	-9.2969539	10.02	underground
GLP	VLG-00051	41.2128870	-8.5504750	41.2129203	-8.5505863	10.02	underground
EDP	PRT-00034	41.1456600	-8.6298660	41.1457500	-8.6298647	10.01	underground
HLX	MAI-00014	41.2481840	-8.6230630	41.2482740	-8.6230639	10.01	surface
KLS	ETR-00015	40.7541470	-8.5688860	40.7541677	-8.5690016	10.01	indoor
HGP	VNG-00146	41.1383000	-8.6209830	41.1383399	-8.6210900	10.00	surface
FAC	PMZ-00005	32.8596400	-17.1907400	32.8596667	-17.1908422	10.00	surface
HRZ	PTM-00085	37.1182860	-8.5348190	37.1183446	-8.5347335	10.00	underground
IHM	SLV-00035	37.1008640	-8.3557200	37.1008129	-8.3558127	9.99	surface
EDP	ELV-00023	38.8806420	-7.1671300	38.8806415	-7.1670148	9.97	underground
HRZ	FIG-00069	40.1653980	-8.8528770	40.1654841	-8.8529098	9.97	surface
FCT	MTJ-00109	38.6827850	-8.6058270	38.6828479	-8.6057452	9.97	surface
CAP	PRT-00065	41.1593400	-8.6389600	41.1592526	-8.6389339	9.96	surface
ATL	LSB-00647	38.7262730	-9.1624190	38.7263087	-9.1625243	9.96	underground
MOT	ALM-00154	38.6549000	-9.1586700	38.6548129	-9.1586967	9.96	surface
GLP	VFR-00032	40.9863620	-8.5192100	40.9864483	-8.5192417	9.96	surface
HRZ	FAR-00077	37.0508540	-7.9514920	37.0507660	-7.9514713	9.96	surface
HLX	PNF-00046	41.2155270	-8.2846500	41.2156158	-8.2846641	9.94	surface
GLP	FIG-00044	40.1796950	-8.8290190	40.1796588	-8.8291260	9.94	surface
GLP	STB-00096	38.5291250	-8.8757700	38.5290851	-8.8756680	9.92	surface
GLP	ASL-00025	38.5153500	-8.5859500	38.5154011	-8.5858566	9.92	surface
EDP	GDL-00046	38.2814200	-8.6992000	38.2813864	-8.6990948	9.91	surface
GLP	LRA-00143	39.7493060	-8.8028380	39.7492379	-8.8027634	9.90	surface
GLP	VBP-00013	37.0218430	-8.9251810	37.0217956	-8.9252754	9.90	surface
CSC	CSC-00108	38.6872250	-9.3341170	38.6871944	-9.3340099	9.90	surface
PRI	STB-00031	38.6497760	-8.9970550	38.6498141	-8.9971579	9.89	surface
GLP	LSB-01324	38.7201730	-9.1665200	38.7200989	-9.1665829	9.88	surface
FCT	VNF-00063	41.3485070	-8.5372140	41.3485950	-8.5372305	9.88	surface
EDP	LSB-90083	38.7312620	-9.1563640	38.7312488	-9.1562514	9.88	surface
GLP	VFX-00061	38.8932880	-9.0348310	38.8932613	-9.0347222	9.87	surface
MLT	OER-00011	38.7275000	-9.2184060	38.7274144	-9.2183761	9.87	surface
GLP	PRT-90081	41.1531400	-8.6178600	41.1531447	-8.6179776	9.86	surface
MOT	PRD-00026	41.1941700	-8.4071790	41.1940989	-8.4071086	9.86	surface
EDP	GOI-00003	40.1575360	-8.1104130	40.1575246	-8.1102982	9.84	surface
HLX	VFX-00009	38.8885350	-9.0436690	38.8885823	-9.0437649	9.83	underground
GLP	VFX-00070	38.8932880	-9.0348310	38.8932016	-9.0348077	9.82	surface
HRZ	CVR-90001	37.7019580	-8.0849990	37.7020053	-8.0849049	9.81	surface
HEX	LSB-00825	38.7606000	-9.1691100	38.7605997	-9.1689969	9.81	surface
EDP	PTM-00070	37.1214100	-8.5740830	37.1214335	-8.5741896	9.81	surface
ATL	PRG-00005	41.1679800	-7.8027100	41.1680365	-7.8027999	9.80	surface
GLP	EPS-00027	41.5335120	-8.7790280	41.5334584	-8.7791215	9.80	surface
EVC	BTL-00002	39.6568340	-8.8258910	39.6567474	-8.8259123	9.80	surface
KLS	OER-00197	38.7394520	-9.3039630	38.7394861	-9.3038590	9.78	underground
GLP	NIS-90001	39.5169870	-7.6506470	39.5169383	-7.6505520	9.78	surface
IBD	LMG-00026	41.1438000	-7.8110350	41.1438343	-7.8109274	9.78	surface
EDP	VRL-00047	41.3040960	-7.7450120	41.3040101	-7.7450372	9.78	surface
HLX	GDL-00050	38.4930570	-8.9030560	38.4930292	-8.9029494	9.78	underground
EDP	LSB-90050	38.7407600	-9.1865530	38.7407131	-9.1864577	9.77	surface
MAK	LSB-00229	38.7263600	-9.1511700	38.7264236	-9.1512477	9.77	underground
FCT	MGL-00020	40.6051140	-7.7750850	40.6051249	-7.7749703	9.76	surface
MAK	PTM-00019	37.1390230	-8.5385685	37.1390312	-8.5384589	9.76	underground
PRI	MNC-00016	42.0567170	-8.5309500	42.0566312	-8.5309748	9.76	surface
MLT	OER-00099	38.7264000	-9.2430920	38.7263169	-9.2430559	9.76	surface
GLP	CBR-00040	40.2225150	-8.4155000	40.2225503	-8.4156051	9.75	surface
GLG	LSB-00310	38.6938440	-9.2176740	38.6937564	-9.2176782	9.75	surface
TRK	CSC-00487	38.7085950	-9.3965790	38.7085454	-9.3964866	9.73	surface
EML	LSB-00395	38.7492400	-9.1494700	38.7492566	-9.1495801	9.72	surface
HRZ	BRG-00104	41.5488360	-8.4223150	41.5489187	-8.4222772	9.72	underground
TRK	TMR-00024	39.6021000	-8.4119000	39.6021559	-8.4119870	9.71	surface
GLP	CTM-00014	37.2477230	-7.4505570	37.2476400	-7.4505235	9.69	surface
HRZ	FAR-00043	37.0317340	-7.9639106	37.0317561	-7.9638051	9.68	surface
HRZ	VNG-00059	41.1016350	-8.6188710	41.1015711	-8.6187926	9.68	surface
MOT	CBR-00050	40.2107200	-8.4440800	40.2107343	-8.4439676	9.68	underground
EDP	FLG-00007	41.3627240	-8.1969800	41.3626547	-8.1969101	9.66	surface
EDP	SRN-00002	40.8988760	-7.4863810	40.8988111	-7.4863046	9.66	surface
ATL	CDN-00004	40.1080000	-8.5117100	40.1080558	-8.5117969	9.65	surface
EDP	CMR-00004	39.0204160	-7.0665260	39.0203348	-7.0664867	9.65	surface
GLP	PBL-00033	40.0119630	-8.5998790	40.0119900	-8.5997714	9.64	surface
MAK	LSB-00227	38.7263600	-9.1511700	38.7264442	-9.1511963	9.64	underground
GLP	EPS-00019	41.5584370	-8.7368310	41.5583527	-8.7368578	9.64	surface
EML	LSB-01178	38.7599800	-9.1984400	38.7600644	-9.1984157	9.62	surface
REP	GRD-00012	40.5343930	-7.2436680	40.5343074	-7.2436519	9.62	surface
MLT	STB-00016	38.5629540	-9.0749430	38.5628773	-9.0749940	9.61	surface
ATL	LGS-00046	37.1072500	-8.6792700	37.1073195	-8.6793344	9.61	surface
HRZ	CBR-00157	40.1784320	-8.3915640	40.1783603	-8.3915010	9.60	surface
EDP	PVL-00008	41.5769770	-8.2694210	41.5769748	-8.2695364	9.60	surface
EDP	PRT-00178	41.1544900	-8.6497600	41.1545762	-8.6497660	9.60	underground
ALF	AND-00026	40.4832000	-8.4924000	40.4831215	-8.4923531	9.59	surface
FCT	SXL-00079	38.5981860	-9.1400550	38.5981161	-9.1399906	9.58	surface
GLP	SMG-00020	39.0536700	-8.6694400	39.0537139	-8.6693447	9.57	surface
MOT	CBR-00049	40.2107200	-8.4440800	40.2107381	-8.4439699	9.56	underground
EDP	LSB-01129	38.7003630	-9.1802570	38.7003567	-9.1803669	9.56	underground
EDP	GDL-00010	38.4635730	-8.8688240	38.4636580	-8.8688401	9.55	surface
EDP	VNG-00175	41.1245270	-8.6353610	41.1246129	-8.6353583	9.55	surface
ATL	MTS-00153	41.1746860	-8.6873620	41.1747515	-8.6874358	9.55	surface
EDP	LRA-00093	39.7459220	-8.8028070	39.7458483	-8.8028639	9.53	underground
VEI	EVR-00023	38.5633400	-7.9327500	38.5633177	-7.9328558	9.53	surface
GLP	CLD-90001	39.4061780	-9.1327440	39.4061490	-9.1328483	9.52	surface
MAK	LSB-00121	38.7167970	-9.1429160	38.7167530	-9.1430100	9.51	underground
ECI	MLD-00048	40.3777430	-8.4510500	40.3778252	-8.4510192	9.51	surface
FCT	ODV-00041	38.7931800	-9.1684110	38.7931326	-9.1683198	9.50	surface
HEX	GMR-00059	41.4270480	-8.3571350	41.4270006	-8.3572298	9.50	surface
REP	ARC-00010	40.9283940	-8.2774710	40.9283616	-8.2773664	9.50	surface
EDP	MTA-00022	38.6457060	-8.9783810	38.6456382	-8.9784474	9.49	surface
EDP	PRD-00032	41.2076380	-8.3281330	41.2077216	-8.3281108	9.48	surface
GLP	LRA-00137	39.7493060	-8.8028380	39.7493708	-8.8027661	9.47	surface
HEX	LSB-00820	38.7799900	-9.0957890	38.7799236	-9.0957208	9.46	surface
HGP	PNV-00007	39.7497500	-7.9205220	39.7498316	-7.9204916	9.44	surface
EDP	GMR-00125	41.4504930	-8.2939080	41.4505612	-8.2939753	9.43	surface
GLP	LSB-00484	38.6983030	-9.1866390	38.6982191	-9.1866230	9.43	surface
PRI	PRT-00198	41.1518900	-8.6066030	41.1519734	-8.6066230	9.42	underground
GLP	PBL-00029	40.0119630	-8.5998790	40.0119238	-8.5999771	9.42	surface
HLX	GDL-00049	38.4930570	-8.9030560	38.4930512	-8.9029480	9.42	underground
EDP	LSB-00851	38.7628860	-9.1780550	38.7629633	-9.1780994	9.42	underground
HRZ	SJM-00048	40.8889000	-8.4920800	40.8888432	-8.4919969	9.42	underground
GLP	OER-00077	38.6880040	-9.3175850	38.6879583	-9.3176763	9.41	surface
EDP	GLG-00004	39.4027630	-8.4889210	39.4027288	-8.4890212	9.41	surface
ENB	AVR-00100	40.6270300	-8.6453800	40.6270756	-8.6452862	9.40	underground
EDP	GLG-00005	39.4027630	-8.4889210	39.4026946	-8.4889853	9.40	surface
EDP	PTG-00016	39.2768700	-7.4325390	39.2767967	-7.4324846	9.40	surface
MOT	ALM-00066	38.6601200	-9.1759400	38.6600907	-9.1758385	9.40	underground
ATL	ALJ-80001	41.2758830	-7.4770310	41.2758280	-7.4771163	9.39	surface
GLP	LRA-00185	39.7440830	-8.8184950	39.7441646	-8.8184669	9.39	surface
KLS	OER-00150	38.7120000	-9.2969000	38.7120625	-9.2969726	9.38	underground
HGP	LRA-00036	39.8027900	-8.8596510	39.8028614	-8.8597092	9.37	surface
EDP	VCD-00024	41.3588370	-8.7545210	41.3587574	-8.7545577	9.37	surface
MOT	TVD-00065	39.0832900	-9.2555470	39.0833359	-9.2556379	9.36	surface
EVI	PRT-00365	41.1590600	-8.6351300	41.1591434	-8.6351158	9.35	underground
KLS	OER-00149	38.7120000	-9.2969000	38.7120449	-9.2969911	9.35	underground
HRZ	LSB-90033	38.7698860	-9.0967580	38.7699697	-9.0967479	9.35	surface
HRZ	VNG-00041	41.1361600	-8.6085710	41.1361000	-8.6084929	9.34	surface
FCT	MAI-00081	41.2366640	-8.6521710	41.2367426	-8.6522103	9.34	surface
MOT	EVR-00066	38.5490000	-7.9060000	38.5489544	-7.9060900	9.33	surface
MOT	CBR-00047	40.2107200	-8.4440800	40.2107762	-8.4439985	9.32	underground
GLD	PTL-00035	41.6522400	-8.6052265	41.6523009	-8.6051494	9.32	surface
EDP	CNT-00025	40.3342600	-8.4923400	40.3342140	-8.4922481	9.32	surface
SCR	SCR-00018	32.6519360	-16.8399030	32.6519366	-16.8398036	9.31	surface
DTE	AGD-00020	40.6272200	-8.3729810	40.6273008	-8.3729526	9.30	surface
GLP	VCT-00054	41.6796100	-8.7670830	41.6796085	-8.7669711	9.29	surface
ATL	LNH-00012	39.2392960	-9.3095980	39.2393457	-9.3096846	9.28	surface
GLP	MFR-00050	38.9322200	-9.3288890	38.9322752	-9.3288085	9.28	surface
MOT	ALM-00067	38.6601200	-9.1759400	38.6600886	-9.1758410	9.28	underground
GLP	LSB-00697	38.7265470	-9.1555260	38.7264885	-9.1556022	9.27	surface
VEI	PRT-00210	41.1835020	-8.5992630	41.1835487	-8.5993547	9.27	underground
IBD	FLG-00018	41.3208800	-8.1454050	41.3209488	-8.1453424	9.27	surface
GLP	ASL-00033	38.5155800	-8.5848300	38.5156305	-8.5849147	9.26	surface
GLP	VND-00015	38.6756740	-8.4511000	38.6755944	-8.4511310	9.25	surface
CON	LRA-00179	39.7510070	-8.8056050	39.7509348	-8.8056586	9.24	underground
TRK	MTJ-00084	38.7033500	-8.9626550	38.7033448	-8.9627613	9.24	surface
EDP	LSB-00401	38.7532160	-9.1834140	38.7532859	-9.1834716	9.24	surface
EML	LSB-00361	38.7542600	-9.0954200	38.7542811	-9.0955230	9.23	surface
CME	SNT-00214	38.7615300	-9.3967960	38.7615153	-9.3966912	9.23	underground
MLT	TVD-00017	39.1020930	-9.2578180	39.1020202	-9.2578694	9.23	surface
LCG	LLE-00200	37.0608100	-8.0290370	37.0608706	-8.0289660	9.22	surface
GLP	LSB-00983	38.7571000	-9.0990020	38.7571808	-9.0989782	9.22	underground
EDP	LRA-00082	39.7411460	-8.7963460	39.7411627	-8.7962404	9.22	surface
ATL	AVR-00063	40.6512570	-8.6201980	40.6511754	-8.6201794	9.21	surface
MAK	LSB-00226	38.7263600	-9.1511700	38.7264192	-9.1512442	9.21	underground
MOT	CBR-00048	40.2107200	-8.4440800	40.2107724	-8.4439961	9.20	underground
EML	LSB-00949	38.7763200	-9.1594360	38.7763919	-9.1593837	9.19	surface
GLP	BRR-00154	38.6681670	-9.0556110	38.6681334	-9.0555144	9.18	surface
HRZ	BRG-00024	41.5329780	-8.4467570	41.5329992	-8.4468635	9.17	underground
GLP	LSB-00495	38.7454800	-9.1597620	38.7455383	-9.1596872	9.17	underground
MOT	BRR-00004	38.5837200	-9.0444990	38.5837139	-9.0443940	9.15	underground
GLG	PRD-00010	41.2056700	-8.3376770	41.2056791	-8.3375684	9.14	surface
EDP	ETZ-00020	38.8352170	-7.6820420	38.8351429	-7.6820876	9.14	surface
REP	LOU-00010	41.2390000	-8.3063000	41.2390799	-8.3063255	9.14	surface
FCT	OVR-00036	40.9049600	-8.6036390	40.9049161	-8.6037309	9.14	surface
EDP	BRG-00144	41.5478900	-8.4239140	41.5478127	-8.4238774	9.12	surface
HGP	PNV-00005	39.7497500	-7.9205220	39.7498299	-7.9204983	9.11	surface
PRI	VLG-00004	41.2310500	-8.5376710	41.2311041	-8.5375893	9.10	surface
GLP	AJT-00030	37.9235500	-8.2433400	37.9235372	-8.2432375	9.10	surface
EML	LSB-00358	38.7542600	-9.0954200	38.7542007	-9.0953477	9.10	surface
GLP	MAI-90004	41.2642970	-8.6134100	41.2643682	-8.6134636	9.10	surface
GLP	LLE-00083	37.0743260	-8.1182540	37.0742984	-8.1181575	9.09	surface
ATL	LRS-00098	38.8141400	-9.1005400	38.8141463	-9.1004354	9.09	surface
ATL	OHP-00011	40.3604100	-7.8548000	40.3603413	-7.8547419	9.09	surface
HRZ	OER-00233	38.7048720	-9.3017920	38.7049317	-9.3018635	9.09	underground
MOT	PRT-00117	41.1523400	-8.6707400	41.1524188	-8.6707687	9.09	underground
TRK	BRR-00122	38.6529000	-9.0677600	38.6529797	-9.0677828	9.08	surface
GLP	LSB-00886	38.6933170	-9.2212570	38.6932403	-9.2212926	9.07	underground
PLG	TMR-00007	39.6006800	-8.4142060	39.6006003	-8.4141835	9.07	surface
EDP	ABF-00178	37.0957030	-8.3097810	37.0957049	-8.3098832	9.07	surface
FCT	MAI-00078	41.2366640	-8.6521710	41.2365858	-8.6522014	9.06	surface
ATL	VCD-00054	41.3001900	-8.7060900	41.3002352	-8.7061802	9.06	surface
CME	STR-00070	39.2605250	-8.7110500	39.2604440	-8.7110607	9.05	surface
EDP	PNF-00044	41.1912160	-8.2994970	41.1911907	-8.2995998	9.05	surface
HRZ	FAR-00046	37.0230370	-7.9305663	37.0230942	-7.9304938	9.05	surface
HRZ	PTM-00059	37.1528970	-8.5550280	37.1528256	-8.5549791	9.05	surface
FAC	MCH-00011	32.7079000	-16.7667640	32.7078818	-16.7668580	9.02	surface
ATL	MFR-00031	38.9424130	-9.3479960	38.9424371	-9.3480956	9.02	surface
KLS	OER-00196	38.7394520	-9.3039630	38.7395011	-9.3038803	9.01	underground
ATL	LSB-01329	38.7019900	-9.1936620	38.7020674	-9.1936928	9.01	underground
ATL	RMZ-00007	38.4259530	-7.5464660	38.4260288	-7.5464295	9.01	surface
GLP	LSB-90018	38.6971780	-9.1878170	38.6971264	-9.1877370	9.01	surface
EDP	CNT-00020	40.3460580	-8.5837470	40.3460294	-8.5838464	9.00	surface
GEN	GMR-00084	41.4480860	-8.3061020	41.4480870	-8.3059940	9.00	surface
GLP	MTJ-00132	38.7269600	-8.6700200	38.7268819	-8.6700473	9.00	surface
GLP	MOBI-LSB-00264	38.7568300	-9.1753790	38.7569106	-9.1753886	9.00	underground
EDP	CLD-90003	39.4063100	-9.1376400	39.4062791	-9.1375432	9.00	surface
GLP	LSB-00473	38.7227020	-9.1527060	38.7227546	-9.1526272	9.00	underground
PLG	SNT-00063	38.8104300	-9.2736480	38.8104002	-9.2735516	8.99	surface
EVP	PTM-00072	37.1190700	-8.5287580	37.1191422	-8.5288034	8.98	underground
HGP	PBL-00020	39.9681170	-8.7925440	39.9681976	-8.7925373	8.98	surface
SCR	SCR-00019	32.6519360	-16.8399030	32.6519343	-16.8398071	8.98	surface
KLS	OER-00193	38.7394520	-9.3039630	38.7395166	-9.3039012	8.96	underground
VEI	PRT-00209	41.1835020	-8.5992630	41.1835284	-8.5993638	8.93	underground
GLP	OER-00064	38.7398900	-9.3030790	38.7398168	-9.3031213	8.93	surface
GLP	PNI-00026	39.3546870	-9.3798780	39.3546344	-9.3799562	8.91	surface
ATL	CTM-00013	37.1802600	-7.4984500	37.1803391	-7.4984661	8.91	surface
GLP	LSB-00508	38.7336000	-9.1441340	38.7335613	-9.1440441	8.91	underground
HLX	SNT-00036	38.7775800	-9.3485470	38.7775807	-9.3486497	8.90	surface
ATL	AGD-00016	40.5909100	-8.4559300	40.5908741	-8.4558358	8.90	surface
LUZ	PTM-00064	37.1310400	-8.5817600	37.1310516	-8.5816607	8.90	surface
TRK	LRS-00125	38.8216500	-9.1758780	38.8216467	-9.1759805	8.89	underground
SEG	VPV-00006	38.8016430	-27.2574790	38.8016963	-27.2574026	8.89	surface
HRZ	FAR-00062	37.0119130	-7.9311840	37.0118334	-7.9311756	8.88	surface
FCT	ODV-00055	38.7859880	-9.2086390	38.7860513	-9.2085765	8.88	surface
GLP	PLM-00047	38.5504400	-8.9801690	38.5504713	-8.9800751	8.88	surface
EML	LSB-00406	38.7123640	-9.1350130	38.7124225	-9.1350826	8.88	surface
ATL	VLG-00032	41.2131040	-8.5586680	41.2131380	-8.5587640	8.88	surface
GLP	VIS-00074	40.6975900	-7.9113410	40.6975105	-7.9113334	8.86	surface
ATL	LLE-00166	37.0823170	-8.1200970	37.0822408	-8.1200678	8.86	surface
EVC	AVV-00003	41.8483660	-8.4166470	41.8483270	-8.4165540	8.84	surface
IBD	GDL-00018	38.2714160	-8.6419170	38.2714939	-8.6418969	8.84	surface
HRZ	ETZ-00022	38.8444820	-7.6130340	38.8445468	-7.6129750	8.83	surface
GLP	VIS-00073	40.6975900	-7.9113410	40.6975106	-7.9113397	8.83	surface
EDP	CNT-00023	40.3317900	-8.4938500	40.3318636	-8.4938885	8.81	surface
EDP	LSB-90501	38.6976550	-9.2263030	38.6977221	-9.2263568	8.80	surface
GLP	PBL-00040	40.0146180	-8.6003550	40.0145973	-8.6004547	8.80	surface
TRK	LSB-00684	38.7742300	-9.0965800	38.7743063	-9.0966068	8.80	underground
GLP	LLE-00101	37.0969620	-7.9962490	37.0969276	-7.9963383	8.80	underground
HRZ	GAV-90001	39.4646030	-7.9377810	39.4646400	-7.9378715	8.79	surface
HEX	GMR-00088	41.3729700	-8.3790740	41.3729046	-8.3791330	8.78	surface
GLP	MTS-00097	41.1811870	-8.6560200	41.1812468	-8.6560885	8.78	underground
EDP	PMS-00007	39.6250000	-8.8561610	39.6249251	-8.8561286	8.78	surface
HRZ	LSB-90016	38.7137000	-9.1979560	38.7136567	-9.1978714	8.78	surface
EDP	ABF-00115	37.1258240	-8.2372950	37.1258513	-8.2372021	8.78	surface
EDP	MAI-00091	41.2463720	-8.6648750	41.2463808	-8.6649793	8.77	surface
GLP	PNI-00027	39.3547000	-9.3799350	39.3546483	-9.3800121	8.77	surface
TRK	CMN-00016	41.8160300	-8.8676160	41.8160990	-8.8675650	8.76	surface
EDP	MFR-00051	38.9662360	-9.4166750	38.9663104	-9.4166420	8.75	surface
EDP	PLM-00063	38.5662270	-8.9507780	38.5662533	-8.9508726	8.73	surface
EDP	OER-00234	38.7363400	-9.3022370	38.7363697	-9.3023300	8.72	surface
EDP	FAR-00032	37.0299000	-7.8513000	37.0299347	-7.8512120	8.71	surface
HRZ	RMZ-90001	38.4234430	-7.5369440	38.4234048	-7.5370313	8.71	surface
REM	TRF-00022	41.3181530	-8.5749930	41.3182152	-8.5749296	8.71	surface
FCT	ODV-00056	38.7859880	-9.2086390	38.7860143	-9.2085444	8.71	surface
ATL	ANS-00004	39.9181250	-8.4413470	39.9180504	-8.4413779	8.70	surface
GLG	GDM-00031	41.1733860	-8.5545450	41.1733662	-8.5546456	8.70	surface
MOT	SNT-00065	38.7746930	-9.3402910	38.7747479	-9.3403624	8.69	surface
HRZ	CSC-00338	38.7311550	-9.4193125	38.7310788	-9.4192901	8.69	surface
HRZ	ALM-90003	38.6791000	-9.1582800	38.6790717	-9.1583733	8.69	surface
HRZ	PTM-00084	37.1182860	-8.5348190	37.1183597	-8.5347865	8.69	underground
VEI	GRD-00039	40.4901300	-7.4150200	40.4901591	-7.4151153	8.68	surface
GLG	PVZ-00011	41.3889300	-8.7636200	41.3888558	-8.7635879	8.67	surface
GLP	VIS-00068	40.6553270	-7.9266520	40.6552560	-7.9266946	8.67	underground
MOT	LLE-00218	37.0918730	-8.0738700	37.0918621	-8.0739668	8.67	surface
HRZ	BRG-00023	41.5329780	-8.4467570	41.5330006	-8.4468567	8.67	underground
GLP	GDL-00024	38.2932700	-8.7758465	38.2933172	-8.7757675	8.66	surface
REP	PRT-00133	41.1614900	-8.6564800	41.1614976	-8.6563770	8.66	surface
PRI	BRG-00132	41.5452350	-8.4278540	41.5452343	-8.4279579	8.65	surface
MAK	VNG-00211	41.1387300	-8.6095180	41.1387207	-8.6094157	8.63	underground
HRZ	BRG-00115	41.5479970	-8.4325580	41.5479204	-8.4325743	8.62	underground
GLP	VFR-00029	40.9244300	-8.5520870	40.9244171	-8.5521882	8.62	surface
FCT	ACB-00048	39.6390400	-9.0419360	39.6389923	-9.0418567	8.62	surface
GLP	VNG-90014	41.0185300	-8.6402040	41.0184659	-8.6402617	8.62	surface
GLP	VCT-90004	41.6955000	-8.8397800	41.6955552	-8.8398528	8.61	surface
EDP	ETR-00030	40.7554470	-8.5353760	40.7553701	-8.5353637	8.61	surface
GLG	VIS-00058	40.6423230	-7.8631460	40.6422772	-7.8630638	8.60	surface
EDP	LLE-00142	37.0733800	-8.0492740	37.0733049	-8.0492973	8.60	surface
HLX	LSB-00711	38.7203830	-9.1505900	38.7203788	-9.1504910	8.60	surface
GLP	LSB-00980	38.7015270	-9.2080080	38.7014547	-9.2079731	8.59	underground
EDP	ABF-00098	37.0859000	-8.3092000	37.0859053	-8.3092966	8.59	surface
CME	LSB-01028	38.7327900	-9.1531840	38.7327316	-9.1531192	8.59	underground
KLS	OER-00207	38.7110750	-9.2994730	38.7111291	-9.2995436	8.59	underground
HLX	PRT-00256	41.1458200	-8.6242120	41.1458851	-8.6241569	8.58	surface
ECI	STR-00074	39.2355600	-8.7000000	39.2355491	-8.6999015	8.57	surface
GLP	LSB-80034	38.7693400	-9.0941240	38.7692823	-9.0940586	8.56	surface
HLX	CSC-00156	38.7019800	-9.4163000	38.7020566	-9.4162911	8.55	underground
MAK	PRT-00205	41.1474570	-8.6089280	41.1475191	-8.6089882	8.55	underground
ATL	LSB-00689	38.7217200	-9.1388000	38.7217966	-9.1388080	8.55	surface
FCT	ACB-00053	39.5454520	-8.9693960	39.5454985	-8.9694753	8.54	surface
GLD	PTL-00036	41.6522400	-8.6052265	41.6522613	-8.6051279	8.53	surface
FCT	SNT-00176	38.7889200	-9.3738990	38.7889851	-9.3738471	8.52	surface
GLP	VFX-00062	38.8932880	-9.0348310	38.8932312	-9.0347649	8.52	surface
ECI	VNG-00123	41.1308330	-8.6683330	41.1308680	-8.6682426	8.51	underground
EML	LSB-00397	38.7492400	-9.1494700	38.7491739	-9.1495195	8.51	surface
GLP	GRD-90005	40.5414960	-7.2664010	40.5414865	-7.2665009	8.51	surface
EDP	LRA-90007	39.7411160	-8.8097400	39.7411219	-8.8096408	8.51	surface
EDP	PLM-00054	38.5682950	-8.8822180	38.5683710	-8.8822287	8.50	surface
EDP	BRG-00124	41.5497700	-8.4339010	41.5497777	-8.4337995	8.49	surface
KLS	OER-00200	38.7110750	-9.2994730	38.7110173	-9.2995370	8.49	underground
EDP	ABF-00072	37.0872570	-8.3162850	37.0872461	-8.3161906	8.46	surface
GLP	PLM-00048	38.5504400	-8.9801690	38.5505041	-8.9801166	8.46	surface
ATL	GDM-00062	41.1383480	-8.5355420	41.1383258	-8.5356386	8.46	underground
GLP	LSB-00503	38.7246000	-9.1578200	38.7245349	-9.1577696	8.46	surface
EDP	AMT-00040	41.2816240	-8.0859280	41.2815487	-8.0859143	8.45	surface
HEX	GMR-00062	41.4574500	-8.2875130	41.4573746	-8.2875244	8.44	surface
EDP	FAR-00057	37.1306230	-8.5804000	37.1306753	-8.5803313	8.42	surface
HRZ	MGR-00005	39.8764040	-8.9702930	39.8764702	-8.9703409	8.42	surface
FCT	VNG-00173	41.1092720	-8.6320070	41.1092387	-8.6319169	8.41	surface
FCT	ACB-00056	39.5454520	-8.9693960	39.5455050	-8.9694659	8.41	surface
TRK	MTJ-00078	38.7090000	-8.9527710	38.7089853	-8.9526760	8.40	surface
GLP	VNG-00081	41.1100400	-8.5524700	41.1100145	-8.5525643	8.39	surface
REP	PVZ-00012	41.3747440	-8.7461730	41.3748190	-8.7461633	8.38	surface
EDP	ACB-00002	39.4330860	-8.9802800	39.4330380	-8.9802048	8.38	surface
GLP	LSA-90001	40.1125260	-8.2445830	40.1124702	-8.2446492	8.38	surface
FCT	CLD-00043	39.4172000	-9.1514750	39.4171399	-9.1514162	8.38	surface
EML	LSB-00353	38.6975800	-9.2255800	38.6975275	-9.2255108	8.38	surface
EDP	PRT-00031	41.1508670	-8.5991110	41.1508604	-8.5992106	8.37	underground
HRZ	ETR-00006	40.7601500	-8.5713600	40.7600768	-8.5713369	8.37	surface
GLP	LSB-00389	38.7230800	-9.1456370	38.7231512	-9.1456058	8.37	underground
HGP	VNG-00147	41.1383000	-8.6209830	41.1383197	-8.6210794	8.36	surface
ATL	VNF-00040	41.4042780	-8.5168890	41.4043515	-8.5168680	8.36	surface
GLP	LLE-00100	37.0969620	-7.9962490	37.0968966	-7.9962954	8.36	underground
EDP	STR-00051	39.3924900	-8.6397520	39.3924917	-8.6398492	8.35	surface
IBD	GDL-00048	38.2833800	-8.7494800	38.2833214	-8.7494203	8.34	surface
LCG	LLE-00022	37.1382060	-8.0209450	37.1381444	-8.0208913	8.34	surface
MOT	VNG-00258	41.0693130	-8.5766490	41.0693212	-8.5765501	8.34	surface
EDP	LLE-00245	37.0672040	-8.0976530	37.0672072	-8.0975591	8.34	underground
EDP	PRT-00032	41.1508670	-8.5991110	41.1508811	-8.5992088	8.34	underground
GLP	AZB-00027	39.1227150	-8.9075960	39.1227742	-8.9075367	8.34	surface
EDP	ALB-00031	40.6820140	-8.4886680	40.6819397	-8.4886812	8.34	surface
ATL	NZR-00032	39.5877300	-9.0736410	39.5877792	-9.0737144	8.34	surface
GLP	MOBI-LSB-00261	38.7568300	-9.1753790	38.7567553	-9.1753864	8.33	underground
IBD	LRA-00159	39.7512200	-8.7898900	39.7512647	-8.7899682	8.33	underground
HRZ	VNG-00121	41.1361120	-8.6085320	41.1360678	-8.6086123	8.33	underground
GLP	VIS-00072	40.6553270	-7.9266520	40.6553432	-7.9267484	8.33	underground
GLP	VFX-00075	38.8922600	-9.0445800	38.8923021	-9.0446596	8.33	surface
ATL	AMD-00104	38.7548900	-9.2169400	38.7549473	-9.2170018	8.33	surface
HLX	LSB-00722	38.6937100	-9.2106980	38.6936442	-9.2107436	8.32	underground
EDP	LSB-00068	38.7506940	-9.1810200	38.7507669	-9.1810415	8.32	underground
REM	VCT-00070	41.6928750	-8.8434200	41.6928650	-8.8433208	8.31	surface
PRI	PSR-00016	39.2463260	-8.0068280	39.2462995	-8.0067379	8.30	surface
GLP	PBL-00036	40.0146180	-8.6003550	40.0145694	-8.6002811	8.30	surface
GLP	TVD-00023	39.0803380	-9.2589850	39.0803130	-9.2588945	8.29	underground
ATL	PCR-80001	41.9120520	-8.5599170	41.9121212	-8.5599536	8.27	surface
EDP	VVD-00013	41.6704830	-8.4988470	41.6705478	-8.4988956	8.26	surface
SEG	SCG-00003	39.0840340	-28.0050900	39.0840601	-28.0051795	8.25	surface
EML	LSB-01119	38.7151450	-9.1688610	38.7152175	-9.1688408	8.25	underground
HRZ	PRT-90085	41.1565000	-8.6140870	41.1565705	-8.6140563	8.25	surface
PRI	BCL-00030	41.4649620	-8.5756920	41.4649283	-8.5757802	8.25	surface
REP	GMR-00163	41.4400000	-8.3221600	41.4400741	-8.3221594	8.24	surface
GLP	AJT-00034	37.9236500	-8.2420700	37.9235985	-8.2421375	8.24	surface
ATL	VCT-00053	41.7027600	-8.8158600	41.7027720	-8.8157621	8.24	surface
GLP	CSC-00092	38.6823200	-9.3409020	38.6823172	-9.3408072	8.23	surface
PRI	MAI-00089	41.2109900	-8.5648365	41.2109162	-8.5648295	8.23	surface
REM	VNF-00065	41.4013370	-8.5352720	41.4012686	-8.5352344	8.23	surface
HLX	FNC-00046	32.6462100	-16.9392500	32.6461590	-16.9391864	8.22	surface
ACC	VRL-00064	41.3237150	-7.6411270	41.3236606	-7.6410603	8.22	surface
GLP	SNT-00142	38.8249740	-9.4681770	38.8250439	-9.4681463	8.21	surface
GLP	BBR-00010	39.2662660	-9.1570320	39.2661949	-9.1570062	8.21	surface
VEI	MMN-00004	38.6501600	-8.2184000	38.6502284	-8.2183646	8.20	surface
HEX	GMR-00067	41.4435420	-8.3001460	41.4435762	-8.3002332	8.20	surface
TRK	BRR-00119	38.6371960	-9.0474110	38.6371772	-9.0473198	8.19	surface
MOT	VIS-00014	40.6620800	-7.9137800	40.6621366	-7.9137181	8.18	underground
EVP	PTM-00073	37.1190700	-8.5287580	37.1191422	-8.5287754	8.18	underground
GLP	PND-90001	40.9908030	-7.3943030	40.9907446	-7.3943621	8.17	surface
VEI	VCD-00041	41.3633650	-8.6748020	41.3634344	-8.6748342	8.17	surface
IBD	CSC-00191	38.7005270	-9.4257765	38.7004833	-9.4257008	8.17	surface
REP	MTS-00182	41.1962100	-8.6107310	41.1961394	-8.6107042	8.16	surface
GLP	PBL-00034	40.0119630	-8.5998790	40.0119470	-8.5997856	8.15	surface
EDP	CHM-00008	39.3575630	-8.4743990	39.3575671	-8.4744935	8.14	surface
EDP	MTS-00028	41.1818120	-8.6902400	41.1818850	-8.6902466	8.14	underground
HRZ	BRG-00067	41.5699400	-8.4279210	41.5700116	-8.4279010	8.13	surface
REP	FUN-00036	32.6606000	-16.8935800	32.6606668	-16.8935448	8.13	surface
EDP	ASL-00022	38.3702130	-8.5008140	38.3702808	-8.5008486	8.12	surface
GLP	LSB-00504	38.7246000	-9.1578200	38.7245272	-9.1578270	8.12	surface
GLP	LRA-00142	39.7493060	-8.8028380	39.7492601	-8.8027642	8.12	surface
EDP	VRL-00039	41.3084200	-7.7612790	41.3084774	-7.7612190	8.11	surface
VEI	LGA-00016	37.0914100	-8.4445600	37.0914829	-8.4445623	8.11	surface
HEX	GMR-00056	41.4427720	-8.3804000	41.4427599	-8.3803041	8.11	surface
EDP	TVR-00028	37.1375200	-7.6274700	37.1374587	-7.6274206	8.10	surface
ACC	SJP-00005	41.1642400	-7.4735220	41.1642637	-7.4736135	8.10	surface
HRZ	CTB-00015	39.8078420	-7.5310860	39.8078499	-7.5311802	8.09	surface
GLG	ABF-00024	37.1187200	-8.2268200	37.1187104	-8.2269104	8.09	surface
PRI	VNG-00165	41.1087380	-8.5739040	41.1088077	-8.5738765	8.09	surface
MLT	PRT-00137	41.1526220	-8.6541630	41.1526846	-8.6541139	8.08	surface
HRZ	LSB-90146	38.7339700	-9.1054810	38.7339979	-9.1055670	8.08	surface
IBD	LMG-00027	41.1018870	-7.7981725	41.1018300	-7.7981130	8.06	surface
EDP	PNF-00052	41.2028200	-8.2936310	41.2027484	-8.2936159	8.06	surface
REP	AVR-00045	40.6457630	-8.6273870	40.6458277	-8.6274301	8.06	surface
ALF	AND-00022	40.4390000	-8.4371000	40.4390548	-8.4370379	8.05	surface
MLT	PVZ-00003	41.3868370	-8.7645300	41.3867950	-8.7646084	8.04	surface
ATL	ANS-00003	39.9180800	-8.4413100	39.9180262	-8.4412476	8.01	surface
GLP	PBL-00037	40.0146180	-8.6003550	40.0146108	-8.6002615	8.00	surface
HRZ	VNG-00222	41.1254700	-8.6354670	41.1254030	-8.6355016	7.99	surface
MLT	OER-00059	38.7123800	-9.2988090	38.7123262	-9.2988701	7.99	surface
CPS	CSC-00186	38.7155800	-9.4179430	38.7155126	-9.4179110	7.99	surface
IBD	EVR-00057	38.5488850	-7.9136700	38.5489249	-7.9135936	7.99	surface
HLX	PLM-00008	38.5856860	-8.9994080	38.5857086	-8.9994952	7.99	surface
GLG	ACH-00010	38.7499900	-8.9622320	38.7500615	-8.9622398	7.98	surface
GLP	PLM-90001	38.5706630	-8.9061070	38.5706788	-8.9060175	7.98	surface
EDP	VNB-00004	39.4651600	-8.4393790	39.4651525	-8.4394714	7.98	surface
GLG	LRS-00055	38.8266000	-9.1627800	38.8265380	-9.1628262	7.97	surface
HEX	GMR-00063	41.4272200	-8.2989300	41.4271531	-8.2989642	7.97	surface
FCT	ALD-00009	40.6051000	-6.9521585	40.6050400	-6.9522100	7.96	surface
IBD	SSB-00022	38.5439300	-9.0531230	38.5438633	-9.0531562	7.96	surface
PRI	OHP-00004	40.3617800	-7.8608240	40.3617154	-7.8608643	7.95	surface
GLP	SMG-00019	39.0536200	-8.6681300	39.0536461	-8.6682157	7.95	surface
TRK	BRR-00020	38.6570600	-9.0600900	38.6570744	-9.0600004	7.94	surface
EDP	ELV-00009	38.8806420	-7.1671300	38.8806158	-7.1670447	7.94	underground
HLX	LGA-00009	37.1371770	-8.4642380	37.1371227	-8.4641800	7.93	surface
EDP	LMG-00019	41.0914500	-7.8053400	41.0914581	-7.8052461	7.92	surface
REP	PRT-00333	41.1645500	-8.5894900	41.1644844	-8.5895266	7.91	surface
HRZ	MAI-00111	41.2463230	-8.6185750	41.2463315	-8.6184811	7.91	surface
MLT	PVZ-00004	41.3868370	-8.7645300	41.3868153	-8.7646202	7.90	surface
EDP	ABT-00024	39.4621960	-8.2045000	39.4622462	-8.2044349	7.90	surface
GLP	ETR-00023	40.7614060	-8.5710090	40.7613811	-8.5710968	7.90	surface
MOT	OER-00246	38.6927570	-9.3054120	38.6928267	-9.3053948	7.89	surface
SEG	AGH-00003	38.6655300	-27.2035960	38.6655184	-27.2035064	7.89	surface
HLX	VFX-00079	38.9057600	-9.0337800	38.9057268	-9.0336996	7.88	surface
KLS	FND-00038	40.2035870	-7.4805550	40.2035260	-7.4805079	7.87	surface
EDP	PRS-90001	40.2098400	-8.2589100	40.2097968	-8.2588367	7.86	surface
GLP	LSB-00337	38.7683640	-9.1465840	38.7683287	-9.1466625	7.86	surface
TRK	BRR-00023	38.6552900	-9.0763700	38.6553562	-9.0764015	7.85	surface
EDP	NZR-00007	39.6056630	-9.0693720	39.6057109	-9.0694392	7.84	surface
FCT	EVR-00079	38.5492320	-7.9075146	38.5491660	-7.9074828	7.84	surface
GLP	LLE-00210	37.0800100	-8.1008310	37.0800634	-8.1008887	7.84	surface
HRZ	AMD-00052	38.7275800	-9.2113060	38.7275773	-9.2112158	7.83	surface
TRK	MIR-00005	40.4561350	-8.7986500	40.4562024	-8.7986768	7.83	surface
GLP	MTJ-00130	38.7258500	-8.6704800	38.7259201	-8.6704854	7.81	surface
FCT	MGD-00004	41.3535600	-6.7082324	41.3535141	-6.7083032	7.81	surface
KLS	PTM-00053	37.1308140	-8.5759450	37.1307438	-8.5759455	7.81	surface
ATL	ALR-80001	39.2011100	-8.6277500	39.2010530	-8.6278027	7.80	surface
REP	LRA-00184	39.7529800	-8.8129660	39.7529099	-8.8129680	7.80	surface
TRK	OLH-00021	37.0328180	-7.8351480	37.0327516	-7.8351198	7.80	surface
GLP	LSB-90039	38.7631000	-9.0967590	38.7630416	-9.0968087	7.79	surface
EDP	LSB-90122	38.7591670	-9.1358330	38.7592265	-9.1358803	7.78	surface
GLP	MTJ-00133	38.7269600	-8.6700200	38.7269250	-8.6700977	7.78	surface
IOY	ETZ-00025	38.8004100	-7.6613510	38.8003426	-7.6613751	7.78	surface
GLP	PNI-00015	39.3608970	-9.3800680	39.3608887	-9.3799782	7.78	surface
HLX	OER-00264	38.7254830	-9.2165670	38.7255241	-9.2164947	7.76	underground
GLP	LRA-00138	39.7493060	-8.8028380	39.7493486	-8.8027661	7.76	surface
EDP	PRT-00033	41.1456600	-8.6298660	41.1457295	-8.6298734	7.75	underground
EDP	OHP-00023	40.3620530	-7.8587770	40.3620203	-7.8588578	7.75	surface
GLP	AZB-00025	39.1227150	-8.9075960	39.1226895	-8.9076796	7.75	surface
EDP	STB-80007	38.5229530	-8.8905190	38.5229073	-8.8904518	7.75	surface
TRK	OLH-00025	37.0343100	-7.8330550	37.0343273	-7.8331395	7.74	surface
REP	LOU-00019	41.2637140	-8.2868460	41.2636455	-8.2868621	7.73	surface
EDP	OER-00237	38.7214470	-9.2160410	38.7214420	-9.2161298	7.72	surface
EDP	CSC-00130	38.7039640	-9.3966490	38.7040334	-9.3966456	7.72	underground
PLG	TMR-00008	39.6006800	-8.4142060	39.6007381	-8.4142553	7.72	surface
EVC	BCL-00038	41.5364040	-8.6098350	41.5363347	-8.6098314	7.71	surface
GLP	PBL-00031	40.0119630	-8.5998790	40.0120086	-8.5999472	7.71	surface
FCT	CBR-00121	40.2011340	-8.4307940	40.2012007	-8.4307692	7.71	surface
REP	ABT-00036	39.4723050	-8.1957230	39.4723404	-8.1957998	7.68	surface
HLX	SEI-00018	40.4068450	-7.7088220	40.4068087	-7.7088991	7.68	surface
EDP	ETR-00010	40.7553500	-8.5364900	40.7552851	-8.5364590	7.67	surface
FCT	EVR-00078	38.5492320	-7.9075146	38.5491631	-7.9075180	7.67	surface
EDP	CBR-00153	40.2039570	-8.4035900	40.2038914	-8.4035625	7.66	surface
GLP	VFX-00044	38.9589580	-8.9869590	38.9589630	-8.9868707	7.66	surface
GLP	ALM-00030	38.6576700	-9.1600100	38.6576149	-9.1600628	7.65	surface
ATL	CTX-80001	39.1594400	-8.7881880	39.1594409	-8.7882766	7.64	surface
GLP	LOU-00011	41.2710700	-8.2846500	41.2710051	-8.2846800	7.64	surface
GLP	LSB-00466	38.7794000	-9.1260230	38.7794633	-9.1260571	7.63	surface
IBD	LLE-00232	37.0460200	-8.0452980	37.0460885	-8.0453009	7.62	surface
ATL	CBR-00116	40.2353300	-8.4164800	40.2353531	-8.4165644	7.61	surface
GLP	LSB-00321	38.7039450	-9.1740950	38.7039314	-9.1740092	7.60	underground
HRZ	NLS-00006	40.5391400	-7.8555760	40.5390733	-7.8555953	7.59	surface
EDP	CSC-00574	38.7293700	-9.4160180	38.7293819	-9.4159318	7.59	surface
ATL	PRT-80080	41.1589430	-8.6440700	41.1589044	-8.6439952	7.59	surface
GLP	VNG-00078	41.1357200	-8.6184400	41.1357876	-8.6184522	7.59	underground
EDP	STB-90006	38.5231200	-8.8949585	38.5230952	-8.8948773	7.58	surface
GLP	TVD-00095	39.1771100	-9.2732030	39.1771604	-9.2732622	7.58	surface
GLP	ASL-00030	38.5155800	-8.5848300	38.5155120	-8.5848249	7.57	surface
ATL	TRF-80001	41.3365550	-8.5574170	41.3365004	-8.5574712	7.57	surface
SEG	VPV-00008	38.7313350	-27.0648600	38.7314030	-27.0648563	7.57	surface
TRK	BRR-00042	38.6565440	-9.0685920	38.6564896	-9.0685397	7.56	surface
GLP	LSB-01019	38.7684170	-9.0970830	38.7684740	-9.0971306	7.56	underground
EDP	GMR-00042	41.4312600	-8.3018290	41.4311926	-8.3018411	7.56	surface
GLP	VFR-00046	40.9955060	-8.5683750	40.9955344	-8.5684568	7.56	surface
GLG	VLG-00017	41.1941030	-8.5165480	41.1941494	-8.5164823	7.54	surface
GLP	ALM-00018	38.6621600	-9.2015200	38.6621788	-9.2016032	7.52	surface
EDP	TVR-90005	37.1316700	-7.6417210	37.1316753	-7.6418055	7.51	surface
EVC	AVV-00011	41.8510670	-8.4235970	41.8510118	-8.4236493	7.51	surface
REP	STR-00044	39.2211600	-8.6986000	39.2211778	-8.6986841	7.51	surface
EDP	GRD-00053	40.5309700	-7.2634920	40.5310224	-7.2635476	7.49	surface
REP	MGR-00021	39.7454500	-8.8905700	39.7455170	-8.8905767	7.47	surface
GLP	ABF-00043	37.0930750	-8.1785930	37.0930907	-8.1786749	7.47	surface
IOY	ADV-00018	37.5363270	-8.1829240	37.5363814	-8.1829737	7.47	surface
IHM	SLV-00034	37.1008640	-8.3558700	37.1008116	-8.3558174	7.46	surface
GLP	MTS-00098	41.1811870	-8.6560200	41.1812535	-8.6560320	7.46	underground
GLP	PTM-90008	37.1363680	-8.5348500	37.1364305	-8.5348195	7.46	surface
PLG	MTA-00002	38.6557100	-9.0348220	38.6557308	-9.0349036	7.45	surface
EDP	PRT-00089	41.1700200	-8.6669100	41.1700777	-8.6668648	7.45	surface
EDP	AMT-90005	41.2499500	-8.1933910	41.2499411	-8.1934793	7.45	surface
EDP	AGB-00002	40.8571400	-7.5067910	40.8570734	-7.5068002	7.45	surface
EDP	TVD-90004	39.0879480	-9.2628000	39.0879529	-9.2627140	7.44	surface
EDP	VNG-00017	41.0573040	-8.5664320	41.0572722	-8.5663539	7.44	surface
REP	LSB-00552	38.7578850	-9.1595520	38.7579267	-9.1596191	7.44	surface
EDP	VNG-90011	41.1291770	-8.6145400	41.1291450	-8.6146180	7.44	surface
GLP	AJT-00036	37.9236500	-8.2420700	37.9236911	-8.2421368	7.43	surface
EML	LSB-00396	38.7492400	-9.1494700	38.7492160	-9.1495498	7.42	surface
EDP	GMR-00092	41.4485050	-8.3426590	41.4485691	-8.3426346	7.41	surface
EDP	ARC-90001	40.9298320	-8.2482140	40.9297791	-8.2481605	7.40	surface
HRZ	LSB-00681	38.7421500	-9.1460980	38.7420980	-9.1461512	7.40	underground
FCT	MTJ-00110	38.6827850	-8.6058270	38.6828039	-8.6057453	7.40	surface
HRZ	VNH-90001	41.8348400	-7.0024830	41.8347849	-7.0024330	7.40	surface
HRZ	VNF-00017	41.4102400	-8.5189400	41.4102052	-8.5188647	7.38	surface
HLX	VNF-00015	41.4119830	-8.5136120	41.4119192	-8.5135878	7.38	surface
REP	STR-00043	39.2211700	-8.6986000	39.2211821	-8.6986841	7.37	surface
ATL	LRS-80024	38.7852330	-9.1241830	38.7852436	-9.1240991	7.37	surface
EDP	AJZ-90001	37.4346280	-8.7687080	37.4346502	-8.7686294	7.37	surface
MOO	SEI-00010	40.4299000	-7.7161660	40.4299019	-7.7162529	7.36	surface
HLX	PRT-00255	41.1458200	-8.6242120	41.1458833	-8.6241864	7.36	surface
ATL	VNF-00048	41.4391200	-8.4098450	41.4391715	-8.4097896	7.36	surface
EDP	AZB-00017	39.0676160	-8.8703240	39.0675507	-8.8703104	7.36	surface
GLP	PBL-00039	40.0146180	-8.6003550	40.0146394	-8.6004367	7.35	surface
HRZ	CSC-90012	38.7246600	-9.3339690	38.7246024	-9.3339274	7.35	surface
FCT	STB-00124	38.5404430	-8.8658640	38.5403851	-8.8659048	7.35	surface
EDP	CBR-00125	40.2117700	-8.4224850	40.2118174	-8.4225453	7.35	surface
TRK	CMN-00023	41.8219760	-8.8662720	41.8219100	-8.8662680	7.35	surface
ITV	PLM-00046	38.5680050	-8.8880900	38.5680664	-8.8880591	7.34	surface
EDP	PLM-00064	38.6384400	-8.9128140	38.6384599	-8.9128945	7.33	surface
HLX	STS-00006	41.3320800	-8.4768300	41.3320226	-8.4767870	7.32	surface
HLX	OHP-00018	40.3262800	-7.8420560	40.3262200	-7.8420204	7.32	surface
FCT	EVR-00076	38.5492320	-7.9075146	38.5492950	-7.9075391	7.32	surface
EDP	MDL-90001	41.4876000	-7.1827110	41.4875352	-7.1827265	7.32	surface
PLG	LGS-00008	37.1127800	-8.6759830	37.1127821	-8.6759005	7.32	surface
EML	LSB-01118	38.7151450	-9.1688610	38.7152049	-9.1688958	7.31	underground
EDP	ETR-00033	40.7554470	-8.5353700	40.7554890	-8.5354368	7.31	surface
GLP	VFR-00075	40.9333720	-8.5779150	40.9333069	-8.5779269	7.31	surface
MAK	PTM-00018	37.1390230	-8.5385685	37.1390306	-8.5384867	7.30	underground
EDP	LRS-90006	38.8390500	-9.1590170	38.8391152	-9.1590072	7.30	surface
EDP	VIS-00129	40.6651600	-7.8961240	40.6651618	-7.8962104	7.29	surface
PRI	PNF-00062	41.1674580	-8.3087770	41.1674900	-8.3088529	7.28	surface
GLP	LLE-00207	37.1015620	-8.1299190	37.1015010	-8.1298895	7.27	surface
HRZ	LLE-90023	37.1376650	-8.0176700	37.1376623	-8.0175881	7.27	surface
LOG	LSB-00476	38.7241300	-9.1523500	38.7240912	-9.1522827	7.26	underground
GLP	STR-90009	39.4446260	-8.7364910	39.4445660	-8.7364579	7.25	surface
FCT	CLD-00033	39.4172000	-9.1514750	39.4172156	-9.1515569	7.25	surface
MOT	CBC-00019	41.4794160	-7.9544760	41.4794203	-7.9545627	7.24	surface
GLP	VIS-00069	40.6553270	-7.9266520	40.6552778	-7.9267081	7.23	underground
EDP	VRL-00025	41.2573000	-7.6517270	41.2573622	-7.6517018	7.23	surface
TRK	BRR-00022	38.6533100	-9.0489000	38.6532689	-9.0489645	7.23	surface
TRK	ETZ-00017	38.8448500	-7.5874700	38.8447862	-7.5874543	7.22	surface
HGP	VNG-00148	41.1383000	-8.6209830	41.1382993	-8.6210692	7.22	surface
EDP	GDM-00018	41.1366300	-8.5370380	41.1366331	-8.5369519	7.22	surface
GLP	BCL-00036	41.5385060	-8.6213780	41.5384603	-8.6214395	7.21	surface
HLX	LSB-00710	38.7203830	-9.1505900	38.7203972	-9.1505089	7.21	surface
GLP	STB-00114	38.5127200	-8.8601980	38.5126688	-8.8601474	7.20	surface
ATL	LLE-00169	37.0823170	-8.1200970	37.0823259	-8.1201773	7.19	surface
EDP	CHV-00023	41.6329350	-7.5725790	41.6328719	-7.5725978	7.19	surface
EDP	GMR-00095	41.4485050	-8.3426590	41.4485647	-8.3426920	7.19	surface
ATL	AMD-00119	38.7548900	-9.2169400	38.7549050	-9.2170205	7.18	surface
CEV	BRG-00063	41.5265800	-8.4487670	41.5265888	-8.4488524	7.18	surface
HLX	LGS-00044	37.1137540	-8.6595955	37.1137513	-8.6596763	7.17	surface
GLP	PBL-00030	40.0119630	-8.5998790	40.0119663	-8.5999630	7.16	surface
EDP	PLM-00072	38.5753700	-9.0234820	38.5753071	-9.0234642	7.16	surface
IBD	PRD-00013	41.1830700	-8.4421625	41.1830352	-8.4420905	7.16	surface
ATL	LRS-80010	38.8163340	-9.1568330	38.8163185	-9.1567528	7.16	surface
TRK	BJA-00050	38.0209000	-7.8093150	38.0208524	-7.8092600	7.16	surface
HLX	LSB-00708	38.7203830	-9.1505900	38.7204349	-9.1505413	7.15	surface
HRZ	PLM-00032	38.5829700	-8.8924230	38.5829063	-8.8924342	7.15	surface
GRN	OER-00164	38.7137830	-9.2259700	38.7138037	-9.2260480	7.15	surface
GLP	OER-00295	38.7000120	-9.2313450	38.6999998	-9.2314258	7.14	surface
HEX	GMR-00064	41.4417900	-8.3022460	41.4417709	-8.3021642	7.14	surface
EGR	TVR-00024	37.1389850	-7.6044054	37.1390105	-7.6044793	7.14	surface
EDP	PRT-90086	41.1587330	-8.6317220	41.1586730	-8.6317523	7.14	surface
HLX	LLE-00257	37.0751460	-8.1142900	37.0751028	-8.1143495	7.14	surface
ATL	VNG-00171	41.1292800	-8.6299400	41.1293103	-8.6300151	7.14	surface
REP	CNS-00002	39.4819450	-8.2881500	39.4818848	-8.2881213	7.13	surface
EDP	CCH-00009	38.9559200	-8.5303930	38.9559678	-8.5303380	7.13	surface
EDP	PRT-00084	41.1676940	-8.6268890	41.1677364	-8.6268251	7.13	surface
MOT	ALM-00064	38.6601200	-9.1759400	38.6601062	-9.1758599	7.12	underground
TRK	STS-00035	41.3444500	-8.4802230	41.3444319	-8.4801412	7.12	surface
EDP	LSB-90043	38.7543870	-9.0951690	38.7544369	-9.0951176	7.12	surface
ATL	FAR-80008	37.0122680	-7.9326810	37.0123173	-7.9327321	7.12	surface
ZUN	EPS-00041	41.5685700	-8.7883600	41.5685063	-8.7883675	7.11	surface
EDP	VVC-00005	38.7703300	-7.4156350	38.7702663	-7.4156293	7.10	surface
HRZ	LRS-00046	38.8680000	-9.1076600	38.8679655	-9.1077290	7.10	surface
HGP	VLG-00031	41.2137150	-8.5505070	41.2136978	-8.5504254	7.09	surface
GLP	EVR-90001	38.5761100	-7.9144440	38.5760723	-7.9145097	7.08	surface
ATL	LSB-00652	38.7668300	-9.1730400	38.7667681	-9.1730590	7.08	surface
EDP	LRS-90031	38.7834170	-9.1111830	38.7833752	-9.1111215	7.07	surface
TRK	MTJ-00071	38.7007800	-8.9573920	38.7007634	-8.9574706	7.07	surface
GLP	SSB-00007	38.4425500	-9.0985550	38.4425772	-9.0986283	7.06	surface
VIA	OER-00276	38.7146000	-9.2861150	38.7145533	-9.2860599	7.06	surface
ATL	CNT-80003	40.3462940	-8.5925310	40.3462492	-8.5924720	7.06	surface
FCT	SNT-00158	38.7858160	-9.3403580	38.7857742	-9.3404192	7.05	surface
GLP	CSC-00166	38.7037280	-9.3949720	38.7037535	-9.3950464	7.05	underground
GRN	OER-00159	38.7156700	-9.2404970	38.7156374	-9.2404273	7.05	surface
GLP	LSB-00982	38.7571000	-9.0990020	38.7571630	-9.0989933	7.05	underground
FCT	PTL-00030	41.7841220	-8.6027220	41.7841811	-8.6027526	7.04	surface
PRI	BRG-00018	41.5404930	-8.4325650	41.5405350	-8.4326283	7.04	surface
GLP	LSB-00480	38.6983030	-9.1866390	38.6983577	-9.1866798	7.04	surface
FCT	MTS-00178	41.1842900	-8.6817220	41.1842935	-8.6818059	7.03	surface
MAK	VNG-00050	41.1387300	-8.6095180	41.1387082	-8.6094392	7.03	underground
GLP	LSB-00465	38.7794000	-9.1260230	38.7794304	-9.1260941	7.03	surface
GLP	OER-00069	38.7153930	-9.2262000	38.7153299	-9.2262049	7.03	surface
TRK	BRR-00121	38.6444000	-9.0590000	38.6443697	-9.0590710	7.03	surface
EDP	AZB-00012	39.2203000	-8.9725000	39.2203623	-8.9725134	7.02	surface
EDP	CSC-00027	38.6944100	-9.4234080	38.6943916	-9.4233306	7.02	surface
GLP	VIS-00071	40.6553270	-7.9266520	40.6553214	-7.9267349	7.02	underground
TRK	CSC-00382	38.6960140	-9.4254120	38.6959696	-9.4254695	7.02	surface
FRR	BJA-00065	38.0057600	-7.8534990	38.0058049	-7.8534427	7.02	surface
GLP	LSB-80101	38.7075460	-9.1479080	38.7075392	-9.1479883	7.01	surface
PRI	PRT-00292	41.1790300	-8.6301220	41.1790491	-8.6300423	7.00	surface
TRK	CSC-00452	38.6913300	-9.3588710	38.6913166	-9.3587922	7.00	surface
EDP	LGS-90005	37.1061800	-8.6740580	37.1061319	-8.6740071	7.00	surface
HLX	GMR-00162	41.4592930	-8.2839670	41.4593322	-8.2840327	7.00	surface
GLP	AMT-00033	41.2798300	-8.0825780	41.2797786	-8.0825297	7.00	surface
IOY	PLM-00036	38.5799000	-8.6775970	38.5798946	-8.6776771	6.99	surface
HGP	VLG-00030	41.2137150	-8.5505070	41.2136997	-8.5504260	6.99	surface
ATL	SLV-00012	37.1062970	-8.3594730	37.1062379	-8.3594464	6.98	surface
HRZ	OVR-00008	40.8748700	-8.6350120	40.8749257	-8.6349738	6.98	surface
GLP	LSB-00488	38.7235100	-9.1567240	38.7235387	-9.1566525	6.98	underground
FCT	LSB-01024	38.7577170	-9.1000000	38.7577603	-9.0999418	6.97	surface
PLG	PCV-00002	40.3014260	-8.1669440	40.3014782	-8.1669896	6.97	surface
GRN	OER-00161	38.7018200	-9.2756490	38.7017902	-9.2755783	6.97	surface
ATL	VIS-00104	40.6715400	-7.8882900	40.6715766	-7.8883571	6.97	surface
PRI	CSC-00082	38.6962200	-9.3375410	38.6962611	-9.3374804	6.97	surface
MOT	ALM-00065	38.6601200	-9.1759400	38.6601041	-9.1758624	6.97	underground
EDP	OER-00243	38.7222800	-9.2182160	38.7223397	-9.2181918	6.96	surface
EDP	VIS-00128	40.6651600	-7.8961240	40.6651211	-7.8961886	6.96	surface
TRK	OLH-00011	37.0312700	-7.8477430	37.0312277	-7.8478007	6.95	surface
EVC	MLD-00001	40.3836300	-8.4418780	40.3836203	-8.4417969	6.95	surface
EDP	GDM-00008	41.1418800	-8.5735470	41.1419175	-8.5736134	6.95	underground
KLS	OER-00205	38.7110750	-9.2994730	38.7111066	-9.2995421	6.95	underground
ATL	CSC-00280	38.6954400	-9.4357300	38.6954327	-9.4358095	6.95	surface
TRK	OLH-00024	37.0362300	-7.8308500	37.0362364	-7.8309278	6.94	surface
GLP	MOBI-LSB-00068	38.7572020	-9.1760670	38.7571456	-9.1760327	6.94	surface
TRK	CMN-00014	41.8495940	-8.8620880	41.8496300	-8.8621564	6.94	surface
GLP	LSB-90038	38.7205850	-9.1464720	38.7206351	-9.1465194	6.92	surface
FCT	PTL-00031	41.7841220	-8.6027220	41.7841811	-8.6026957	6.92	surface
EDP	VRM-90001	41.6357230	-8.1379440	41.6356964	-8.1380193	6.92	surface
IOY	BCL-00028	41.6042440	-8.5497640	41.6042801	-8.5496963	6.91	surface
FCT	ALD-00010	40.6050950	-6.9520900	40.6050389	-6.9521252	6.91	surface
HRZ	SNT-00097	38.8077620	-9.3770160	38.8077385	-9.3770898	6.91	surface
ATL	LLE-00163	37.0737570	-8.1183170	37.0737558	-8.1183948	6.90	surface
EDP	VCD-00031	41.2956700	-8.6953370	41.2956086	-8.6953249	6.90	surface
KLS	OER-00201	38.7110750	-9.2994730	38.7110394	-9.2995381	6.90	underground
GLP	ARV-00008	38.9808300	-9.0769470	38.9808503	-9.0768716	6.90	surface
GLP	LSB-00935	38.7294000	-9.1234830	38.7293396	-9.1234649	6.90	surface
GLP	BRR-00152	38.6432760	-9.0600560	38.6432858	-9.0599776	6.90	surface
HRZ	OER-00242	38.7099300	-9.2284700	38.7098717	-9.2284430	6.89	underground
EDP	SMG-00008	39.0474130	-8.6993430	39.0473525	-8.6993603	6.89	surface
EDP	GDL-00064	38.1672130	-8.4922920	38.1672247	-8.4922146	6.89	surface
KLS	FND-00037	40.2035870	-7.4805550	40.2035267	-7.4805364	6.89	surface
TRK	OLH-00026	37.0418800	-7.8298060	37.0419023	-7.8298784	6.89	surface
FCT	ACB-00051	39.5454520	-8.9693960	39.5454006	-8.9693512	6.89	surface
HRZ	FAR-90001	37.0124240	-7.9327470	37.0123624	-7.9327391	6.89	surface
EML	LSB-00356	38.6975800	-9.2255800	38.6975981	-9.2256558	6.88	surface
EDP	VBP-00017	37.0837480	-8.9125820	37.0836895	-8.9125569	6.88	surface
GLP	LRS-00136	38.7924400	-9.1014220	38.7925012	-9.1014329	6.87	surface
EMA	FNC-00048	32.6473600	-16.9031260	32.6473023	-16.9030998	6.87	surface
FCT	SNT-00160	38.7858160	-9.3403580	38.7857705	-9.3403044	6.87	surface
HRZ	VDG-90001	38.2117460	-7.8020890	38.2116845	-7.8020817	6.87	surface
MAK	PRT-00206	41.1474570	-8.6089280	41.1475138	-8.6089600	6.86	underground
FCT	LSB-01026	38.7577170	-9.1000000	38.7576717	-9.0999463	6.86	surface
EDP	VRL-00040	41.2010500	-7.6850240	41.2010142	-7.6850907	6.85	surface
EDP	OER-00124	38.7017800	-9.3050400	38.7018411	-9.3050502	6.85	underground
MOO	SEI-00011	40.4299000	-7.7161660	40.4298960	-7.7162467	6.85	surface
EDP	GDL-00063	38.1675070	-8.4910540	38.1674496	-8.4910822	6.84	surface
HLX	PRT-00254	41.1458200	-8.6242120	41.1458815	-8.6242138	6.84	surface
FCT	MTA-00100	38.6477400	-8.9939320	38.6478013	-8.9939372	6.83	surface
ATL	ELV-80001	38.8773400	-7.1634230	38.8773128	-7.1634937	6.83	surface
GLP	LSB-00698	38.7265470	-9.1555260	38.7265018	-9.1555792	6.82	surface
GLP	LRA-00141	39.7493060	-8.8028380	39.7492824	-8.8027644	6.82	surface
FCT	ACB-00054	39.5454520	-8.9693960	39.5454069	-8.9693422	6.81	surface
GLP	LLE-00208	37.0901100	-8.1275730	37.0901164	-8.1274966	6.81	surface
TRK	BRR-00028	38.6496400	-9.0472580	38.6495990	-9.0473163	6.81	surface
TRK	BRR-00043	38.6614880	-9.0634150	38.6615393	-9.0634579	6.81	surface
REP	VCT-00074	41.7099300	-8.8024100	41.7099867	-8.8024410	6.81	surface
ATL	VNF-00047	41.3961300	-8.3895690	41.3961341	-8.3894876	6.81	surface
GLP	SJM-00051	40.9051130	-8.4946590	40.9051188	-8.4945784	6.80	surface
FCT	SXL-00077	38.5971300	-9.1055380	38.5971822	-9.1055786	6.79	surface
EDP	NZR-00011	39.5983660	-9.0678630	39.5984251	-9.0678433	6.78	surface
HRZ	CMN-00013	41.8786800	-8.8365900	41.8786856	-8.8365085	6.78	surface
CPS	FND-00014	40.1908650	-7.4866480	40.1908724	-7.4865689	6.77	surface
ITV	PLM-00045	38.5679860	-8.8880910	38.5680416	-8.8880594	6.77	surface
HGP	VNG-00149	41.1383000	-8.6209830	41.1382794	-8.6210590	6.76	surface
EDP	VNG-00084	41.1431100	-8.6477800	41.1431268	-8.6478576	6.76	surface
MOT	PRT-00118	41.1523400	-8.6707400	41.1523997	-8.6707551	6.76	underground
EDP	ABF-00190	37.0883750	-8.3190200	37.0883900	-8.3190938	6.76	surface
EMA	PST-00002	33.0594140	-16.3337600	33.0594424	-16.3336960	6.75	surface
SEG	AGH-00007	38.6529120	-27.2239570	38.6529725	-27.2239628	6.75	surface
HRZ	LSB-90530	38.6968420	-9.1931720	38.6968282	-9.1930964	6.74	surface
ATL	VIS-00089	40.6565930	-7.9089680	40.6565916	-7.9088882	6.73	surface
REP	VNG-00100	41.1201360	-8.6268930	41.1201945	-8.6269136	6.73	surface
FCT	SXL-00075	38.5971300	-9.1055380	38.5971564	-9.1054684	6.72	surface
HRZ	PNF-00006	41.2118640	-8.2711230	41.2118073	-8.2711508	6.72	surface
ACC	VRL-00061	41.3244360	-7.6409770	41.3244252	-7.6410561	6.71	surface
HLX	LSB-00709	38.7203830	-9.1505900	38.7204161	-9.1505253	6.71	surface
GLP	SPS-90001	40.7646060	-8.0640780	40.7646443	-8.0640165	6.71	surface
GLP	CVR-00002	37.6943780	-8.0900750	37.6943269	-8.0900346	6.70	surface
HRZ	LSB-00965	38.7828940	-9.0951700	38.7829510	-9.0951450	6.70	surface
TRK	BRR-00120	38.6642000	-9.0794200	38.6642504	-9.0794622	6.70	surface
EDP	LSB-00792	38.7114640	-9.1392650	38.7115204	-9.1392380	6.69	underground
GLP	LSB-00896	38.6933170	-9.2212570	38.6932581	-9.2212728	6.69	underground
TRK	PCV-00004	40.3032600	-8.3214580	40.3033151	-8.3214897	6.69	surface
ITV	PLM-00044	38.5679600	-8.8880850	38.5680168	-8.8880597	6.69	surface
GLP	PRT-00318	41.1485820	-8.6092870	41.1486418	-8.6092952	6.68	underground
GLP	VLG-00056	41.1873740	-8.4589270	41.1874109	-8.4588640	6.68	surface
ATL	NZR-00035	39.5877300	-9.0736410	39.5876984	-9.0735748	6.67	surface
MLT	TVD-00018	39.1020930	-9.2578180	39.1020409	-9.2578562	6.67	surface
MOO	EVR-00026	38.5506060	-7.9118500	38.5506659	-7.9118487	6.66	surface
HRZ	LSB-00679	38.7421500	-9.1460980	38.7421131	-9.1460375	6.66	underground
GLP	LRA-00139	39.7493060	-8.8028380	39.7493266	-8.8027649	6.66	surface
HRZ	VBP-90001	37.0078700	-8.9402350	37.0078452	-8.9403032	6.65	surface
GLP	LSB-00470	38.7600630	-9.1514190	38.7601215	-9.1514029	6.65	surface
LUZ	EVR-00036	38.5649150	-7.9129124	38.5649091	-7.9129884	6.64	surface
HRZ	LSB-90111	38.7582440	-9.1405360	38.7582802	-9.1404751	6.64	surface
FCT	PTL-00022	41.7828030	-8.5866600	41.7828362	-8.5867265	6.64	surface
EDP	VRS-00015	37.1900500	-7.4200960	37.1900266	-7.4201649	6.63	surface
SEG	PVC-00004	37.7731480	-25.3145070	37.7731899	-25.3144533	6.63	surface
TRK	CMN-00019	41.8478400	-8.8660020	41.8478020	-8.8660637	6.63	surface
HRZ	PBL-00016	39.9383300	-8.6280300	39.9383174	-8.6279540	6.63	surface
ATL	LSB-80022	38.7586400	-9.1855110	38.7585996	-9.1854548	6.63	surface
GLP	LLE-00256	37.0780870	-8.1237050	37.0780741	-8.1236322	6.62	surface
GLP	VIS-00070	40.6553270	-7.9266520	40.6552996	-7.9267215	6.61	underground
EDP	LGS-00034	37.1031340	-8.7066620	37.1030792	-8.7066908	6.61	surface
HEX	LSB-00834	38.7479700	-9.1876500	38.7479862	-9.1877233	6.61	surface
ITV	PLM-00043	38.5679360	-8.8880850	38.5679920	-8.8880601	6.59	surface
HRZ	BRG-00103	41.5488360	-8.4223150	41.5488947	-8.4223261	6.59	underground
FCT	ELV-00017	38.8777580	-7.1711540	38.8777938	-7.1712147	6.59	surface
ECI	MTS-00180	41.1960600	-8.6886990	41.1960532	-8.6886208	6.59	surface
REP	CBR-00072	40.2274000	-8.4462290	40.2273938	-8.4461519	6.58	surface
EDP	PLM-00060	38.6361900	-8.9086750	38.6362487	-8.9086847	6.58	surface
PRI	PRT-00359	41.1801300	-8.6348420	41.1801200	-8.6347645	6.58	surface
HRZ	CBR-00036	40.2046130	-8.4076720	40.2046660	-8.4076376	6.58	underground
GLP	ABF-00037	37.0959660	-8.1773740	37.0959289	-8.1773163	6.57	surface
EDP	ALM-00192	38.6463660	-9.1693520	38.6464226	-9.1693735	6.56	surface
MLT	MFR-00024	38.9315760	-9.2562050	38.9315316	-9.2562550	6.56	surface
EDP	VFC-00004	37.7149700	-25.4688420	37.7150247	-25.4688699	6.56	surface
GLP	ODM-90002	37.5251500	-8.7868980	37.5250970	-8.7869305	6.55	surface
IBD	LRS-00137	38.8505900	-9.0755840	38.8505628	-9.0756511	6.55	underground
GLP	VIS-90032	40.6540800	-7.9149800	40.6540222	-7.9149947	6.55	surface
ATL	ETR-00027	40.7699170	-8.5699800	40.7698921	-8.5699096	6.54	surface
EDP	VFR-00091	40.9881970	-8.5380960	40.9882528	-8.5381205	6.54	surface
GLP	CMN-00026	41.7962880	-8.8607770	41.7962699	-8.8608520	6.53	surface
GLP	SXL-00032	38.6324400	-9.1512690	38.6324433	-9.1513441	6.53	surface
REP	VFX-00024	38.9067270	-9.0324820	38.9067760	-9.0324404	6.53	surface
GLP	CMN-00028	41.8712730	-8.8342880	41.8712296	-8.8343410	6.52	surface
CIR	LSB-00271	38.7329300	-9.1446560	38.7328792	-9.1446184	6.52	surface
MOT	OER-00249	38.7088400	-9.2448170	38.7087944	-9.2447698	6.52	surface
GLP	VCT-00022	41.6796100	-8.7670830	41.6796061	-8.7670047	6.52	surface
FCT	ACH-00019	38.7516820	-8.9461120	38.7517122	-8.9460476	6.52	surface
ATL	SSB-00039	38.4894750	-9.1059550	38.4895235	-9.1059970	6.52	surface
GLP	BJA-90005	38.0267400	-7.8675290	38.0267144	-7.8674622	6.51	surface
IBD	GDL-00047	38.2833800	-8.7494800	38.2833215	-8.7494789	6.51	surface
HRZ	MIR-00006	40.4556700	-8.7879240	40.4556415	-8.7878569	6.50	surface
TRK	OLH-00038	37.0515370	-7.7540040	37.0515404	-7.7540771	6.50	surface
GLP	LSB-00348	38.7716520	-9.1252690	38.7717077	-9.1252913	6.49	surface
GLP	SXL-00033	38.6511800	-9.1431630	38.6511232	-9.1431459	6.49	surface
MOT	ALM-00109	38.6404460	-9.2359060	38.6403962	-9.2359449	6.49	surface
PRI	TVD-00050	39.1640000	-9.2764770	39.1640219	-9.2764073	6.48	surface
FCT	PNF-00043	41.1694560	-8.3295070	41.1694160	-8.3294507	6.48	surface
EDP	MBR-00005	40.9861560	-7.6217190	40.9860983	-7.6217296	6.48	surface
ATL	LSB-80081	38.7353670	-9.1584030	38.7353709	-9.1584775	6.48	surface
ECI	STR-00076	39.2355600	-8.7000000	39.2356180	-8.7000058	6.47	surface
HLX	GDL-00032	38.4930570	-8.9030560	38.4929998	-8.9030695	6.47	underground
GLP	SXL-00031	38.6324400	-9.1512690	38.6324007	-9.1513238	6.46	surface
EGR	CBR-00156	40.2087970	-8.4692180	40.2087439	-8.4691871	6.46	surface
HRZ	CHV-00007	41.7321360	-7.4681130	41.7321941	-7.4681130	6.46	surface
TRK	BRR-00038	38.6451500	-9.0529970	38.6452067	-9.0530131	6.46	surface
EDP	MDL-00008	41.4957730	-7.1756480	41.4958302	-7.1756346	6.46	surface
GLP	OVR-00020	40.8710500	-8.6452360	40.8710320	-8.6451630	6.46	surface
EDP	ABT-00027	39.4565240	-8.1983010	39.4565599	-8.1982419	6.46	surface
HRZ	SNT-00045	38.7824100	-9.3757410	38.7824540	-9.3757894	6.44	surface
KLS	OER-00214	38.7389070	-9.3044200	38.7389514	-9.3044677	6.44	surface
GLP	CPV-00006	41.0450500	-8.2651720	41.0450308	-8.2650996	6.44	surface
EDP	ABF-00130	37.1026300	-8.2328920	37.1025840	-8.2329360	6.43	surface
GLP	LSB-01323	38.7201730	-9.1665200	38.7201438	-9.1665840	6.43	surface
GLP	LSB-01020	38.7684170	-9.0970830	38.7684743	-9.0970730	6.43	underground
HRZ	CLD-90008	39.4024620	-9.1410860	39.4025055	-9.1410367	6.43	surface
EDP	VLG-90001	41.1910860	-8.4982670	41.1911431	-8.4982554	6.42	surface
GLP	CRT-90001	39.2878070	-7.6454010	39.2877729	-7.6454611	6.41	surface
GLP	VFR-00026	40.9883080	-8.5383700	40.9883457	-8.5384278	6.41	surface
FCT	PLM-00039	38.6364200	-8.9141830	38.6364189	-8.9141092	6.41	surface
GLP	VFX-00131	38.9494000	-8.9910700	38.9493481	-8.9911022	6.41	surface
GLP	VFR-00033	40.9790460	-8.4569000	40.9790729	-8.4569675	6.41	surface
HRZ	VNG-00210	41.1443750	-8.6417000	41.1444247	-8.6416617	6.39	surface
EDP	MDL-00012	41.4852500	-7.1881740	41.4853073	-7.1881789	6.38	surface
HRZ	VNG-00209	41.1443750	-8.6417000	41.1444318	-8.6416895	6.38	surface
EDP	LRS-80017	38.8290180	-9.1671500	38.8289897	-9.1670860	6.37	surface
HRZ	MLD-00050	40.3942500	-8.4509010	40.3942061	-8.4508527	6.37	surface
HRZ	VCT-00021	41.6794800	-8.7773350	41.6794359	-8.7773839	6.37	surface
GLP	BJA-00006	38.0048450	-7.8666960	38.0048179	-7.8666320	6.37	surface
ATL	LRA-80008	39.7394370	-8.8127970	39.7394439	-8.8127231	6.37	surface
MOT	SNT-00066	38.7747900	-9.3402890	38.7747686	-9.3403571	6.37	surface
SLX	ACB-00035	39.4306870	-8.9774850	39.4306829	-8.9775588	6.35	surface
EDP	MTS-00130	41.1759340	-8.6814110	41.1759909	-8.6814043	6.35	surface
FCT	ALD-00008	40.6050950	-6.9522676	40.6050411	-6.9522924	6.35	surface
GLP	ORM-90001	39.6576650	-8.5772650	39.6577208	-8.5772806	6.35	surface
EDP	GDL-00062	38.1767960	-8.5713210	38.1767390	-8.5713199	6.34	surface
EDP	VNG-00240	41.1009400	-8.5986510	41.1009184	-8.5987210	6.34	surface
ECI	STB-00059	38.5382000	-8.8723620	38.5382366	-8.8723062	6.33	surface
EDP	MAI-00093	41.2463720	-8.6648750	41.2463582	-8.6648015	6.33	surface
HRZ	MFR-00015	38.9323800	-9.3300060	38.9323278	-9.3299770	6.32	surface
ATL	GMR-00108	41.4465900	-8.2983200	41.4466010	-8.2982456	6.32	surface
EML	LSB-00946	38.7763200	-9.1594360	38.7762910	-9.1594987	6.32	surface
FCT	LSB-01223	38.7591170	-9.1806820	38.7591121	-9.1806094	6.32	surface
IOY	CTB-00038	39.8883200	-7.4868250	39.8882646	-7.4868088	6.31	surface
HRZ	LSB-00993	38.7667730	-9.0986390	38.7667180	-9.0986566	6.30	surface
EDP	PRT-00077	41.1628070	-8.5908610	41.1627892	-8.5909324	6.30	surface
TRK	CSC-00263	38.7163930	-9.3835370	38.7164464	-9.3835129	6.30	surface
FCT	ODV-00033	38.8103940	-9.2343980	38.8104506	-9.2343967	6.29	surface
EDP	LSB-01066	38.7447500	-9.1928330	38.7447500	-9.1929054	6.28	surface
TRK	BRR-00037	38.6536900	-9.0729410	38.6537329	-9.0729879	6.27	surface
EDP	VLF-90002	41.0816960	-7.1434720	41.0816580	-7.1435272	6.27	surface
GLP	MTJ-00128	38.7021900	-8.9451600	38.7021578	-8.9452192	6.26	surface
GLP	LRA-00140	39.7493060	-8.8028380	39.7493045	-8.8027648	6.26	surface
GLP	CBR-90002	40.2049100	-8.4116000	40.2048716	-8.4116539	6.26	surface
HRZ	VNG-00235	41.0543250	-8.5668970	41.0543705	-8.5668532	6.25	surface
GLP	CSC-00123	38.7389700	-9.3980255	38.7389540	-9.3979564	6.25	underground
TRK	BRR-00040	38.6408270	-9.0578650	38.6408825	-9.0578543	6.24	surface
GLP	SJM-00047	40.8918380	-8.4755200	40.8917878	-8.4755532	6.24	surface
GLP	ARV-00016	38.9516000	-9.1273740	38.9515453	-9.1273901	6.24	surface
ATL	ABF-00109	37.1264500	-8.2391800	37.1264444	-8.2392500	6.24	surface
ATL	EVR-00048	38.5663800	-7.9425700	38.5664319	-7.9425429	6.23	surface
EDP	ODM-00013	37.5251850	-8.7757640	37.5252404	-8.7757533	6.23	surface
GLP	OER-00071	38.6954200	-9.3025680	38.6954239	-9.3024964	6.23	surface
IOY	ETZ-00026	38.7995340	-7.6596980	38.7995790	-7.6596552	6.23	surface
EDP	LSB-00072	38.7506940	-9.1810200	38.7507500	-9.1810216	6.23	underground
EDP	LSB-90139	38.7752150	-9.1124320	38.7752648	-9.1124648	6.22	surface
EDP	PTG-90002	39.2945440	-7.4285300	39.2944883	-7.4285348	6.21	surface
FCT	MAI-00084	41.2367900	-8.6541395	41.2367810	-8.6540663	6.20	surface
CME	STB-00105	38.5130160	-8.9117930	38.5129616	-8.9117773	6.20	surface
HRZ	PTM-00058	37.1528970	-8.5550280	37.1528461	-8.5549995	6.20	surface
HRZ	CTM-90001	37.2179400	-7.4448280	37.2179062	-7.4447724	6.19	surface
GLP	VFX-00056	38.9025570	-9.0398360	38.9026091	-9.0398115	6.17	surface
HRZ	GOI-90001	40.1633070	-8.1088610	40.1632958	-8.1089321	6.17	surface
TRK	TMR-00031	39.6003300	-8.4104300	39.6003796	-8.4104622	6.17	surface
GLP	OER-00090	38.7133000	-9.2856120	38.7132617	-9.2855607	6.16	surface
HLX	OBD-00013	39.4155700	-9.2438300	39.4155751	-9.2437586	6.16	surface
VIA	OER-00278	38.7146000	-9.2861150	38.7146264	-9.2861774	6.16	surface
GLP	VFX-00102	38.8562200	-9.0783900	38.8561844	-9.0784444	6.15	surface
GLP	LSB-00994	38.7038880	-9.1893680	38.7039110	-9.1894324	6.15	surface
EDP	PTG-00019	39.2766080	-7.4297570	39.2765728	-7.4297020	6.14	surface
EDP	VLN-00010	42.0217400	-8.6402910	42.0217952	-8.6402900	6.14	surface
HRZ	STB-00015	38.5226140	-8.9454790	38.5226149	-8.9454085	6.13	surface
FAC	MCH-00007	32.7188840	-16.7624590	32.7189386	-16.7624682	6.13	surface
TRK	CMN-00017	41.8029940	-8.8563830	41.8029910	-8.8563092	6.13	surface
HRZ	SNT-00089	38.7591250	-9.3867270	38.7591405	-9.3867948	6.13	underground
FCT	ACB-00033	39.5247570	-8.9102630	39.5247747	-8.9101954	6.12	surface
FCT	OVR-00039	40.9049260	-8.6052650	40.9049544	-8.6052026	6.12	surface
GLP	CHM-90001	39.3587230	-8.4807500	39.3586680	-8.4807479	6.12	surface
GLP	PCV-00009	40.3372100	-8.2158640	40.3372647	-8.2158565	6.12	surface
REP	GDL-00035	38.1213150	-8.4466750	38.1212602	-8.4466808	6.11	surface
HRZ	NLS-00007	40.5391400	-7.8555760	40.5390918	-7.8556108	6.11	surface
GLP	ALM-90027	38.6630800	-9.1654100	38.6630555	-9.1654730	6.11	surface
MLT	VFX-00017	38.9314000	-9.0169380	38.9313698	-9.0168790	6.11	surface
CIR	LSB-00272	38.7329300	-9.1446560	38.7329301	-9.1445856	6.11	surface
GLP	SMG-00021	39.0536700	-8.6694400	39.0536591	-8.6693707	6.11	surface
ATL	ODV-00060	38.7840300	-9.1846970	38.7839850	-9.1846568	6.10	surface
MLT	PRT-00062	41.1572270	-8.6258650	41.1572079	-8.6259332	6.09	surface
ECI	FNC-00056	32.6704000	-16.9221400	32.6703693	-16.9220862	6.08	surface
CAP	PRT-00064	41.1593400	-8.6389600	41.1592937	-8.6389214	6.08	surface
HLX	CSC-00157	38.7019800	-9.4163000	38.7020342	-9.4162911	6.08	underground
PLG	AMD-00037	38.7770040	-9.2200220	38.7770197	-9.2199549	6.07	underground
HRZ	BGC-90002	41.8048480	-6.7580690	41.8048300	-6.7580000	6.06	surface
GLP	OER-00178	38.6943360	-9.3219140	38.6943309	-9.3219835	6.06	surface
CPS	FZZ-00003	39.6936700	-8.2949430	39.6936948	-8.2948800	6.05	surface
ATL	MLD-00011	40.3884400	-8.4509230	40.3883857	-8.4509205	6.04	surface
HLX	MCN-00018	41.1751500	-8.1510600	41.1751977	-8.1510255	6.04	surface
HLX	LSB-00715	38.6937100	-9.2106980	38.6936770	-9.2107532	6.03	underground
PLG	AMD-00033	38.7771530	-9.2204220	38.7772026	-9.2204500	6.03	underground
EDP	SNT-90001	38.7985080	-9.3866740	38.7985299	-9.3866104	6.03	surface
MAK	VNG-00049	41.1387300	-8.6095180	41.1386960	-8.6094620	6.02	underground
EDP	MDR-00004	41.3882500	-6.3490350	41.3882641	-6.3489653	6.02	surface
FCT	LRA-00222	39.7545170	-8.8128630	39.7545590	-8.8128187	6.01	surface
GLP	MFR-00045	38.9452970	-9.3545950	38.9452979	-9.3545255	6.01	surface
GLG	ASL-00002	38.5155260	-8.5867680	38.5154747	-8.5867464	6.01	surface
ATL	ALR-00005	39.1903900	-8.6241900	39.1904343	-8.6241502	6.00	surface
GEN	GMR-00081	41.4418830	-8.2863730	41.4418358	-8.2863381	6.00	surface
GLP	BRG-00039	41.5674100	-8.4004930	41.5674585	-8.4005245	6.00	underground
MOT	TVD-00074	39.0830400	-9.2642210	39.0830214	-9.2642862	6.00	surface
KLS	OER-00204	38.7110750	-9.2994730	38.7110846	-9.2995409	5.99	underground
ATL	LRS-00239	38.7932000	-9.1383130	38.7932429	-9.1383546	5.98	surface
FCT	MTJ-00107	38.7071460	-8.9444610	38.7071075	-8.9444129	5.98	surface
ITV	PLM-00042	38.5679170	-8.8880850	38.5679672	-8.8880604	5.98	surface
FCT	ORM-00034	39.6279450	-8.6812540	39.6279108	-8.6813078	5.97	surface
SEG	PVC-00003	37.7465400	-25.2456700	37.7465023	-25.2457184	5.97	surface
GLP	ABF-00116	37.1017720	-8.2612130	37.1017412	-8.2612681	5.97	surface
HRZ	PCT-90001	40.6779440	-7.6947960	40.6779296	-7.6947279	5.96	surface
REP	PCT-00002	40.6703340	-7.7079720	40.6702826	-7.7079921	5.96	surface
FCT	SXL-00082	38.5981860	-9.1400550	38.5982064	-9.1401184	5.96	surface
TRK	BRR-00057	38.6626500	-9.0795190	38.6625973	-9.0795067	5.96	surface
GLP	VNG-00157	41.0967330	-8.5386910	41.0967680	-8.5387447	5.95	surface
GLP	AJT-00035	37.9236500	-8.2420700	37.9236448	-8.2421375	5.95	surface
HLX	AVR-00044	40.6429300	-8.6024100	40.6429152	-8.6024777	5.94	surface
GLP	EPS-00010	41.5572400	-8.7604160	41.5572260	-8.7603471	5.94	surface
TRK	OLH-00020	37.0289420	-7.8366740	37.0289087	-7.8367263	5.94	surface
EDP	LSB-00631	38.7348900	-9.1510560	38.7348691	-9.1511190	5.94	surface
ATL	TVR-00022	37.1267400	-7.6449400	37.1267667	-7.6448820	5.94	surface
FCT	LSB-01221	38.7591170	-9.1806820	38.7591690	-9.1806975	5.94	surface
FCT	BCL-00040	41.5630380	-8.6004810	41.5630913	-8.6004780	5.93	surface
REP	GMR-00158	41.4707640	-8.3301090	41.4707973	-8.3300534	5.93	surface
KLS	OER-00202	38.7110750	-9.2994730	38.7110621	-9.2995393	5.93	underground
PRI	STB-00032	38.6497760	-8.9970550	38.6498150	-8.9971015	5.93	surface
ATL	TRC-00002	41.0299450	-7.7713190	41.0299116	-7.7713740	5.92	surface
GLP	OVR-00025	40.9723000	-8.6091830	40.9722597	-8.6092291	5.92	surface
HLX	ABF-00087	37.1302150	-8.2835000	37.1302043	-8.2835650	5.88	surface
EVP	FIG-00002	40.1478700	-8.8540440	40.1478177	-8.8540342	5.87	surface
NRG	VRL-00016	41.3142700	-7.7316580	41.3142261	-7.7316190	5.87	surface
HRZ	LRS-90014	38.8463820	-9.1006330	38.8463596	-9.1005717	5.86	surface
GLP	SNT-00198	38.8040200	-9.3556660	38.8039735	-9.3556341	5.86	surface
TRK	STS-00038	41.3481520	-8.4778700	41.3481983	-8.4778365	5.86	surface
GLP	VCT-90010	41.7466400	-8.6887530	41.7466355	-8.6886828	5.85	surface
EDP	VBP-00018	37.0836940	-8.9125580	37.0836732	-8.9126185	5.84	surface
HRZ	VNG-90002	41.1371730	-8.6042950	41.1371212	-8.6043064	5.84	surface
GLP	MDR-00007	41.4966200	-6.2733550	41.4966159	-6.2732852	5.83	surface
HRZ	ARV-90003	38.9833340	-9.0778330	38.9833294	-9.0779002	5.83	surface
GLP	VFR-00036	40.9581200	-8.5807410	40.9580684	-8.5807289	5.83	surface
ATL	BNV-00008	38.9788400	-8.8094800	38.9788427	-8.8095473	5.83	indoor
HRZ	VNG-00094	41.0595860	-8.6456010	41.0596373	-8.6455870	5.82	surface
GLP	OER-00085	38.7018660	-9.2939280	38.7018159	-9.2939088	5.81	surface
MOT	ALM-00120	38.6427200	-9.1931100	38.6427158	-9.1931767	5.81	surface
EDP	ALM-00187	38.6394230	-9.2291040	38.6394647	-9.2290637	5.81	surface
EDP	EVR-00054	38.5642700	-7.9136280	38.5643073	-7.9135813	5.80	surface
GLP	VFR-00031	40.9118600	-8.4949600	40.9118083	-8.4949694	5.80	surface
FCT	MTA-00098	38.6477400	-8.9939320	38.6477234	-8.9939953	5.80	surface
MOO	MOBI-CTB-00004	39.8128780	-7.5194970	39.8128615	-7.5195614	5.80	surface
FCT	OVR-00033	40.9049600	-8.6036390	40.9049602	-8.6035701	5.79	surface
EML	LSB-00263	38.7087500	-9.1310670	38.7087041	-9.1310984	5.79	surface
HLX	BRR-00012	38.6562200	-9.0568600	38.6562609	-9.0569011	5.78	surface
GLP	VNG-00194	41.1286400	-8.6091720	41.1286890	-8.6091950	5.78	underground
FCT	LLE-00231	37.1008530	-8.0021080	37.1008390	-8.0020453	5.77	surface
GLP	LSB-90151	38.7475300	-9.0976470	38.7475465	-9.0975839	5.77	surface
GLP	ALQ-00004	39.0285150	-8.9671550	39.0284984	-8.9670917	5.77	underground
GRN	OER-00238	38.7440900	-9.2671610	38.7440383	-9.2671663	5.77	surface
EDP	LRA-90003	39.7563130	-8.8274190	39.7562684	-8.8274533	5.76	surface
KLS	OHP-00013	40.3610460	-7.8609020	40.3610034	-7.8608633	5.76	surface
MLT	AMD-00047	38.7482030	-9.2293980	38.7482306	-9.2294542	5.76	underground
EDP	CSC-90008	38.6907120	-9.3570000	38.6906776	-9.3570496	5.76	surface
CPS	VCD-00063	41.3412780	-8.7336020	41.3412440	-8.7335500	5.76	surface
EDP	SNT-00225	38.8304820	-9.4037840	38.8305332	-9.4037746	5.75	surface
LCG	LLE-00056	37.0357480	-8.0266680	37.0357119	-8.0267143	5.74	surface
ECI	FNC-00053	32.6605400	-16.9301500	32.6604884	-16.9301502	5.74	surface
GLP	VIS-00079	40.6391370	-7.8511600	40.6391885	-7.8511640	5.74	surface
ATL	LSB-80049	38.7059860	-9.1775890	38.7059686	-9.1775268	5.73	surface
REP	STB-00023	38.5303420	-9.0209500	38.5302935	-9.0209723	5.73	surface
MAK	VNG-00048	41.1387300	-8.6095180	41.1386838	-8.6094878	5.73	underground
EDP	AVT-90001	38.2571680	-7.9920280	38.2571944	-7.9919717	5.73	surface
CME	STB-00103	38.5130160	-8.9117930	38.5129926	-8.9117344	5.72	surface
EDP	BJA-00067	38.0053560	-7.8647620	38.0053731	-7.8647004	5.72	surface
SEG	VFC-00008	37.7199480	-25.4330900	37.7199958	-25.4330659	5.72	surface
EVC	PVL-00005	41.5737530	-8.2649650	41.5737076	-8.2649973	5.72	surface
TRK	SRN-00003	40.8964100	-7.4943980	40.8963922	-7.4944618	5.72	surface
ATL	NZR-00045	39.5954600	-9.0722900	39.5955070	-9.0722630	5.72	surface
HEX	LSB-00823	38.7558900	-9.1742700	38.7558926	-9.1742042	5.71	surface
HRZ	ALM-90012	38.6474950	-9.2407810	38.6475446	-9.2407981	5.71	surface
EDP	CNT-00011	40.3342600	-8.4923400	40.3342513	-8.4922736	5.71	surface
GLP	GRD-90001	40.5358900	-7.2671700	40.5359321	-7.2671313	5.71	surface
EDP	CLD-00030	39.4293300	-9.1578700	39.4292845	-9.1579008	5.71	surface
GLP	VFX-00135	38.8583800	-9.0704210	38.8584259	-9.0703915	5.71	surface
FCT	ALD-00011	40.6050830	-6.9520144	40.6050378	-6.9520464	5.71	surface
MAK	PRT-00207	41.1474570	-8.6089280	41.1475082	-8.6089322	5.70	underground
HLX	GDL-00056	38.3070800	-8.7432850	38.3070370	-8.7433205	5.70	surface
REP	ELV-00006	38.8835300	-7.0492997	38.8835439	-7.0493630	5.69	surface
REP	BRG-00118	41.5371000	-8.4359130	41.5371172	-8.4358486	5.69	surface
GLP	OBR-00022	40.5506300	-8.5444000	40.5506188	-8.5443343	5.69	surface
GLG	PLM-00018	38.5856130	-8.9300350	38.5856064	-8.9299701	5.69	surface
GLP	VRS-00011	37.1931530	-7.4213900	37.1931531	-7.4213258	5.69	surface
GLP	VCD-00057	41.3372200	-8.7334270	41.3371689	-8.7334250	5.68	surface
BLU	ABF-00011	37.0917700	-8.2050870	37.0917408	-8.2050344	5.68	surface
GLP	ARV-00022	38.9797100	-9.0804530	38.9797408	-9.0804006	5.68	surface
EDP	CDN-00011	40.1140200	-8.5138980	40.1140635	-8.5139327	5.67	surface
GLP	VFR-00003	40.9256100	-8.5603200	40.9256597	-8.5603053	5.66	surface
ATL	VCD-00055	41.3001900	-8.7060900	41.3001929	-8.7061576	5.66	surface
EML	LSB-01318	38.7169000	-9.1493140	38.7168493	-9.1493187	5.65	surface
FAC	SVC-00003	32.8201100	-16.9731100	32.8200632	-16.9730865	5.65	surface
GLP	AMD-00110	38.7544440	-9.2177780	38.7543938	-9.2177686	5.64	surface
ATL	RMZ-80002	38.4248850	-7.5340560	38.4248835	-7.5339913	5.64	surface
GLP	CSC-00571	38.7197300	-9.4413900	38.7196982	-9.4414406	5.64	surface
GLP	VNF-00036	41.4151600	-8.5199260	41.4152035	-8.5198913	5.64	surface
FCT	SXL-00090	38.6391220	-9.1504660	38.6391175	-9.1505306	5.63	surface
GLP	VRS-00014	37.1571900	-7.5667460	37.1571662	-7.5668021	5.63	surface
GLP	CSC-00069	38.7066230	-9.4331510	38.7065775	-9.4331226	5.63	surface
HRZ	MNC-00005	42.0748900	-8.4954230	42.0749205	-8.4953686	5.63	surface
FCT	BRG-00169	41.5795300	-8.4305550	41.5795714	-8.4305161	5.63	surface
GLP	CSC-00068	38.7066230	-9.4331510	38.7065917	-9.4331002	5.62	surface
EDP	AVV-00008	41.8511600	-8.4170620	41.8511370	-8.4171222	5.60	surface
LOG	LLE-00215	37.0927200	-8.0395290	37.0927630	-8.0394961	5.60	surface
IOY	MTJ-00125	38.6951800	-8.9470560	38.6952210	-8.9470185	5.60	surface
REP	VGS-00009	40.5090940	-8.6673090	40.5090644	-8.6673626	5.60	surface
GLG	MTS-00047	41.1792700	-8.6892670	41.1792337	-8.6892207	5.60	surface
GLP	OER-00170	38.7007520	-9.2280080	38.7007450	-9.2279442	5.59	surface
HRZ	CSC-00129	38.7107500	-9.3363410	38.7107709	-9.3363996	5.59	surface
FCT	EVR-00055	38.5496670	-7.9081535	38.5497168	-7.9081623	5.59	surface
TRK	BJA-00047	38.0072200	-7.8539660	38.0072176	-7.8539023	5.59	surface
EDP	SNT-00055	38.7770200	-9.3352860	38.7770701	-9.3352900	5.58	surface
ECI	RMZ-00004	38.4241370	-7.5449347	38.4241768	-7.5449737	5.58	surface
HRZ	ETR-90003	40.7543330	-8.5706390	40.7543057	-8.5706945	5.57	surface
MLT	LSB-00351	38.7564430	-9.1552510	38.7563930	-9.1552480	5.57	surface
HRZ	SNT-00090	38.7591250	-9.3867270	38.7591393	-9.3867885	5.56	underground
SEG	VFC-00001	37.7163300	-25.4330000	37.7163776	-25.4329805	5.56	surface
EDP	PLM-00071	38.6259960	-8.9110850	38.6260128	-8.9111453	5.56	surface
FCT	SEI-00014	40.4069700	-7.7090116	40.4070174	-7.7090325	5.56	surface
ATL	BRR-00148	38.6304000	-9.0381100	38.6303938	-9.0380465	5.56	surface
SLV	TMR-00026	39.5996900	-8.3013150	39.5997396	-8.3013070	5.56	surface
HEX	GMR-00065	41.4376560	-8.2922270	41.4376118	-8.2922578	5.55	surface
EDP	ABF-00175	37.0934680	-8.1696320	37.0934460	-8.1696881	5.54	surface
EDP	GRD-00055	40.5417900	-7.2596120	40.5417523	-7.2595691	5.54	surface
GLP	VLG-00038	41.2380200	-8.5326920	41.2379797	-8.5326531	5.54	surface
EDP	BGC-00012	41.8185800	-6.7490810	41.8185470	-6.7490310	5.53	surface
GLP	BBR-00004	39.2679140	-9.1568630	39.2679271	-9.1569250	5.53	surface
EDP	GRD-00049	40.5542030	-7.2425410	40.5542387	-7.2425866	5.53	surface
GLP	ALJ-00003	41.2782900	-7.4760890	41.2782863	-7.4760230	5.53	surface
HLX	GMR-00024	41.4420200	-8.3043100	41.4420240	-8.3043761	5.53	surface
KLS	OER-00194	38.7413060	-9.3020670	38.7413390	-9.3021145	5.52	surface
GLP	VFX-00125	38.9971700	-8.9723110	38.9972007	-8.9722609	5.51	surface
GLP	VCT-90005	41.7049450	-8.8174830	41.7049783	-8.8175321	5.51	surface
GLP	MFR-00043	38.9452970	-9.3545950	38.9453398	-9.3546269	5.50	surface
EDP	CBR-00147	40.2089300	-8.4039920	40.2089429	-8.4040545	5.50	surface
PRI	CRS-00004	40.4248540	-8.0171830	40.4248411	-8.0171203	5.50	surface
IBD	MTS-00196	41.2008630	-8.6950340	41.2008269	-8.6950789	5.50	surface
ATL	MTA-00101	38.6496050	-8.9982310	38.6496156	-8.9981692	5.49	surface
EDP	VNP-00003	40.8567300	-7.7366770	40.8567665	-7.7366330	5.49	surface
TRK	CBC-00017	41.4879380	-7.9616360	41.4879420	-7.9615703	5.49	surface
IBD	STC-00010	37.8042450	-8.7166910	37.8042885	-8.7166615	5.49	surface
EDP	MGL-00005	40.6073840	-7.7632920	40.6074260	-7.7633261	5.49	surface
HRZ	STR-90006	39.2372500	-8.7001400	39.2372776	-8.7001928	5.49	surface
ECI	FNC-00058	32.6502700	-16.9091300	32.6502213	-16.9091392	5.48	surface
EDP	LRA-00079	39.7411460	-8.7963460	39.7411372	-8.7964091	5.48	surface
HEX	GMR-00061	41.4442630	-8.3074420	41.4442730	-8.3073776	5.48	surface
EDP	LSB-01053	38.7503050	-9.2063890	38.7503501	-9.2064144	5.48	surface
FCT	MFR-00040	38.9584160	-9.3474530	38.9583724	-9.3474236	5.47	surface
GLP	LSB-00483	38.6983030	-9.1866390	38.6982538	-9.1866372	5.47	surface
GLP	OER-00072	38.7118400	-9.2976650	38.7118804	-9.2977010	5.47	surface
EDP	EVR-90005	38.5678180	-7.9185440	38.5678637	-7.9185673	5.47	surface
GLP	OER-00073	38.7173900	-9.2381260	38.7174111	-9.2381829	5.47	surface
IOY	ADV-00017	37.5358600	-8.1847420	37.5358405	-8.1846851	5.47	surface
SEG	PDL-00022	37.7412760	-25.6603090	37.7413025	-25.6603613	5.46	underground
LCG	LLE-00073	37.0491560	-8.0633850	37.0491908	-8.0634284	5.46	surface
NRG	MDB-00004	41.3786160	-7.9516410	41.3786593	-7.9516102	5.46	surface
EDP	LLE-00259	37.1290550	-8.1502840	37.1290966	-8.1503166	5.45	surface
FCT	MTS-00179	41.1842900	-8.6817220	41.1843370	-8.6817034	5.45	surface
GLP	SXL-00023	38.6380460	-9.0992370	38.6380946	-9.0992449	5.45	surface
MLT	CLD-00012	39.4050330	-9.1519970	39.4050407	-9.1520596	5.45	surface
HRZ	BCL-00022	41.5640100	-8.6599540	41.5640532	-8.6599232	5.44	surface
IBD	SNT-00233	38.7718400	-9.3468010	38.7718145	-9.3467474	5.44	underground
GLP	PNF-90004	41.2015570	-8.2879170	41.2015844	-8.2879709	5.44	surface
MAK	PRT-00208	41.1474570	-8.6089280	41.1475025	-8.6089042	5.44	underground
GLP	LLE-00202	37.1062620	-8.1298010	37.1062875	-8.1298533	5.44	surface
EDP	LSB-00265	38.7532160	-9.1834140	38.7532559	-9.1834502	5.43	surface
PRI	LGA-00042	37.1363950	-8.4665440	37.1364274	-8.4665899	5.43	surface
REP	LLE-00252	37.1039900	-8.0731280	37.1039729	-8.0730706	5.43	surface
GLP	LLE-00079	37.0762860	-8.1147580	37.0763271	-8.1147250	5.43	surface
HRZ	MAI-00017	41.2502750	-8.6657095	41.2503238	-8.6657104	5.43	surface
HLX	OER-00263	38.7254830	-9.2165670	38.7254908	-9.2165053	5.42	underground
ATL	VIS-00091	40.6565930	-7.9089680	40.6565521	-7.9090030	5.42	surface
PRI	VLC-00006	40.8421820	-8.3956690	40.8422073	-8.3957241	5.42	surface
GLP	VFR-00056	40.9271660	-8.5420300	40.9271735	-8.5419663	5.42	surface
GLP	VFX-00053	38.8677370	-9.0656990	38.8676960	-9.0656653	5.41	surface
EDP	LOU-90002	41.2897800	-8.2104280	41.2898209	-8.2103929	5.41	surface
HLX	VCD-00064	41.3504370	-8.7362400	41.3504758	-8.7362009	5.41	surface
GLP	BBR-00005	39.2700420	-9.1623430	39.2700710	-9.1623933	5.40	surface
EDP	MTS-00165	41.1845740	-8.6214940	41.1845551	-8.6214346	5.40	surface
GEN	GMR-00086	41.4215400	-8.3685110	41.4215129	-8.3684574	5.39	surface
FCT	GDL-00041	38.2164340	-8.5580890	38.2163876	-8.5581067	5.39	surface
LCG	LLE-00133	37.0669750	-8.0993620	37.0669955	-8.0994170	5.39	surface
HLX	MTS-00135	41.2113300	-8.6844850	41.2112858	-8.6845113	5.38	surface
IBD	OAZ-00011	40.8396100	-8.4803060	40.8396556	-8.4802845	5.38	surface
ECI	MLD-00030	40.3992540	-8.4824550	40.3992060	-8.4824470	5.38	surface
HRZ	LMG-00028	41.0889800	-7.7983720	41.0889345	-7.7983937	5.38	surface
CME	STB-00104	38.5130160	-8.9117930	38.5129774	-8.9117558	5.38	surface
HRZ	VFX-90001	38.9557650	-8.9886690	38.9557409	-8.9886152	5.37	surface
ATL	LNH-00013	39.2440000	-9.3087500	39.2439544	-9.3087704	5.37	surface
ATL	SSB-00030	38.5647300	-9.0374100	38.5647077	-9.0373553	5.36	surface
REP	ALQ-00011	39.0394200	-8.9897250	39.0394314	-8.9897853	5.36	surface
ATL	VCT-80009	41.7032430	-8.7119700	41.7031948	-8.7119698	5.36	surface
EDP	PLM-00026	38.5910900	-8.9205560	38.5911097	-8.9206122	5.35	surface
REP	LRA-00183	39.7676930	-8.7750000	39.7676610	-8.7750467	5.35	surface
GLP	ALM-00080	38.6765600	-9.1784780	38.6765121	-9.1784728	5.35	surface
ATL	FAR-00098	37.0268100	-7.9467300	37.0268508	-7.9466982	5.34	underground
EDP	ABF-00179	37.0920140	-8.2366760	37.0920512	-8.2366379	5.34	surface
GLP	PRT-00236	41.1478900	-8.6589240	41.1479130	-8.6589800	5.34	surface
ATL	VNG-00132	41.0630000	-8.5975600	41.0629574	-8.5975308	5.33	surface
HRZ	LSB-00960	38.7651140	-9.1194250	38.7651140	-9.1194865	5.33	surface
SEG	RGR-00015	37.8195650	-25.5206830	37.8195840	-25.5207387	5.33	surface
EDP	LSB-90092	38.7314570	-9.1525420	38.7314414	-9.1524840	5.32	surface
GLP	ACH-00037	38.7512800	-8.9578280	38.7512646	-8.9578861	5.32	surface
LCG	LLE-00226	37.0608100	-8.0290370	37.0608285	-8.0289817	5.32	surface
LCG	LLE-00071	37.0698050	-8.1042120	37.0697699	-8.1041713	5.32	surface
HLX	PVZ-00026	41.3770370	-8.7586440	41.3770702	-8.7585982	5.31	surface
ATL	BRR-00132	38.6545260	-9.0783670	38.6545296	-9.0783060	5.31	surface
GLP	SNT-00200	38.7831950	-9.3365830	38.7832259	-9.3366297	5.31	surface
PRI	CRS-00003	40.4248500	-8.0171530	40.4248386	-8.0170921	5.31	surface
EDP	MCN-00012	41.1254700	-8.2158300	41.1254316	-8.2158676	5.31	surface
MOT	MLG-00008	42.1093180	-8.2610320	42.1092767	-8.2609998	5.31	surface
FCT	ORQ-00006	37.6531520	-8.2334360	37.6531995	-8.2334415	5.30	surface
HRZ	NLS-00005	40.5391400	-7.8555760	40.5391118	-7.8556265	5.30	surface
ACC	LSB-01305	38.7219660	-9.1493250	38.7220072	-9.1493556	5.29	surface
EDP	FAR-00055	37.1306230	-8.5804000	37.1306544	-8.5804449	5.29	surface
HRZ	CSC-00112	38.7355800	-9.3881600	38.7356120	-9.3881148	5.29	surface
GLP	LSB-00496	38.7370700	-9.1623620	38.7370584	-9.1624212	5.29	surface
EDP	VFC-00003	37.7149700	-25.4688420	37.7150176	-25.4688425	5.29	surface
GLP	LLE-00203	37.1072500	-8.1219970	37.1072886	-8.1220319	5.29	surface
ATL	SSB-00029	38.5647300	-9.0374100	38.5647528	-9.0373566	5.29	surface
REP	VGS-00010	40.5073240	-8.6674520	40.5073586	-8.6674091	5.29	surface
TRK	BRR-00049	38.6454100	-9.0574500	38.6453635	-9.0574373	5.29	surface
HRZ	ORM-00043	39.6535220	-8.5902890	39.6534746	-8.5902846	5.28	surface
HRZ	ACH-90006	38.7545550	-8.9640030	38.7545874	-8.9639586	5.27	surface
FCT	CNT-00030	40.3479350	-8.5853080	40.3479771	-8.5853365	5.27	surface
EDP	TVD-90003	39.0854500	-9.2586300	39.0854954	-9.2586126	5.27	surface
HRZ	STR-00068	39.2599370	-8.7028480	39.2599824	-8.7028649	5.25	surface
EDP	LRS-00058	38.8595470	-9.1613880	38.8595812	-9.1614298	5.25	surface
REP	PFR-00010	41.2670900	-8.3765520	41.2671055	-8.3764927	5.25	surface
FCT	PBL-00023	39.8879240	-8.7584600	39.8879526	-8.7585089	5.25	surface
FCT	TRF-00020	41.3396340	-8.5458850	41.3396758	-8.5458560	5.24	surface
HLX	BRR-00014	38.6562200	-9.0568600	38.6561741	-9.0568737	5.24	surface
HRZ	FIG-00068	40.1653980	-8.8528770	40.1654401	-8.8529046	5.24	surface
HRZ	AND-00003	40.4428250	-8.4343770	40.4428309	-8.4344383	5.23	surface
GLP	VFX-00060	38.9025570	-9.0398360	38.9025204	-9.0397981	5.23	surface
TRK	BRR-00066	38.6549720	-9.0604750	38.6549628	-9.0605340	5.22	surface
FCT	TVD-00046	39.0919000	-9.3390110	39.0919067	-9.3390709	5.22	surface
EDP	GDL-00021	38.4652330	-8.8760550	38.4652790	-8.8760431	5.22	surface
PRI	AMT-00037	41.2625700	-8.0626130	41.2625231	-8.0626150	5.22	surface
MLT	PDL-00003	37.7457000	-25.6749300	37.7457133	-25.6748731	5.22	surface
IBD	GRD-00033	40.5520300	-7.2468540	40.5519832	-7.2468500	5.21	underground
GLP	MBR-00007	40.9729600	-7.6116740	40.9729139	-7.6116626	5.21	surface
GLP	VNF-00038	41.4151600	-8.5199260	41.4151135	-8.5199340	5.21	surface
HRZ	AGD-00007	40.5778300	-8.4464530	40.5778264	-8.4463915	5.21	surface
GLP	OBR-00015	40.4981200	-8.5620420	40.4980741	-8.5620299	5.21	surface
GLP	LSB-80078	38.7723660	-9.1605780	38.7723440	-9.1605250	5.21	surface
GLP	FAF-00008	41.4520650	-8.1775340	41.4521062	-8.1775045	5.20	surface
GLP	BRG-90003	41.5494100	-8.4344840	41.5493755	-8.4345261	5.20	surface
FCT	BJA-00059	38.0104500	-7.8643303	38.0104040	-7.8643200	5.19	surface
GLG	TVD-00007	39.1562840	-9.2266060	39.1562674	-9.2266623	5.19	surface
HRZ	CSC-00410	38.7289160	-9.3354250	38.7288996	-9.3354810	5.19	surface
EDP	VIS-00108	40.6584900	-7.9161460	40.6585082	-7.9162026	5.19	surface
EDP	ACH-00038	38.7545200	-8.9602560	38.7545619	-8.9602822	5.18	surface
EDP	OAZ-00009	40.8276250	-8.4830550	40.8276697	-8.4830376	5.18	surface
PRI	OBD-00020	39.3882060	-9.1490555	39.3881801	-9.1490054	5.18	surface
EDP	PLM-00056	38.6304800	-8.9140480	38.6304978	-8.9141030	5.17	surface
REP	BRG-00119	41.5371360	-8.4358740	41.5371660	-8.4358266	5.17	surface
REP	STR-00025	39.2431100	-8.6965850	39.2431310	-8.6966385	5.17	surface
GLP	VFR-00040	40.9842340	-8.5987320	40.9842171	-8.5987893	5.16	surface
EDP	ALM-00097	38.5837330	-9.1701340	38.5837683	-9.1701726	5.16	surface
TRK	LSB-00812	38.7719540	-9.1771730	38.7719235	-9.1771281	5.16	surface
EDP	CMR-00003	39.0204160	-7.0665260	39.0203819	-7.0664855	5.16	surface
MLT	MFR-00001	38.9702840	-9.4196680	38.9702817	-9.4197276	5.16	surface
LCG	LLE-00132	37.1408800	-8.0203960	37.1409023	-8.0204470	5.16	surface
EDP	LLE-00261	37.0690300	-8.0845600	37.0689839	-8.0845539	5.15	surface
HRZ	MTS-00049	41.2164080	-8.6842840	41.2163619	-8.6842782	5.15	surface
EDP	VNP-00006	40.8521000	-7.7332660	40.8521111	-7.7332066	5.15	surface
GLP	CBR-00126	40.2273030	-8.4387000	40.2272667	-8.4387376	5.15	surface
EDP	PLM-00069	38.5545960	-8.9731230	38.5546212	-8.9731726	5.14	surface
EDP	GRD-00047	40.5112400	-7.3834110	40.5112461	-7.3833507	5.14	surface
GLP	VFX-00095	38.9761730	-8.9787820	38.9761291	-8.9788007	5.14	surface
REP	LLE-00147	37.0679100	-8.0395590	37.0678684	-8.0395843	5.14	surface
GLP	PRT-00312	41.1800840	-8.5814650	41.1800962	-8.5815242	5.14	surface
EDP	LSB-90140	38.7535860	-9.1137940	38.7535868	-9.1137348	5.13	surface
TRK	FIG-00061	40.1633830	-8.8687490	40.1634286	-8.8687584	5.13	surface
EDP	NZR-00047	39.6099620	-9.0601470	39.6100055	-9.0601270	5.13	surface
GLP	STB-00113	38.5127200	-8.8601980	38.5126783	-8.8601728	5.13	surface
GRN	OER-00154	38.7258200	-9.2419950	38.7258633	-9.2420152	5.12	surface
MOT	PRD-00025	41.1941700	-8.4071790	41.1941295	-8.4071498	5.12	surface
EDP	CNT-00008	40.3342600	-8.4923400	40.3342922	-8.4922968	5.12	surface
GLP	PBL-00022	40.0123440	-8.5999700	40.0123023	-8.5999955	5.12	surface
ATL	BGC-00017	41.7933700	-6.7215000	41.7933595	-6.7215601	5.12	surface
GLP	ALM-00031	38.6659740	-9.1973800	38.6659510	-9.1974310	5.11	surface
EDP	ALT-00004	39.2222700	-7.6868750	39.2222840	-7.6868185	5.11	surface
GLP	AMR-90001	41.6274530	-8.3647700	41.6274167	-8.3647323	5.11	surface
GLG	MCN-00010	41.1817700	-8.1520000	41.1817771	-8.1519397	5.11	surface
EDP	GDL-00019	38.4664960	-8.8773870	38.4665196	-8.8773367	5.11	surface
FCT	MRS-00006	40.7501700	-8.6462960	40.7502004	-8.6462506	5.10	surface
EDP	NZR-00030	39.5963480	-9.0679350	39.5963418	-9.0679940	5.10	surface
GLP	TBR-00006	41.7530630	-8.2030950	41.7530180	-8.2030830	5.10	surface
REP	LRS-00094	38.8832600	-9.1971590	38.8832850	-9.1971096	5.10	surface
GLP	OER-00171	38.6851270	-9.3136080	38.6850904	-9.3136434	5.10	surface
GLP	VFX-00043	38.9589580	-8.9869590	38.9589924	-8.9869980	5.10	surface
GLP	LSB-00320	38.7039450	-9.1740950	38.7039364	-9.1740373	5.10	underground
HLX	PNF-00047	41.2155270	-8.2846500	41.2155724	-8.2846583	5.10	surface
REP	MLD-00046	40.3641600	-8.4542000	40.3641542	-8.4542596	5.09	surface
SFF	FAF-00004	41.4446600	-8.1681250	41.4446144	-8.1681303	5.09	surface
ATL	BRG-80005	41.5464020	-8.4195500	41.5463584	-8.4195315	5.09	surface
GLG	LLE-00003	37.1373440	-8.1104680	37.1372983	-8.1104655	5.09	surface
GLP	VIS-00063	40.6310100	-7.9073430	40.6309643	-7.9073406	5.09	surface
GLP	MGR-00032	39.7210460	-8.9306030	39.7210338	-8.9306603	5.09	surface
GLP	LSB-80073	38.7274000	-9.1633170	38.7274130	-9.1632608	5.08	surface
REP	VNF-00057	41.4206900	-8.5164400	41.4206459	-8.5164561	5.08	surface
LOG	CSC-00177	38.7096600	-9.3356000	38.7096744	-9.3355444	5.08	surface
EDP	MLD-00035	40.3759100	-8.4508840	40.3759032	-8.4509433	5.08	surface
FCT	ODV-00039	38.7931800	-9.1684110	38.7932247	-9.1684230	5.08	surface
FCT	SXL-00092	38.6391220	-9.1504660	38.6391553	-9.1504262	5.07	surface
GLP	LSB-00489	38.7235100	-9.1567240	38.7235234	-9.1566682	5.06	underground
EDP	PNF-00012	41.2324700	-8.1789800	41.2324823	-8.1790383	5.06	surface
EDP	VLF-00006	41.0832820	-7.1370820	41.0833122	-7.1370368	5.06	surface
HRZ	SCD-90001	40.3974570	-8.1321900	40.3974466	-8.1321318	5.06	surface
GLP	VFX-00128	38.9281300	-9.0107150	38.9281493	-9.0107680	5.06	surface
HEX	CSC-00132	38.7128100	-9.3481900	38.7128095	-9.3482483	5.06	surface
MOT	TVD-00075	39.0854070	-9.2585990	39.0854513	-9.2586123	5.06	surface
ECI	STR-00075	39.2355600	-8.7000000	39.2355789	-8.6999466	5.06	surface
EDP	VRL-00046	41.3040960	-7.7450120	41.3040531	-7.7450317	5.05	surface
EDP	ABF-00182	37.0920140	-8.2366760	37.0919796	-8.2367130	5.04	surface
LCG	LLE-00021	37.0694120	-8.1076860	37.0694013	-8.1077412	5.04	surface
EZC	AMD-00051	38.7879100	-9.2267670	38.7879471	-9.2268004	5.04	surface
FAC	FNC-00066	32.6475070	-16.9159600	32.6474618	-16.9159627	5.03	underground
TRK	LSA-00003	40.0937460	-8.1964570	40.0937823	-8.1964217	5.03	surface
HRZ	FZZ-00004	39.6735270	-8.2320040	39.6735476	-8.2320563	5.03	surface
EDP	GRD-00057	40.5547870	-7.2478740	40.5547959	-7.2479323	5.02	surface
TRK	BJA-00045	38.0069300	-7.8576270	38.0068920	-7.8575962	5.01	surface
MOT	ALM-00070	38.6598740	-9.1754240	38.6598806	-9.1754811	5.01	underground
GLP	STB-00123	38.5317230	-8.8861240	38.5317136	-8.8860677	5.01	surface
EDP	MRV-00002	39.3818130	-7.3834750	39.3817954	-7.3834214	5.01	surface
TRK	SJM-00032	40.8925360	-8.4964540	40.8925796	-8.4964688	5.01	surface
FCT	CNT-00027	40.3586600	-8.5264230	40.3586163	-8.5264368	5.00	surface
GLP	LSB-00790	38.7683640	-9.1465840	38.7683801	-9.1466378	5.00	surface
TRK	OLH-00013	37.0318000	-7.8465600	37.0317562	-7.8465479	4.99	surface
CME	LRA-00162	39.7541050	-8.8550090	39.7541089	-8.8549509	4.99	surface
REP	SCR-00020	32.6708150	-16.8039300	32.6707989	-16.8038803	4.98	surface
ATL	VNC-00007	41.9231900	-8.7536000	41.9232348	-8.7535989	4.98	surface
EDP	GDL-00022	38.4652330	-8.8760550	38.4652533	-8.8760040	4.98	surface
GLP	VBP-00014	37.0218430	-8.9251810	37.0218168	-8.9252265	4.98	surface
TRK	BRR-00035	38.6523100	-9.0666010	38.6522660	-9.0665903	4.98	surface
GLP	VVD-00019	41.6899150	-8.5050780	41.6899220	-8.5051370	4.96	surface
PRI	PSR-00017	39.2462960	-8.0067400	39.2463192	-8.0067892	4.96	surface
HRZ	CHV-00008	41.7321930	-7.4680996	41.7321511	-7.4681200	4.96	surface
GLP	VFR-00018	40.9683300	-8.5008210	40.9683416	-8.5007640	4.96	surface
TRK	MTA-00059	38.6528240	-8.9886510	38.6528648	-8.9886738	4.95	surface
GLP	BGC-00022	41.7957100	-6.7670520	41.7957353	-6.7671011	4.95	surface
GLP	TVD-00029	39.1961060	-9.2382330	39.1961299	-9.2381847	4.94	surface
GLP	LRA-00186	39.7440830	-8.8184950	39.7441232	-8.8184705	4.94	surface
GLP	PTG-90001	39.2959700	-7.4297910	39.2959538	-7.4298444	4.94	surface
TRK	OLH-00030	37.0822330	-7.7874910	37.0822329	-7.7875466	4.93	surface
EDP	MLG-00004	42.0975230	-8.3099730	42.0975300	-8.3100320	4.93	surface
IBD	STB-00024	38.5394400	-8.8677730	38.5393990	-8.8677515	4.93	surface
EDP	CSC-90005	38.7011000	-9.3865720	38.7010598	-9.3865958	4.92	surface
HRZ	LSB-00491	38.7858920	-9.1198130	38.7858751	-9.1197605	4.92	surface
GLP	ASL-00032	38.5155800	-8.5848300	38.5155910	-8.5848848	4.92	surface
CSC	CSC-00105	38.6943780	-9.4233360	38.6943348	-9.4233237	4.92	surface
GLP	OBR-00021	40.5514000	-8.5445790	40.5513935	-8.5446366	4.92	surface
ATL	AJT-00011	37.8845000	-8.1517800	37.8845323	-8.1517417	4.92	surface
SEG	SCF-00002	39.4544700	-31.1300700	39.4544297	-31.1300464	4.92	surface
REM	MAI-00099	41.2465170	-8.6211120	41.2465225	-8.6211703	4.91	surface
EDP	LSB-90118	38.7524640	-9.1376900	38.7524379	-9.1376443	4.91	surface
FAC	PMZ-00004	32.8654100	-17.1713620	32.8654517	-17.1713793	4.91	surface
EDP	VFR-00095	41.0053000	-8.4667320	41.0052646	-8.4667669	4.91	surface
ATL	LSB-80091	38.7095300	-9.1532970	38.7095679	-9.1533259	4.90	surface
HRZ	LSB-00680	38.7421500	-9.1460980	38.7421060	-9.1460945	4.90	underground
TRK	CSC-00339	38.7024500	-9.4220800	38.7024911	-9.4221004	4.90	surface
EDP	LRA-00094	39.7459220	-8.8028070	39.7458798	-8.8028233	4.89	underground
TRK	MTA-00073	38.6651400	-9.0481210	38.6650960	-9.0481210	4.89	surface
MOT	VFX-00089	38.8774530	-9.0825890	38.8774781	-9.0826353	4.88	surface
FCT	SNT-00159	38.7858160	-9.3403580	38.7857722	-9.3403620	4.88	surface
EDP	CDN-90001	40.1102680	-8.4950060	40.1102640	-8.4949489	4.88	surface
GLP	CMN-00024	41.7962880	-8.8607770	41.7962526	-8.8607423	4.88	surface
PRI	ODV-00037	38.7961730	-9.1693160	38.7962138	-9.1692955	4.87	surface
GLP	LSB-00511	38.7739200	-9.0922710	38.7739628	-9.0922828	4.87	surface
TRK	CSC-00205	38.6808780	-9.3254910	38.6808682	-9.3254364	4.86	surface
EDP	ALM-00174	38.6700940	-9.1580950	38.6700626	-9.1580561	4.86	surface
FCT	LSB-01025	38.7577170	-9.1000000	38.7577167	-9.0999440	4.86	surface
HLX	FIG-00031	40.1590920	-8.8648470	40.1591179	-8.8648011	4.85	surface
EDP	FIG-00029	40.1758040	-8.8941990	40.1757826	-8.8942487	4.85	surface
ALF	AND-00024	40.4389800	-8.4370960	40.4390205	-8.4370749	4.84	surface
HEX	GMR-00058	41.4298700	-8.3219330	41.4298368	-8.3218954	4.84	surface
GLP	LRS-90002	38.8566800	-9.1400500	38.8566865	-9.1399947	4.84	surface
HRZ	AND-00005	40.4093630	-8.4554210	40.4093380	-8.4553742	4.84	surface
HRZ	GMR-90005	41.4386100	-8.2952780	41.4386003	-8.2953346	4.84	surface
MOT	ALM-00146	38.6549000	-9.1586700	38.6548573	-9.1586807	4.84	surface
HRZ	ALM-00013	38.6314500	-9.1770340	38.6314524	-9.1769785	4.83	surface
GLP	STB-00098	38.5392040	-8.8906250	38.5392429	-8.8906005	4.82	surface
FCT	SXL-00080	38.5981860	-9.1400550	38.5981462	-9.1400332	4.81	surface
HRZ	LSB-00950	38.7330740	-9.1477750	38.7330817	-9.1477204	4.81	surface
GLP	LSB-00640	38.7670900	-9.1011450	38.7670535	-9.1011748	4.81	surface
EDP	MBR-00002	40.9658740	-7.5991770	40.9658596	-7.5992310	4.81	surface
EDP	VGS-90001	40.5628900	-8.7674440	40.5629283	-8.7674704	4.81	surface
GLP	PRT-00093	41.1537550	-8.6086990	41.1537573	-8.6086417	4.80	underground
GLP	ACB-00028	39.5488100	-8.9758960	39.5487884	-8.9759445	4.80	surface
TRK	CSC-00378	38.7066270	-9.3852670	38.7066432	-9.3853183	4.80	surface
HLX	LLE-00258	37.0751460	-8.1142910	37.0751029	-8.1142913	4.79	surface
EDP	EVR-00053	38.5643100	-7.9135920	38.5642701	-7.9136128	4.79	surface
FCT	LRA-00133	39.7146030	-8.8318400	39.7145747	-8.8318822	4.79	surface
TRK	MTA-00097	38.6553400	-8.9894540	38.6553536	-8.9895063	4.79	surface
HLX	OER-00270	38.7046000	-9.3047600	38.7045760	-9.3047144	4.77	surface
EDP	AVV-00009	41.8511350	-8.4247550	41.8511319	-8.4248124	4.77	surface
TRK	MTJ-00062	38.7029100	-8.9508780	38.7029272	-8.9508277	4.77	surface
GLP	MGR-00033	39.7210460	-8.9306030	39.7210583	-8.9305497	4.76	surface
GLP	OVR-00055	40.8545880	-8.6093010	40.8545718	-8.6092487	4.75	surface
GLP	VIS-00062	40.6310100	-7.9073430	40.6309673	-7.9073408	4.75	surface
FCT	NZR-00051	39.6199260	-8.9908420	39.6199671	-8.9908269	4.75	surface
EDP	CCH-90001	38.9592200	-8.5208710	38.9591916	-8.5209120	4.75	surface
GLP	VNC-90001	41.9391560	-8.7471330	41.9391230	-8.7471694	4.75	surface
REP	OAZ-00021	40.8528800	-8.4787400	40.8529206	-8.4787574	4.75	surface
GLP	LNH-00040	39.2435650	-9.3103720	39.2435276	-9.3103455	4.74	surface
TRK	OLH-00050	37.0243000	-7.8368200	37.0243426	-7.8368173	4.74	surface
GLP	ABF-00118	37.1017720	-8.2612130	37.1017938	-8.2611671	4.74	surface
TRK	BRR-00081	38.6659740	-9.0507310	38.6659542	-9.0507793	4.74	surface
GLP	MFR-90002	38.9618150	-9.4186730	38.9617788	-9.4187018	4.73	surface
EDP	PRT-00079	41.1676940	-8.6268890	41.1677362	-8.6268817	4.73	surface
PRI	CBR-00014	40.2145160	-8.4340100	40.2145545	-8.4339863	4.73	underground
EDP	VCD-00082	41.2919270	-8.6379350	41.2919371	-8.6378800	4.73	surface
FCT	MTS-00175	41.1861720	-8.6242660	41.1861545	-8.6242145	4.73	surface
TRK	MTJ-00083	38.7065160	-8.9625750	38.7064735	-8.9625738	4.73	surface
HLX	SPS-00018	40.7571900	-8.0696800	40.7572315	-8.0696921	4.73	surface
HRZ	PMS-00017	39.6018500	-8.8570110	39.6018129	-8.8569841	4.73	surface
GLP	BCL-00035	41.5385060	-8.6213780	41.5384636	-8.6213807	4.72	surface
ENB	FIG-00042	40.1216300	-8.8522300	40.1216717	-8.8522198	4.72	surface
EDP	TMR-00038	39.6028140	-8.3977150	39.6028171	-8.3976601	4.72	surface
HLX	CTB-00013	39.8156430	-7.5201810	39.8156057	-7.5201549	4.71	underground
SEG	AGH-00013	38.6577300	-27.2144130	38.6577698	-27.2143946	4.71	surface
EDP	VVC-00004	38.7870100	-7.4264960	38.7869776	-7.4265309	4.70	surface
ATL	AMT-00042	41.2871700	-8.0954800	41.2871287	-8.0954921	4.70	surface
FCT	GDL-00043	38.2164340	-8.5580890	38.2164753	-8.5580775	4.70	surface
EDP	FAR-00056	37.1306230	-8.5804000	37.1306643	-8.5803891	4.69	surface
MOT	FLG-00028	41.3138240	-8.1641870	41.3137898	-8.1641541	4.69	surface
GLP	LRS-90030	38.7813500	-9.1092670	38.7813160	-9.1092350	4.69	surface
HRZ	FND-00007	40.1522830	-7.4979835	40.1522409	-7.4979806	4.69	surface
ATL	VIZ-00010	41.3687800	-8.3048600	41.3687383	-8.3048519	4.69	surface
EDP	SNT-90021	38.7500840	-9.2572670	38.7501256	-9.2572750	4.68	surface
IOY	CTB-00037	39.8877600	-7.4881160	39.8877592	-7.4881708	4.68	surface
EDP	VCT-00031	41.6943500	-8.8313300	41.6943415	-8.8313851	4.67	surface
FCT	PBL-00024	39.9255640	-8.6281880	39.9255863	-8.6281416	4.67	surface
GLP	VFX-00100	38.8562200	-9.0783900	38.8562586	-9.0784111	4.66	surface
PRI	CBR-00080	40.1923260	-8.5087600	40.1923634	-8.5087848	4.66	surface
GLP	PNL-90001	40.0278050	-8.3926670	40.0277675	-8.3926427	4.65	surface
FCT	OVR-00035	40.9049600	-8.6036390	40.9049312	-8.6036790	4.64	surface
HLX	CTB-00012	39.8156430	-7.5201810	39.8156842	-7.5201725	4.64	underground
ATL	ALQ-80001	39.0508880	-9.0037780	39.0508884	-9.0038317	4.64	surface
EDP	LSB-01331	38.7496830	-9.1044290	38.7496427	-9.1044153	4.64	surface
TRK	CSC-00499	38.7044200	-9.4282220	38.7044378	-9.4281737	4.64	surface
GLP	SBA-80001	37.1546000	-7.8893900	37.1545694	-7.8894255	4.63	surface
DTE	AGD-00023	40.5747830	-8.4432880	40.5748051	-8.4433345	4.63	surface
EDP	PSR-00019	39.2525670	-8.0171490	39.2525627	-8.0172025	4.63	surface
EDP	PRT-00177	41.1544900	-8.6497600	41.1545316	-8.6497627	4.63	underground
HRZ	VIZ-90001	41.3778650	-8.3100840	41.3778622	-8.3100287	4.62	surface
GLP	MMN-00015	38.6179500	-8.0787300	38.6179085	-8.0787329	4.62	surface
EDP	MTS-00166	41.1845740	-8.6214940	41.1845329	-8.6214858	4.62	surface
EDP	MFR-00052	38.9662360	-9.4166750	38.9662656	-9.4166375	4.62	surface
HRZ	PRT-00360	41.1745570	-8.6100110	41.1745273	-8.6100496	4.62	surface
LCG	LLE-00196	37.0608100	-8.0290370	37.0607840	-8.0289964	4.62	surface
EDP	SNT-00076	38.7749700	-9.2825130	38.7750095	-9.2825294	4.62	surface
GLP	VLG-00046	41.2330800	-8.5396530	41.2330576	-8.5396066	4.61	surface
ATL	VNG-00134	41.1276740	-8.5807730	41.1276570	-8.5808232	4.61	surface
HRZ	EVR-00081	38.5590930	-7.9184713	38.5591246	-7.9184371	4.60	surface
FCT	FNC-00044	32.6551630	-16.9145950	32.6551288	-16.9145673	4.60	surface
GLP	STB-00115	38.5501750	-8.8113590	38.5501414	-8.8113281	4.60	surface
MLT	PRT-00136	41.1526220	-8.6541630	41.1526384	-8.6541126	4.60	surface
EDP	VIS-90035	40.6643300	-7.9130570	40.6643665	-7.9130823	4.59	surface
GLP	MTJ-00131	38.7258500	-8.6704800	38.7258735	-8.6704366	4.58	surface
GLP	ALM-90010	38.6672860	-9.1607910	38.6672496	-9.1607663	4.58	surface
GLP	VFX-00149	38.9651900	-8.9831870	38.9651548	-8.9832145	4.58	surface
REP	MMN-00007	38.6502650	-8.2193960	38.6503000	-8.2193683	4.58	surface
GLP	LSB-90102	38.7126160	-9.1476140	38.7126185	-9.1475614	4.57	surface
HLX	CBR-00111	40.1977100	-8.4330100	40.1977079	-8.4330637	4.57	surface
HLX	LLE-00239	37.0748700	-8.1162310	37.0748677	-8.1162823	4.56	surface
HLX	VNF-00051	41.3912930	-8.3899750	41.3912528	-8.3899857	4.56	surface
MOT	VFX-00085	38.8930100	-9.0400500	38.8929697	-9.0400404	4.56	surface
HRZ	CRS-90001	40.4330600	-8.0018690	40.4330401	-8.0019160	4.55	surface
EDP	ETR-00031	40.7554470	-8.5353700	40.7554087	-8.5353889	4.55	surface
EDP	CBR-00105	40.1974600	-8.4612220	40.1974827	-8.4611775	4.54	surface
TRK	CSC-00341	38.7024200	-9.4221000	38.7024098	-9.4221507	4.54	surface
TRK	MTA-00057	38.6545330	-8.9884530	38.6545173	-8.9884047	4.54	surface
LUZ	LLE-00266	37.0927540	-8.0394860	37.0927136	-8.0394934	4.54	surface
GLP	ALR-00011	39.1941760	-8.6188080	39.1941443	-8.6188412	4.54	surface
ATL	LNH-00011	39.2442860	-9.3134840	39.2442757	-9.3135350	4.54	surface
PLG	LGA-00014	37.1417300	-8.5049650	37.1416997	-8.5049307	4.54	surface
TRK	OLH-00017	37.0401300	-7.8498500	37.0400908	-7.8498641	4.53	surface
LOG	LSB-00475	38.7241300	-9.1523500	38.7241154	-9.1523012	4.53	underground
TRK	OLH-00027	37.0375560	-7.8346350	37.0375448	-7.8346841	4.53	surface
GLP	ALB-00022	40.6894070	-8.4788100	40.6894396	-8.4788422	4.53	surface
FCT	SXL-00076	38.5971300	-9.1055380	38.5971690	-9.1055233	4.52	surface
DTE	VVC-00012	38.7764930	-7.4197510	38.7765308	-7.4197701	4.52	surface
GLP	OER-00128	38.7121620	-9.3109790	38.7121672	-9.3109274	4.51	surface
TRK	SJM-00024	40.8995820	-8.4960560	40.8995450	-8.4960339	4.51	surface
PRI	SNT-00072	38.7867600	-9.2962290	38.7867878	-9.2962669	4.51	surface
EDP	VIS-00010	40.6372220	-7.9266590	40.6372625	-7.9266614	4.51	surface
HRZ	CBR-90008	40.1974260	-8.4620000	40.1973991	-8.4620397	4.51	surface
HEX	GMR-00068	41.4801700	-8.3455150	41.4802052	-8.3455418	4.51	surface
TRK	CSC-00203	38.6921270	-9.3409970	38.6921650	-9.3410150	4.50	surface
HRZ	FAR-00044	37.0170800	-7.9288570	37.0170395	-7.9288568	4.50	surface
TRK	MTJ-00057	38.7139300	-8.9543570	38.7138923	-8.9543382	4.50	surface
EDP	CSC-00101	38.7142500	-9.4461290	38.7142155	-9.4461559	4.49	surface
HRZ	BCL-00020	41.5237920	-8.6259390	41.5238254	-8.6259087	4.49	surface
TRK	CSC-00320	38.7200600	-9.4628330	38.7200392	-9.4628773	4.49	surface
EML	LSB-00625	38.7161670	-9.1286950	38.7161329	-9.1286674	4.48	surface
FCT	BRR-00151	38.6401630	-9.0475730	38.6401764	-9.0475243	4.48	surface
SDB	BRG-00081	41.5360220	-8.4303230	41.5360191	-8.4302693	4.48	surface
TRK	MTJ-00111	38.7126000	-8.9566500	38.7126403	-8.9566500	4.48	surface
HRZ	ACN-90001	39.4569800	-8.6683420	39.4569873	-8.6682907	4.48	surface
GLP	PNV-00009	39.7505720	-7.9265650	39.7505399	-7.9265966	4.48	surface
REP	STR-00042	39.2211900	-8.6986000	39.2211786	-8.6986498	4.47	surface
EDP	LRS-00056	38.8587200	-9.1610400	38.8586905	-9.1610049	4.47	surface
EDP	LGS-00042	37.1068700	-8.6872380	37.1068306	-8.6872281	4.47	surface
MOT	ALM-00147	38.6427200	-9.1931100	38.6427514	-9.1931420	4.46	surface
GLP	SXL-00071	38.5977100	-9.1409780	38.5976708	-9.1409888	4.46	surface
MOT	LSB-00416	38.7483000	-9.1659600	38.7483332	-9.1659312	4.46	surface
ATL	EVR-00038	38.5736900	-7.8995900	38.5736565	-7.8995619	4.45	surface
EDP	LSB-00791	38.7114640	-9.1392650	38.7114885	-9.1392244	4.45	underground
GLP	OVR-00024	40.9723000	-8.6091830	40.9723194	-8.6091366	4.45	surface
EDP	FIG-00030	40.1758040	-8.8941990	40.1757640	-8.8941966	4.45	surface
GLP	OER-00282	38.7158130	-9.2402590	38.7157924	-9.2403030	4.45	surface
EDP	LRA-00081	39.7411460	-8.7963460	39.7411544	-8.7962951	4.45	surface
ATL	LLE-00171	37.0823170	-8.1200970	37.0822975	-8.1201408	4.45	surface
EDP	LSB-01143	38.7690600	-9.1669490	38.7690999	-9.1669520	4.44	surface
GLP	VNG-00195	41.1267660	-8.6005570	41.1267648	-8.6005040	4.44	surface
SEG	PDL-00007	37.7514900	-25.6777650	37.7515276	-25.6777820	4.44	surface
MOO	LRS-00152	38.8383100	-9.1654200	38.8382703	-9.1654254	4.44	surface
ATL	IDN-00008	40.0151750	-7.3211500	40.0151826	-7.3212011	4.43	surface
GLP	MTS-00038	41.2203100	-8.6879360	41.2202713	-8.6879486	4.43	surface
GLP	PRD-00040	41.2052000	-8.3309620	41.2051800	-8.3309162	4.43	surface
HRZ	ANS-90001	39.9106450	-8.4368720	39.9106113	-8.4368997	4.43	surface
GLP	OER-00131	38.7132200	-9.3106330	38.7132525	-9.3106035	4.43	surface
CAP	PRT-00063	41.1593400	-8.6389600	41.1593367	-8.6389073	4.43	surface
GLP	OVR-00053	40.8574450	-8.6300640	40.8574390	-8.6301160	4.42	surface
GLP	STB-90012	38.5400240	-8.8687140	38.5399885	-8.8687369	4.42	surface
TRK	VNT-00005	38.3896870	-8.1492750	38.3896787	-8.1493246	4.42	surface
HRZ	LRA-90002	39.7636070	-8.8066190	39.7636449	-8.8066034	4.42	surface
TRK	SSL-00002	38.9530640	-7.6743800	38.9530266	-7.6743973	4.42	surface
GLP	PVZ-00029	41.3792900	-8.7588640	41.3792569	-8.7588347	4.42	surface
GLP	BRG-00159	41.5596660	-8.4006820	41.5596507	-8.4007310	4.42	surface
EDP	ABF-00142	37.0767140	-8.2825610	37.0766744	-8.2825650	4.42	surface
MOO	AMT-00008	41.2731000	-8.0915800	41.2730966	-8.0916326	4.41	surface
SEG	AGH-00004	38.6551600	-27.2206400	38.6551685	-27.2205904	4.41	surface
ATL	STS-00023	41.3662100	-8.4057600	41.3662390	-8.4057960	4.41	surface
ENB	FIG-00037	40.1216700	-8.8522600	40.1217087	-8.8522489	4.41	surface
EML	LSB-00948	38.7763200	-9.1594360	38.7763582	-9.1594226	4.40	surface
FCT	MTJ-00108	38.7071460	-8.9444610	38.7071075	-8.9444727	4.40	surface
HLX	LGS-00045	37.1137540	-8.6595955	37.1137807	-8.6596321	4.40	surface
GLP	VFX-00099	38.9951670	-8.9739710	38.9951295	-8.9739549	4.40	surface
MOT	PFR-00015	41.2854460	-8.3600060	41.2854065	-8.3600050	4.39	surface
GLP	OER-00074	38.6968200	-9.2933880	38.6967840	-9.2933672	4.39	surface
GLP	ACB-00030	39.6680680	-8.9998280	39.6680683	-8.9998793	4.39	surface
GLP	VFR-00065	40.9124900	-8.4922510	40.9124652	-8.4922916	4.39	surface
TRK	MTA-00030	38.6559220	-9.0195810	38.6559597	-9.0195958	4.38	surface
REM	VNB-00006	39.4615440	-8.4520000	39.4615046	-8.4520000	4.38	surface
TRK	CSC-00319	38.7022360	-9.3542710	38.7022449	-9.3543201	4.37	surface
GLP	PRD-00039	41.2052000	-8.3309620	41.2051760	-8.3309206	4.37	surface
ATL	CSC-00511	38.7004400	-9.4179530	38.7004414	-9.4179027	4.37	surface
HEX	LSB-00824	38.7734700	-9.1605700	38.7734314	-9.1605611	4.36	surface
ATL	LSB-80001	38.6948500	-9.2151030	38.6948425	-9.2150537	4.36	surface
EDP	LSB-01116	38.7501800	-9.2063310	38.7502150	-9.2063535	4.35	surface
FCT	NZR-00048	39.6206970	-8.9914665	39.6206581	-8.9914721	4.35	surface
ATL	LSB-01084	38.7069170	-9.1715780	38.7069508	-9.1716032	4.35	surface
GLP	MGR-00010	39.8683970	-8.9170670	39.8684337	-8.9170495	4.35	surface
CME	LRA-00165	39.8520000	-8.8676010	39.8520285	-8.8676358	4.34	surface
TRK	CMN-00010	41.8712800	-8.8344800	41.8712690	-8.8345303	4.34	surface
ITV	ACB-00044	39.4107700	-8.9627550	39.4107688	-8.9628055	4.34	surface
HRZ	FAR-00051	37.0278000	-7.9196315	37.0278128	-7.9195854	4.33	surface
TRK	STS-00043	41.3363460	-8.4746590	41.3363077	-8.4746496	4.33	surface
GLP	LSB-00699	38.7265470	-9.1555260	38.7265152	-9.1555548	4.33	surface
IHM	ABF-00051	37.0938570	-8.1944580	37.0938464	-8.1944111	4.32	surface
HRZ	VCD-00005	41.3696480	-8.7434200	41.3696854	-8.7434341	4.32	surface
FCT	PFR-00018	41.2686040	-8.4118350	41.2686234	-8.4118798	4.32	surface
MOT	VLC-00020	40.8493730	-8.3942490	40.8493607	-8.3942003	4.32	underground
ATL	ACB-00019	39.5514830	-8.9779610	39.5515042	-8.9780032	4.32	surface
ACC	VRL-00063	41.3237150	-7.6411270	41.3237185	-7.6410755	4.32	surface
EDP	GOI-00002	40.1575360	-8.1104130	40.1575368	-8.1103622	4.32	surface
REP	VCT-00073	41.7099300	-8.8024100	41.7099646	-8.8024336	4.32	surface
MOT	VLC-00021	40.8988500	-8.3815430	40.8988470	-8.3814918	4.32	surface
FCT	MAI-00080	41.2366640	-8.6521710	41.2366915	-8.6522074	4.31	surface
EDP	CTB-00080	39.8070760	-7.5132730	39.8070915	-7.5132267	4.31	surface
HLX	PRD-00035	41.1922500	-8.3866750	41.1922113	-8.3866782	4.31	surface
GLP	STS-00032	41.3385930	-8.4800390	41.3385874	-8.4800901	4.31	surface
REP	OER-00279	38.7325940	-9.2798850	38.7325919	-9.2799346	4.31	surface
GLG	ASL-00009	38.5155260	-8.5867680	38.5155546	-8.5868014	4.31	surface
GLP	VFX-00133	38.9560360	-9.0038710	38.9560537	-9.0038267	4.31	surface
REP	STR-00041	39.2211800	-8.6986000	39.2211823	-8.6986499	4.31	surface
GLP	ARV-00009	38.9884450	-9.0783220	38.9884197	-9.0782843	4.30	surface
REP	TNV-00008	39.4776760	-8.6228780	39.4777109	-8.6228563	4.30	surface
FCT	NZR-00039	39.6206970	-8.9914665	39.6206985	-8.9914164	4.29	surface
SEG	LAG-00003	37.7483060	-25.5827730	37.7482678	-25.5827663	4.29	surface
PRI	MMV-00011	40.2063200	-8.6306630	40.2063128	-8.6306134	4.29	surface
TRK	CBC-00016	41.4841400	-7.9595440	41.4841777	-7.9595333	4.29	surface
FCT	VCT-00050	41.7072870	-8.8222410	41.7072572	-8.8222737	4.28	surface
FAC	PTS-00001	32.6798250	-17.0867080	32.6798270	-17.0867537	4.28	surface
EDP	SLV-00038	37.1933480	-8.4359460	37.1933273	-8.4359053	4.28	surface
PRI	ALD-00007	40.6085130	-6.8279467	40.6084942	-6.8279909	4.28	surface
FCT	ACB-00034	39.5247570	-8.9102630	39.5247353	-8.9102219	4.27	surface
TRK	CSC-00561	38.7122000	-9.3288000	38.7122068	-9.3288484	4.27	surface
FCT	LLE-00225	37.0764160	-8.0951730	37.0763785	-8.0951630	4.26	surface
GLP	PRT-00186	41.1618420	-8.5925460	41.1618117	-8.5925148	4.26	surface
ECI	MLD-00027	40.3789830	-8.4532175	40.3789452	-8.4532093	4.26	surface
MOT	MTJ-00009	38.6958500	-8.9426020	38.6958209	-8.9426339	4.26	surface
GLP	VRL-00029	41.3151860	-7.7302980	41.3151607	-7.7302598	4.25	surface
PRI	MCN-00021	41.1774440	-8.1505120	41.1774125	-8.1504832	4.25	surface
ATL	ARC-00006	40.9255800	-8.2492700	40.9255469	-8.2492448	4.25	surface
TRK	TMR-00012	39.6053500	-8.4078000	39.6053490	-8.4078495	4.24	surface
DTE	ILH-00028	40.6178780	-8.6667760	40.6178540	-8.6668150	4.24	surface
ATL	GRD-70003	40.5375500	-7.2770900	40.5375762	-7.2770536	4.24	surface
HRZ	SNT-00156	38.7471900	-9.2915900	38.7471539	-9.2915747	4.23	surface
MOT	VFX-00091	38.8786620	-9.0706110	38.8786996	-9.0706039	4.23	surface
MOT	VFX-00087	38.8681600	-9.0601860	38.8681955	-9.0601686	4.23	surface
TRK	CNF-00012	41.0725900	-8.0923720	41.0726271	-8.0923828	4.22	surface
HLX	ABF-00086	37.1302150	-8.2835830	37.1301823	-8.2835589	4.22	surface
HRZ	AVR-90005	40.6440350	-8.6417100	40.6440173	-8.6417542	4.22	surface
TRK	BRR-00064	38.6675070	-9.0512450	38.6674727	-9.0512243	4.22	surface
GRN	LRS-00064	38.7836500	-9.1138430	38.7836289	-9.1138026	4.22	surface
HRZ	LSB-90021	38.7058750	-9.1864530	38.7059110	-9.1864379	4.21	surface
GLP	VFR-00093	40.9959900	-8.4709310	40.9960001	-8.4709793	4.21	surface
GLP	SLV-00022	37.1951940	-8.4332530	37.1951684	-8.4332879	4.20	surface
TRK	OFR-00008	40.7295040	-8.1755080	40.7295213	-8.1755523	4.20	surface
FCT	TNV-00024	39.4711400	-8.5429540	39.4711039	-8.5429397	4.20	surface
EDP	AGD-00014	40.5735320	-8.4449970	40.5735341	-8.4449474	4.20	surface
MLT	SNS-00003	37.9651700	-8.8589630	37.9651550	-8.8589191	4.19	surface
HLX	OBD-00016	39.3902800	-9.2879000	39.3902680	-9.2879462	4.19	surface
GLP	SXL-00035	38.6413000	-9.0954250	38.6412746	-9.0953894	4.19	surface
TRK	FIG-00063	40.1629450	-8.8630080	40.1629798	-8.8629892	4.19	surface
MOT	AMT-00030	41.2673340	-8.0782310	41.2673146	-8.0781881	4.18	surface
EDP	MCV-00007	40.0921200	-8.3325690	40.0921564	-8.3325814	4.18	surface
REP	TNV-00007	39.4776760	-8.6228780	39.4777023	-8.6229128	4.18	surface
GLP	LLE-00084	37.0827180	-8.1174400	37.0826857	-8.1174159	4.18	surface
HRZ	OBR-90001	40.5134400	-8.4964100	40.5134454	-8.4963611	4.18	surface
HLX	OAZ-00018	40.8384170	-8.4800750	40.8384475	-8.4801039	4.17	surface
FCT	PTG-00024	39.2801900	-7.4314350	39.2801526	-7.4314323	4.17	surface
GLP	TVD-00094	39.1771100	-9.2732030	39.1771168	-9.2732505	4.16	surface
EDP	CSC-90006	38.6961100	-9.3740200	38.6961459	-9.3740336	4.16	surface
EDP	TMR-00033	39.6107100	-8.3947620	39.6107303	-8.3948028	4.16	surface
EDP	VNG-90003	41.1205830	-8.6060240	41.1205469	-8.6060110	4.16	surface
HLX	OHP-00017	40.3262800	-7.8420560	40.3262625	-7.8420127	4.15	surface
GLP	GMR-00171	41.4513100	-8.2930830	41.4512738	-8.2930709	4.15	surface
EDP	OBR-00004	40.5258180	-8.5064690	40.5258394	-8.5064288	4.15	surface
GLP	ALQ-00023	39.0242540	-8.9811780	39.0242844	-8.9811502	4.15	surface
GLP	SXL-00028	38.6166500	-9.1020440	38.6166398	-9.1020899	4.15	surface
REP	VFX-00021	38.9730950	-8.9814320	38.9730835	-8.9814776	4.14	surface
FAC	SVC-00004	32.8230500	-16.9902000	32.8230804	-16.9901744	4.14	surface
ECI	FNC-00059	32.6492300	-16.8828600	32.6492672	-16.8828602	4.14	surface
GLP	PCT-00003	40.6767850	-7.7064880	40.6767582	-7.7064540	4.14	surface
TRK	OLH-00019	37.0357600	-7.8369980	37.0357676	-7.8369524	4.13	surface
EMA	SVC-00002	32.8077100	-17.0476800	32.8077354	-17.0476478	4.13	surface
HRZ	CSC-90007	38.6938100	-9.3719660	38.6937993	-9.3720115	4.12	surface
HRZ	OER-00241	38.7098770	-9.2284570	38.7099136	-9.2284645	4.12	underground
EDP	MCD-00003	41.5360370	-6.9604220	41.5360680	-6.9604491	4.12	surface
MLT	TVD-00009	39.0979730	-9.2609520	39.0979996	-9.2609188	4.12	surface
HRZ	LNH-00008	39.2423820	-9.3073900	39.2423714	-9.3074358	4.12	surface
EDP	TVD-00087	39.0843000	-9.2606580	39.0842638	-9.2606679	4.11	surface
PLG	AMD-00031	38.7771530	-9.2200220	38.7771501	-9.2199747	4.11	underground
GLP	SJM-90002	40.8955570	-8.4936940	40.8955210	-8.4936829	4.11	surface
GLP	VIS-00118	40.6565700	-7.9052640	40.6565675	-7.9052154	4.11	surface
GLP	TVD-00036	39.1020930	-9.2578180	39.1020616	-9.2578431	4.11	surface
TRK	LSB-01204	38.7769800	-9.1554900	38.7770119	-9.1555139	4.11	surface
HRZ	SNT-00096	38.7593540	-9.3867480	38.7593769	-9.3867109	4.10	underground
TRK	TMR-00030	39.6036000	-8.4075220	39.6035650	-8.4075370	4.10	surface
EDP	ODM-90001	37.5985300	-8.6459440	37.5985000	-8.6459170	4.10	surface
HRZ	CSC-00162	38.7194200	-9.3396250	38.7194492	-9.3395962	4.10	surface
TRK	MTJ-00076	38.7116200	-8.9670430	38.7116314	-8.9669981	4.10	surface
VEI	VND-00005	38.6761600	-8.4530510	38.6761896	-8.4530229	4.10	surface
GLP	VRS-80002	37.1906430	-7.4177020	37.1906083	-7.4177175	4.10	surface
HRZ	BNV-90001	38.9781700	-8.8102220	38.9782065	-8.8102157	4.09	surface
HLX	SNT-00038	38.7775800	-9.3485470	38.7775876	-9.3485008	4.09	surface
GLD	BTL-00015	39.6594100	-8.8353600	39.6594372	-8.8353279	4.09	surface
GLP	EPS-00032	41.5543980	-8.7917860	41.5543814	-8.7918297	4.08	surface
SEG	AGH-00012	38.6683960	-27.2635000	38.6684326	-27.2635027	4.08	surface
ITV	ACB-00043	39.4107630	-8.9627870	39.4107679	-8.9628340	4.07	surface
EDP	TVR-00033	37.1191020	-7.6597600	37.1191216	-7.6597212	4.07	surface
MOT	LSB-00415	38.7483000	-9.1659600	38.7483310	-9.1659350	4.07	surface
NRG	EVR-00031	38.5761760	-7.9145540	38.5762074	-7.9145299	4.07	surface
HRZ	BRG-90002	41.5450940	-8.4284810	41.5450939	-8.4285299	4.07	surface
PRI	OHP-00026	40.3601720	-7.8546480	40.3601577	-7.8546038	4.07	surface
ECI	MLD-00023	40.3381800	-8.4276960	40.3382080	-8.4277269	4.07	surface
FCT	ORQ-00009	37.6010700	-8.2505550	37.6011053	-8.2505671	4.07	surface
EDP	ORM-00026	39.6307600	-8.6769000	39.6307941	-8.6768829	4.06	surface
HLX	CSC-00161	38.7019800	-9.4163000	38.7019441	-9.4162913	4.06	underground
ATL	SSB-00038	38.4894750	-9.1059550	38.4894749	-9.1060016	4.06	surface
PRI	CBR-00010	40.2034260	-8.4253770	40.2034548	-8.4254063	4.06	surface
EDP	SSB-00014	38.4820400	-9.1031200	38.4820044	-9.1031099	4.05	surface
TRK	BRR-00019	38.6240900	-9.0474400	38.6240814	-9.0474853	4.05	surface
BEL	MMV-00008	40.1190450	-8.7253900	40.1190091	-8.7253980	4.05	surface
HRZ	TMC-90001	41.1739700	-7.0499950	41.1739477	-7.0499568	4.05	surface
FCT	STB-00126	38.5404430	-8.8658640	38.5404766	-8.8658818	4.04	surface
GLD	VRL-00050	41.3134300	-7.7351000	41.3133978	-7.7351225	4.04	surface
GLP	LSB-00472	38.7227020	-9.1527060	38.7227292	-9.1526752	4.04	underground
GLP	VNF-90007	41.4085540	-8.5198880	41.4085556	-8.5199363	4.03	surface
FCT	CLD-00044	39.4172000	-9.1514750	39.4171648	-9.1514638	4.03	surface
GLP	BBR-00003	39.2679140	-9.1568630	39.2679493	-9.1568736	4.03	surface
FCT	PLM-00041	38.6169000	-8.9133610	38.6169159	-8.9134026	4.02	surface
DTE	AGD-00026	40.5608330	-8.4393060	40.5608391	-8.4392591	4.02	surface
EDP	PSR-00020	39.2525670	-8.0171490	39.2525321	-8.0171611	4.02	surface
GLP	ILH-00005	40.5883640	-8.6840550	40.5883985	-8.6840691	4.02	surface
IBD	VLP-00004	41.5926930	-7.3031860	41.5926930	-7.3031377	4.02	surface
HRZ	MGR-00008	39.7504960	-8.9267180	39.7505227	-8.9266865	4.01	surface
GLP	SSB-00020	38.5657400	-9.0373910	38.5657059	-9.0374059	4.01	surface
LCG	LLE-00061	37.0737800	-8.1086220	37.0737479	-8.1086015	4.01	surface
HRZ	BRG-00116	41.5479970	-8.4325580	41.5479633	-8.4325750	4.01	underground
ATL	BRR-00147	38.6304100	-9.0381000	38.6304460	-9.0381005	4.00	surface
FCT	OVR-00037	40.9049260	-8.6052650	40.9049253	-8.6053126	4.00	surface
TRK	MTJ-00092	38.6658000	-8.6197000	38.6658356	-8.6196933	4.00	surface
EDP	LSB-90028	38.6996080	-9.1809610	38.6996238	-9.1809196	4.00	surface
FCT	FIG-00035	40.1622120	-8.8478720	40.1622475	-8.8478789	3.99	surface
EML	LSB-00405	38.7123640	-9.1350130	38.7123948	-9.1350366	3.99	surface
EVP	FND-00006	40.1700820	-7.4936110	40.1700729	-7.4936564	3.99	surface
MOT	TVD-00079	39.0681040	-9.3709520	39.0680811	-9.3709165	3.98	surface
REP	FUN-00037	32.6612500	-16.8940810	32.6612804	-16.8941035	3.98	surface
ATL	CPV-80001	41.0408970	-8.2701270	41.0409319	-8.2701375	3.98	surface
EDP	CCH-00008	38.9559140	-8.5303970	38.9559497	-8.5304001	3.98	surface
EDP	AVV-00007	41.8517040	-8.4177080	41.8516745	-8.4176809	3.97	surface
HRZ	VNG-00236	41.0543250	-8.5668970	41.0543268	-8.5668497	3.97	surface
REP	PTM-00039	37.1353380	-8.5354290	37.1353027	-8.5354357	3.97	surface
FCT	PFR-00022	41.2828100	-8.3871950	41.2828410	-8.3871715	3.97	surface
HRZ	CSC-90010	38.7325800	-9.4105200	38.7325471	-9.4105376	3.96	surface
HRZ	MAI-00025	41.2540800	-8.6171490	41.2540780	-8.6171017	3.96	surface
EDP	PTB-00002	41.7951700	-8.4341250	41.7951980	-8.4341545	3.96	surface
TRK	BRR-00118	38.6196500	-9.0303250	38.6196856	-9.0303250	3.96	surface
HRZ	CSC-00337	38.7311550	-9.4193125	38.7311237	-9.4192908	3.96	surface
EDP	PVL-90001	41.5742950	-8.2702340	41.5742810	-8.2702777	3.95	surface
GLP	CMN-00027	41.8712730	-8.8342880	41.8712375	-8.8342853	3.95	surface
IBD	VNG-00177	41.0922780	-8.5951940	41.0923131	-8.5951865	3.95	surface
PRI	CSC-00211	38.7409060	-9.3414440	38.7409140	-9.3413996	3.95	surface
GLG	FLG-00010	41.3667030	-8.2010610	41.3667001	-8.2011082	3.95	surface
GLP	SXL-00036	38.6413000	-9.0954250	38.6412691	-9.0954474	3.95	surface
EML	LSB-00360	38.7542600	-9.0954200	38.7542548	-9.0954650	3.94	surface
GLP	VFX-00126	38.9971700	-8.9723110	38.9972047	-8.9723204	3.94	surface
EDP	ABF-00177	37.0957030	-8.3097810	37.0957051	-8.3098253	3.94	surface
EDP	ALM-00083	38.6250840	-9.1261060	38.6250766	-9.1261503	3.94	underground
GLP	VFL-00004	41.2950130	-7.1703330	41.2949991	-7.1703763	3.93	surface
EDP	NZR-00014	39.6080130	-9.0650570	39.6080476	-9.0650665	3.93	surface
HLX	SNT-00122	38.7787500	-9.3551900	38.7787352	-9.3552312	3.93	surface
ATL	LSB-80142	38.7076300	-9.1736580	38.7076480	-9.1736190	3.93	surface
ECI	FNC-00057	32.6531300	-16.9112300	32.6531106	-16.9112651	3.93	surface
GLG	AGH-00001	38.6609200	-27.2332380	38.6609449	-27.2332701	3.93	surface
EDP	VNG-00237	41.1014900	-8.5982200	41.1015172	-8.5982499	3.93	surface
GLP	ODM-00015	37.6537130	-8.7915340	37.6537483	-8.7915333	3.93	surface
FCT	MAI-00079	41.2366640	-8.6521710	41.2366385	-8.6522034	3.92	surface
REP	BRR-00145	38.5924600	-9.0465750	38.5924275	-9.0465577	3.91	surface
ECI	VNG-00122	41.1308330	-8.6683330	41.1308554	-8.6682970	3.91	underground
GLP	CBR-00149	40.2221070	-8.4307050	40.2221253	-8.4306657	3.91	surface
FCT	MTS-00177	41.1842900	-8.6817220	41.1843153	-8.6817544	3.91	surface
ATL	ABT-80001	39.4595150	-8.1990080	39.4595146	-8.1989626	3.90	surface
GLG	ACH-00003	38.7277100	-8.9871910	38.7277184	-8.9871474	3.90	surface
HLX	VFX-00077	38.9057600	-9.0337800	38.9057948	-9.0337752	3.89	surface
EGR	CBR-00154	40.2088000	-8.4692600	40.2088257	-8.4692289	3.89	surface
FCT	MTA-00099	38.6477400	-8.9939320	38.6477626	-8.9939662	3.89	surface
EDP	LGS-00036	37.1031840	-8.7067680	37.1031578	-8.7067391	3.88	surface
FCT	ORQ-00010	37.6010700	-8.2505550	37.6010664	-8.2505988	3.88	surface
REP	SMG-00017	39.0239900	-8.7929900	39.0239905	-8.7930349	3.88	surface
GLG	MAI-00034	41.2553600	-8.6545710	41.2553322	-8.6545430	3.88	surface
HRZ	TND-90004	40.5191960	-8.0791670	40.5192292	-8.0791810	3.88	surface
PRI	PVZ-00002	41.3923800	-8.7538820	41.3923561	-8.7538482	3.87	surface
EDP	STR-00053	39.2568360	-8.7145100	39.2568556	-8.7144728	3.87	surface
EVC	BRG-00049	41.4826300	-8.4793860	41.4825958	-8.4793948	3.87	surface
TRK	CSC-00526	38.7267270	-9.3192980	38.7267333	-9.3193419	3.87	surface
GLP	LRS-00151	38.7909470	-9.1027590	38.7909152	-9.1027772	3.87	surface
MOT	VFX-00084	38.8930100	-9.0400500	38.8930026	-9.0400937	3.87	surface
HRZ	ABF-00055	37.1285740	-8.2832010	37.1285546	-8.2832371	3.86	surface
MOT	LLE-00217	37.0918730	-8.0738700	37.0918583	-8.0739094	3.86	surface
EDP	ASL-00023	38.3702130	-8.5008140	38.3702350	-8.5008482	3.86	surface
SEG	VPV-00004	38.7279130	-27.0626560	38.7278784	-27.0626587	3.85	surface
MLT	VNF-00008	41.4054000	-8.5206850	41.4053691	-8.5206641	3.85	surface
EDP	PLM-00068	38.5841520	-8.6917380	38.5841621	-8.6916956	3.85	surface
FCT	ORM-00032	39.6279450	-8.6812540	39.6279706	-8.6812237	3.85	surface
PRI	GDL-00002	38.4924740	-8.9006100	38.4925052	-8.9006290	3.84	surface
GLP	PVZ-00043	41.4458730	-8.7539410	41.4458519	-8.7539775	3.84	surface
TRK	CSC-00340	38.7024300	-9.4220900	38.7024500	-9.4221261	3.84	surface
TRK	MTJ-00046	38.7084580	-8.9869600	38.7084235	-8.9869620	3.84	surface
HRZ	AGN-90001	40.2180560	-8.0550600	40.2180218	-8.0550659	3.84	surface
GLP	LLE-00118	37.1144700	-8.1471400	37.1144821	-8.1471805	3.83	surface
ATL	OLH-00039	37.0366400	-7.8321000	37.0366692	-7.8320771	3.83	surface
GLP	OBR-00012	40.5064600	-8.5368830	40.5064529	-8.5368387	3.83	surface
REP	SNT-00165	38.8004040	-9.3617650	38.8004186	-9.3618050	3.83	surface
GLP	VNG-00077	41.1357960	-8.6184490	41.1358304	-8.6184504	3.83	underground
GLP	TVD-00030	39.0804140	-9.2571800	39.0803796	-9.2571804	3.83	surface
GLP	VNC-00008	41.9374100	-8.7457700	41.9373820	-8.7457968	3.82	surface
GLP	MCQ-90001	37.3177600	-8.5556330	37.3177337	-8.5556607	3.81	surface
GLP	PLM-00004	38.5787400	-9.0050280	38.5787059	-9.0050232	3.81	surface
GLP	EVR-80003	38.5723760	-7.9043860	38.5724099	-7.9043797	3.81	surface
SGM	GMR-00021	41.4238550	-8.2990720	41.4238423	-8.2990296	3.81	surface
HRZ	ANS-00005	39.9117800	-8.4398170	39.9117458	-8.4398175	3.80	surface
GLP	VCT-90002	41.6947100	-8.8312100	41.6947381	-8.8311839	3.80	surface
MOT	ALM-00037	38.6599800	-9.1756310	38.6600018	-9.1756647	3.80	underground
MOT	ALM-00036	38.6599800	-9.1756310	38.6600040	-9.1756621	3.80	underground
GLP	PCT-00004	40.6767850	-7.7064880	40.6767593	-7.7064584	3.79	surface
HRZ	CSC-00137	38.7004550	-9.4640610	38.7004219	-9.4640716	3.79	surface
EML	LSB-00359	38.7542600	-9.0954200	38.7542276	-9.0954063	3.79	surface
EDP	PVZ-00034	41.4344060	-8.7153060	41.4343768	-8.7152825	3.79	surface
EDP	BRR-00017	38.5808800	-9.0430380	38.5808577	-9.0430710	3.79	surface
GLP	ASL-00031	38.5155800	-8.5848300	38.5155517	-8.5848543	3.79	surface
ATL	FND-00018	40.1626000	-7.4984200	40.1625835	-7.4983810	3.79	surface
EDP	MAI-00053	41.2078200	-8.5659070	41.2078448	-8.5658760	3.79	surface
GLP	ILH-00008	40.5883640	-8.6840550	40.5883334	-8.6840745	3.78	surface
HRZ	ABF-90007	37.0856700	-8.2662120	37.0856865	-8.2662492	3.78	surface
PRI	CBR-00108	40.1942140	-8.4326900	40.1942300	-8.4327292	3.78	surface
EDP	ADL-90001	38.7024150	-7.4056110	38.7023813	-7.4056153	3.77	surface
ATL	STB-00067	38.5353300	-8.8684200	38.5353504	-8.8684545	3.76	surface
GLP	FVN-90001	39.9013060	-8.2731670	39.9013328	-8.2731939	3.76	surface
ATL	AGD-00037	40.5909100	-8.4559300	40.5909066	-8.4558857	3.76	surface
HRZ	VNG-00221	41.1254700	-8.6354670	41.1254470	-8.6354999	3.76	surface
INT	MOBI-VCT-00010	42.1209000	-8.2744370	42.1209159	-8.2744772	3.76	surface
HRZ	CTM-90002	37.1806000	-7.5019130	37.1806337	-7.5019160	3.76	surface
MOT	PRT-00141	41.1721000	-8.6098700	41.1721147	-8.6099104	3.76	surface
REP	SNT-00073	38.7637700	-9.2585000	38.7637533	-9.2585376	3.75	surface
MOT	LSB-00864	38.6990000	-9.1825560	38.6990010	-9.1825128	3.75	surface
DTE	VVC-00011	38.7790760	-7.4173130	38.7790450	-7.4173300	3.75	surface
GLP	MRV-90001	39.3839040	-7.3832180	39.3839370	-7.3832269	3.75	surface
GLP	LNH-90001	39.2439540	-9.3116710	39.2439252	-9.3116936	3.75	surface
REP	GMR-00157	41.4707640	-8.3301090	41.4707794	-8.3300690	3.75	surface
VEI	EVR-00024	38.5493050	-7.9099960	38.5493313	-7.9099692	3.74	surface
HRZ	MTG-90001	40.4005240	-7.5406020	40.4005524	-7.5406256	3.74	surface
EDP	ALM-00185	38.6790900	-9.1589520	38.6790565	-9.1589493	3.73	surface
HRZ	AMD-00054	38.7275800	-9.2113060	38.7275544	-9.2113337	3.73	surface
ATL	STB-80001	38.5211370	-9.0168810	38.5211704	-9.0168784	3.72	surface
ATL	PRG-80001	41.1625330	-7.7924710	41.1625027	-7.7924897	3.72	surface
FCT	ACB-00047	39.6390400	-9.0419360	39.6390145	-9.0419080	3.71	surface
HLX	CTB-00011	39.8156430	-7.5201810	39.8156373	-7.5202238	3.71	underground
ATL	OER-00189	38.7192600	-9.2594620	38.7192584	-9.2595047	3.71	surface
MOO	AMT-00007	41.2731000	-8.0915800	41.2730952	-8.0916239	3.71	surface
REP	CSC-00076	38.6921420	-9.3478710	38.6921203	-9.3479034	3.71	surface
PLG	TMR-00006	39.6006800	-8.4142060	39.6006467	-8.4142064	3.70	surface
TRK	CSC-00258	38.6949900	-9.4214710	38.6949596	-9.4214884	3.70	surface
GLP	ACT-00004	37.4769550	-7.4709470	37.4769270	-7.4709697	3.70	surface
ENB	SNT-00202	38.7710340	-9.3467970	38.7710669	-9.3467906	3.70	surface
GLP	OER-00070	38.7219600	-9.3030670	38.7219642	-9.3030247	3.70	surface
EDP	OER-00235	38.7418500	-9.3032330	38.7418270	-9.3032022	3.70	surface
HRZ	SNT-00095	38.7593540	-9.3867480	38.7593777	-9.3867181	3.70	underground
HRZ	MOBI-ALM-00016	38.6413500	-9.2363810	38.6413793	-9.2363609	3.70	underground
HRZ	FAR-00047	37.0208320	-7.9375640	37.0207988	-7.9375651	3.69	surface
GEN	GMR-00075	41.4431460	-8.2812680	41.4431792	-8.2812680	3.69	surface
ATL	NZR-00033	39.5877300	-9.0736410	39.5877540	-9.0736707	3.69	surface
GEN	GMR-00082	41.4455150	-8.2997570	41.4455070	-8.2997141	3.68	surface
HRZ	MTJ-00010	38.7016030	-8.9604470	38.7016359	-8.9604422	3.68	surface
ITV	ACB-00042	39.4107600	-8.9628210	39.4107676	-8.9628627	3.68	surface
EDP	CBR-00124	40.2117700	-8.4224850	40.2117764	-8.4224425	3.68	surface
DTE	CVL-00026	40.2774300	-7.4969690	40.2774372	-7.4970113	3.68	surface
HLX	GDL-00057	38.3070800	-8.7432850	38.3070890	-8.7433255	3.67	surface
TRK	VNT-00006	38.3927600	-8.1540360	38.3927316	-8.1540145	3.67	surface
IBD	ASL-00011	38.4637680	-8.3758170	38.4637964	-8.3757955	3.67	surface
MOT	MTJ-00007	38.6958240	-8.9426620	38.6957998	-8.9426907	3.67	surface
HLX	VFX-00078	38.9057600	-9.0337800	38.9057609	-9.0337377	3.66	surface
MOO	LSB-00704	38.7566530	-9.1066430	38.7566320	-9.1066106	3.65	surface
EDP	ALM-00168	38.6699370	-9.1697820	38.6699517	-9.1698196	3.65	surface
TRK	MTA-00068	38.6503560	-8.9863500	38.6503670	-8.9863104	3.65	surface
SEG	HRT-00009	38.5286180	-28.6266440	38.5286138	-28.6266024	3.65	surface
HLX	GMR-00026	41.4420200	-8.3043100	41.4420188	-8.3042663	3.65	surface
TRK	BJA-00041	38.0076400	-7.8648600	38.0076674	-7.8648372	3.64	surface
MOT	LSB-00863	38.6990000	-9.1825560	38.6990044	-9.1825144	3.64	surface
GLP	SXL-00029	38.6184840	-9.1152820	38.6185159	-9.1152726	3.64	surface
PRI	BRG-00131	41.5452000	-8.4279780	41.5452190	-8.4280136	3.64	surface
EDP	PLM-00066	38.6332130	-8.7421430	38.6331803	-8.7421416	3.64	surface
ATL	VLP-80002	41.6099500	-7.3137840	41.6099298	-7.3138184	3.64	surface
GLP	LSB-00934	38.7294000	-9.1234830	38.7293833	-9.1234470	3.63	surface
FCT	LSB-01222	38.7591170	-9.1806820	38.7591408	-9.1806533	3.63	surface
TRK	BRR-00056	38.6617620	-9.0800940	38.6617789	-9.0800582	3.63	surface
HRZ	CRZ-90001	41.2424350	-7.3062970	41.2424026	-7.3063025	3.63	surface
GLP	GMR-90001	41.4448360	-8.2915870	41.4448216	-8.2915479	3.63	surface
GLP	VFR-00030	40.9799650	-8.5688590	40.9799974	-8.5688644	3.63	surface
REP	ALD-00012	40.6106200	-6.8304200	40.6106460	-6.8304460	3.63	surface
EDP	MTL-90001	37.6414900	-7.6588240	37.6415200	-7.6588078	3.63	surface
PRI	OBD-00019	39.3866960	-9.1502210	39.3866936	-9.1502631	3.63	surface
FRR	CNT-00038	40.3576900	-8.5977570	40.3576812	-8.5977982	3.63	surface
HRZ	VNG-00220	41.1254700	-8.6354670	41.1254915	-8.6354995	3.62	surface
HLX	LGA-00008	37.1371770	-8.4642380	37.1371450	-8.4642304	3.62	surface
GLP	BRB-90001	38.8070300	-7.4534860	38.8070514	-7.4535175	3.62	surface
EDP	VIS-00057	40.6298030	-7.8667150	40.6298052	-7.8667578	3.62	surface
BEL	MMV-00006	40.2822460	-8.6516730	40.2822225	-8.6517025	3.62	surface
GLP	SRT-00004	39.8125080	-8.1082380	39.8124765	-8.1082274	3.62	surface
ZUN	ABF-00184	37.0807380	-8.2807420	37.0807262	-8.2807800	3.62	surface
ECI	FNC-00055	32.6439400	-16.9214200	32.6439338	-16.9213821	3.61	surface
GLP	CNT-00036	40.2707020	-8.5206920	40.2706703	-8.5207014	3.61	surface
ATL	STR-80001	39.2389450	-8.6867350	39.2389296	-8.6866981	3.61	surface
EDP	TVD-00012	39.1513400	-9.3062640	39.1513107	-9.3062460	3.61	surface
GLP	CSC-00426	38.7072940	-9.3984390	38.7073260	-9.3984323	3.61	surface
FCT	PFR-00019	41.2828100	-8.3871950	41.2827823	-8.3872174	3.60	surface
LCG	LLE-00066	37.2334750	-8.1790770	37.2334479	-8.1790547	3.60	surface
GLP	VFR-00035	40.9754140	-8.5904610	40.9754414	-8.5904382	3.60	surface
GLG	VIS-00044	40.6284680	-7.9404700	40.6284858	-7.9404344	3.60	surface
GLP	VFX-00054	38.8785630	-9.0663540	38.8785605	-9.0663954	3.59	surface
HRZ	PMS-00016	39.6018500	-8.8570110	39.6018360	-8.8570488	3.59	surface
ATL	LSB-80116	38.7434770	-9.1383810	38.7434539	-9.1383521	3.59	surface
EDP	PTB-00004	41.8086100	-8.4213980	41.8085851	-8.4214255	3.59	surface
HRZ	MIR-90001	40.4278600	-8.7372780	40.4278279	-8.7372821	3.59	surface
GLP	GDL-00023	38.2932700	-8.7758465	38.2932906	-8.7758149	3.58	surface
TRK	SJM-00033	40.8972850	-8.4962690	40.8972536	-8.4962784	3.58	surface
GLG	VIS-00059	40.6595340	-7.9225640	40.6595024	-7.9225720	3.58	surface
REP	LLE-00253	37.1039540	-8.0731660	37.1039464	-8.0731268	3.58	surface
HRZ	FAR-00064	37.0608800	-7.9669100	37.0608844	-7.9668701	3.57	surface
EDP	EVR-90004	38.5690730	-7.9095500	38.5690995	-7.9095268	3.57	surface
ATL	SLV-80002	37.1856730	-8.4416220	37.1856912	-8.4416552	3.57	surface
VEI	EVR-00016	38.5532880	-7.9701590	38.5532706	-7.9701935	3.57	surface
TRK	MTJ-00080	38.7074470	-8.9528130	38.7074790	-8.9528163	3.57	surface
GLG	VCT-00029	41.6942520	-8.8381530	41.6942500	-8.8381959	3.57	surface
MOT	VLC-00016	40.8552130	-8.3994310	40.8551907	-8.3994005	3.57	surface
GRN	OER-00165	38.7000350	-9.2298340	38.7000378	-9.2298749	3.56	surface
FCT	BCL-00041	41.5630380	-8.6004810	41.5630559	-8.6004455	3.56	surface
GLP	LSB-90099	38.7387920	-9.1495920	38.7387600	-9.1495926	3.56	surface
FCT	MAI-00082	41.2367900	-8.6541395	41.2368051	-8.6541770	3.56	surface
FCT	ODV-00040	38.7931800	-9.1684110	38.7931757	-9.1683704	3.55	surface
ATL	OER-00187	38.7474900	-9.2832630	38.7475203	-9.2832501	3.55	surface
TRK	MTA-00087	38.6451530	-9.0373180	38.6451849	-9.0373193	3.55	surface
SEG	HRT-00003	38.6348340	-28.6959720	38.6348090	-28.6959467	3.54	surface
EDP	ETR-00032	40.7554470	-8.5353700	40.7554488	-8.5354120	3.54	surface
GLP	PLM-00049	38.6188430	-8.9181290	38.6188210	-8.9181585	3.54	surface
TRK	OFR-00004	40.7265660	-8.1745440	40.7265399	-8.1745680	3.54	surface
ATL	BRG-00127	41.5649000	-8.4496500	41.5649216	-8.4496188	3.54	surface
EDP	TVR-00034	37.1191060	-7.6597600	37.1190961	-7.6597979	3.54	surface
TRK	CSC-00404	38.7073900	-9.4312780	38.7073633	-9.4313001	3.53	surface
GLP	SNT-80003	38.7967600	-9.3862480	38.7967319	-9.3862670	3.53	surface
ATL	BRG-80001	41.5512400	-8.4281370	41.5512112	-8.4281549	3.53	surface
HLX	CSC-00158	38.7019800	-9.4163000	38.7020110	-9.4162912	3.53	underground
TRK	PCV-00006	40.3032600	-8.3214580	40.3032292	-8.3214678	3.52	surface
PRI	VFR-00099	40.9154550	-8.4960375	40.9154583	-8.4959958	3.52	surface
GLP	TRC-80001	41.0183070	-7.7770110	41.0182816	-7.7769859	3.52	surface
GLP	LSB-90127	38.7599680	-9.1300410	38.7599648	-9.1300814	3.52	surface
TRK	MTA-00051	38.6586150	-8.9946350	38.6585860	-8.9946511	3.51	surface
GLP	LSB-00497	38.7348370	-9.1508990	38.7348414	-9.1508589	3.51	surface
HRZ	MTJ-00011	38.7016030	-8.9604470	38.7016022	-8.9604066	3.51	surface
TRK	MTA-00037	38.6536750	-9.0194780	38.6537054	-9.0194887	3.51	surface
KPM	FLG-00024	41.3641400	-8.1998170	41.3641204	-8.1997841	3.51	surface
VIA	MOBI-CSC-00189	38.7088970	-9.3372550	38.7088952	-9.3372147	3.50	surface
ATL	BGC-00018	41.7933700	-6.7215000	41.7934011	-6.7214938	3.50	surface
MOT	VLC-00018	40.8553050	-8.3774060	40.8553246	-8.3773735	3.50	surface
MLT	OER-00037	38.6908260	-9.3015890	38.6908438	-9.3015558	3.50	surface
TRK	BRR-00087	38.6605870	-9.0567860	38.6605567	-9.0567967	3.49	surface
GLP	LSB-00490	38.7235100	-9.1567240	38.7235080	-9.1566838	3.49	underground
EDP	LSB-90032	38.7781450	-9.0975370	38.7781734	-9.0975198	3.49	surface
FCT	TMR-00044	39.6094060	-8.3990170	39.6094044	-8.3989763	3.49	surface
EDP	VNH-00002	41.8300130	-7.0102470	41.8299860	-7.0102255	3.49	surface
HLX	VCD-00065	41.3504370	-8.7362400	41.3504654	-8.7362577	3.49	surface
PRI	RMR-00002	39.3281700	-8.9372280	39.3281709	-8.9371875	3.48	surface
GLP	AMD-90017	38.7594300	-9.2332860	38.7594613	-9.2332840	3.48	surface
GLP	RPN-90001	41.5196100	-7.7930830	41.5196412	-7.7930792	3.48	surface
EML	LSB-00354	38.6975800	-9.2255800	38.6975522	-9.2255615	3.48	surface
MOT	VFX-00083	38.9069500	-9.0506860	38.9069688	-9.0507182	3.48	surface
EDP	CBT-00002	41.4220920	-7.9859810	41.4221228	-7.9859884	3.48	surface
EDP	TMR-00045	39.6096150	-8.3975250	39.6096103	-8.3975651	3.47	surface
REP	ABF-00035	37.0958330	-8.2551610	37.0958492	-8.2551945	3.47	surface
DTE	FND-00029	40.1338600	-7.5051780	40.1338374	-7.5051498	3.47	surface
GLP	VFR-00021	40.9221900	-8.5212230	40.9222104	-8.5212543	3.47	surface
CME	LSB-01031	38.7327600	-9.1531120	38.7327687	-9.1531504	3.47	underground
TRK	PRG-00008	41.1613040	-7.7789720	41.1612757	-7.7789546	3.47	surface
GLP	PNF-00025	41.2063750	-8.2743920	41.2064030	-8.2744102	3.47	surface
GLP	VFX-00101	38.8562200	-9.0783900	38.8562159	-9.0784296	3.46	surface
ATL	VCD-00056	41.3001900	-8.7060900	41.3001800	-8.7061292	3.46	surface
GLP	LSB-80149	38.7458300	-9.1015380	38.7458280	-9.1015777	3.45	surface
EDP	MCN-00007	41.1800270	-8.1537370	41.1800376	-8.1536983	3.45	surface
MLT	VNG-00016	41.1190950	-8.6054710	41.1190813	-8.6055079	3.45	surface
GLP	CTB-00056	39.8102460	-7.5129070	39.8102456	-7.5128668	3.43	surface
DTE	FND-00035	40.0670700	-7.8012440	40.0670618	-7.8012829	3.43	surface
HRZ	CPR-90002	40.0049320	-8.2119010	40.0049191	-8.2119376	3.43	surface
ATL	VVR-00004	39.6304800	-7.7519300	39.6304969	-7.7518965	3.43	surface
GLP	LSB-91100	38.7495000	-9.1497440	38.7494711	-9.1497302	3.43	surface
TRK	CSC-00343	38.7023100	-9.4221700	38.7023290	-9.4222011	3.43	surface
DTE	CVL-00042	40.2105370	-7.5256010	40.2105288	-7.5255621	3.43	surface
SEG	LAG-00005	37.7216500	-25.5104500	37.7216489	-25.5104889	3.42	surface
GLP	VFR-00019	41.0065100	-8.4661340	41.0065049	-8.4661742	3.42	surface
IBD	BGC-00027	41.8178400	-6.7546810	41.8178660	-6.7547030	3.42	surface
CON	MGR-00029	39.7204400	-8.9248410	39.7204503	-8.9248034	3.41	surface
EDP	LMG-00022	41.1276860	-7.8027450	41.1276567	-7.8027571	3.41	surface
EDP	VND-00011	38.6206300	-8.5804080	38.6206584	-8.5804228	3.41	surface
TRK	BRR-00116	38.6369630	-9.0410000	38.6369385	-9.0409764	3.41	surface
TRK	MTJ-00052	38.7091330	-8.9814820	38.7091419	-8.9814444	3.41	surface
IBD	IDN-00002	40.0003800	-6.8768377	40.0003584	-6.8768661	3.41	surface
GLG	MGL-00006	40.6046070	-7.7690020	40.6045765	-7.7690060	3.41	surface
TRK	CSC-00451	38.6913100	-9.3586960	38.6913082	-9.3587352	3.41	surface
GLP	ABT-00032	39.4575900	-8.1953600	39.4576200	-8.1953680	3.41	surface
HRZ	FAR-00079	37.0319750	-7.9636010	37.0319472	-7.9635849	3.41	surface
DTE	OER-00266	38.7296940	-9.2227990	38.7296698	-9.2228230	3.40	underground
HRZ	GDL-90003	38.1825560	-8.5673060	38.1825550	-8.5673449	3.40	surface
MLT	MRA-00002	38.1399100	-7.4593080	38.1399405	-7.4593053	3.40	surface
HRZ	SSL-90001	38.9568900	-7.6720830	38.9568684	-7.6720552	3.40	surface
EDP	PVZ-00038	41.3912350	-8.7726830	41.3912061	-8.7726961	3.39	surface
REP	FLG-00015	41.3606760	-8.1924560	41.3607065	-8.1924547	3.39	surface
HRZ	MTS-00022	41.2168660	-8.6235580	41.2168548	-8.6235957	3.39	surface
HRZ	PFR-00024	41.2570400	-8.3644530	41.2570704	-8.3644557	3.39	surface
GLP	CMN-00025	41.7962880	-8.8607770	41.7962610	-8.8607958	3.38	surface
EDP	ALM-00167	38.6757280	-9.1586130	38.6757023	-9.1586338	3.38	surface
EDP	PLM-00052	38.6065200	-8.8919540	38.6065504	-8.8919540	3.38	surface
GLP	EPS-00031	41.5319500	-8.7832220	41.5319358	-8.7832579	3.38	surface
IMG	LSB-00797	38.7021370	-9.2088640	38.7021360	-9.2088251	3.38	surface
EVC	PVL-00004	41.5737530	-8.2649650	41.5737283	-8.2649886	3.38	surface
ATL	CLD-00051	39.4031370	-9.1451450	39.4031070	-9.1451390	3.38	surface
HRZ	LRA-00061	39.7148250	-8.8321840	39.7148094	-8.8322178	3.37	surface
TRK	OLH-00035	37.0280270	-7.8484000	37.0280527	-7.8484201	3.37	surface
PRI	MAI-00061	41.2555800	-8.6497050	41.2555537	-8.6496850	3.37	surface
HRZ	ESP-90001	41.0102840	-8.6383100	41.0102566	-8.6382929	3.37	surface
GLG	SJM-00018	40.8935780	-8.4825670	40.8935921	-8.4826024	3.36	surface
GLP	PRT-00316	41.1485820	-8.6092870	41.1485528	-8.6092971	3.36	underground
EDP	MRA-90001	38.1431660	-7.4502220	38.1431873	-7.4502490	3.34	surface
ATL	LLE-00174	37.0760100	-8.1182830	37.0760264	-8.1182514	3.34	surface
TRK	MTA-00047	38.6530800	-8.9941910	38.6530627	-8.9942225	3.34	surface
HEX	GMR-00069	41.4811480	-8.2628140	41.4811209	-8.2628314	3.34	surface
EDP	BRG-00117	41.5526660	-8.3951340	41.5526790	-8.3950978	3.34	surface
PRI	TND-00007	40.5818060	-8.0809930	40.5818202	-8.0810278	3.34	surface
EDP	PNF-00051	41.2028200	-8.2936310	41.2027917	-8.2936179	3.33	surface
ATL	LLE-00175	37.0822600	-8.1201400	37.0822692	-8.1201043	3.33	surface
GLP	STR-00034	39.2339500	-8.6766410	39.2339614	-8.6766767	3.33	surface
FCT	CLD-00045	39.4172000	-9.1514750	39.4171903	-9.1515116	3.32	surface
GLP	CSC-00091	38.6823200	-9.3409020	38.6823236	-9.3408640	3.32	surface
EDP	PMS-00012	39.5990900	-8.8244100	39.5990813	-8.8243729	3.32	surface
ATL	ACB-00015	39.5514830	-8.9779610	39.5514605	-8.9779865	3.32	surface
SEG	PDL-00024	37.7442130	-25.6730180	37.7442395	-25.6730354	3.32	surface
EDP	CSC-00520	38.7251000	-9.4425470	38.7251089	-9.4425835	3.32	surface
EDP	OAZ-00006	40.8341900	-8.4806740	40.8342194	-8.4806807	3.32	surface
TRK	BRR-00096	38.6552500	-9.0656860	38.6552552	-9.0656484	3.32	surface
HRZ	BRR-00125	38.6317370	-9.0489930	38.6317131	-9.0490158	3.31	surface
TRK	SJM-00031	40.9102970	-8.4917130	40.9102762	-8.4916848	3.31	surface
HLX	STS-00004	41.3320800	-8.4768300	41.3321069	-8.4768131	3.31	surface
HRZ	CMN-00020	41.8498100	-8.8657730	41.8498000	-8.8657354	3.31	surface
EDP	SLV-00009	37.1045000	-8.3705230	37.1044844	-8.3705547	3.30	underground
EDP	SLV-00039	37.1933480	-8.4359460	37.1933211	-8.4359618	3.30	surface
TRK	SJM-00046	40.9139800	-8.4886580	40.9139760	-8.4886191	3.30	surface
EDP	TMR-00047	39.6095960	-8.3975170	39.6095714	-8.3975385	3.30	surface
ATL	LLE-00162	37.0829000	-8.1195170	37.0829291	-8.1195100	3.29	surface
GLP	MOBI-LSB-00263	38.7568300	-9.1753790	38.7568588	-9.1753879	3.29	underground
GLP	FAF-00023	41.4519040	-8.1884530	41.4519130	-8.1884906	3.29	surface
ATL	AMD-00105	38.7377800	-9.2255500	38.7377516	-9.2255394	3.29	underground
FCT	LLE-00227	37.1008530	-8.0021080	37.1008251	-8.0021203	3.29	surface
MLT	OER-00088	38.7359200	-9.3008620	38.7358932	-9.3008460	3.29	surface
TRK	BRR-00054	38.6470950	-9.0648920	38.6470982	-9.0648544	3.28	surface
GLP	STB-00035	38.5226250	-8.8985010	38.5226545	-8.8985009	3.28	surface
TRK	OLH-00010	37.0308800	-7.8472810	37.0308704	-7.8473159	3.28	surface
EDP	PTB-00003	41.8086100	-8.4213980	41.8085852	-8.4214193	3.27	surface
PRI	ARL-00004	38.8295170	-7.8295293	38.8294909	-7.8295119	3.27	surface
GLP	FIG-00039	40.1570130	-8.8498940	40.1569836	-8.8498949	3.27	surface
SEG	PDL-00013	37.7594700	-25.7049030	37.7594974	-25.7049164	3.27	surface
GLP	ALQ-00003	39.0285150	-8.9671550	39.0284861	-8.9671486	3.26	underground
REP	PRT-00152	41.1723140	-8.6261720	41.1723125	-8.6262109	3.26	surface
GLP	CSC-00167	38.7037280	-9.3949720	38.7037539	-9.3949896	3.26	underground
GLP	VFX-00071	38.8718340	-9.0836980	38.8718330	-9.0836604	3.26	surface
EDP	SNT-00228	38.8394740	-9.3724490	38.8394736	-9.3724114	3.26	surface
GLP	PNI-00008	39.3352430	-9.3534040	39.3352390	-9.3534415	3.26	surface
GLP	OER-00075	38.6762920	-9.3206430	38.6762970	-9.3206799	3.25	surface
GLP	VND-90004	38.6776800	-8.4551300	38.6776873	-8.4550938	3.25	surface
ECI	MTS-00045	41.1960680	-8.6886580	41.1960512	-8.6886263	3.24	surface
GLP	EPS-00034	41.4980280	-8.7093400	41.4979989	-8.7093413	3.24	surface
IBD	LLE-00233	37.0460200	-8.0452980	37.0460447	-8.0453173	3.24	surface
ATL	VVR-00005	39.6304800	-7.7519100	39.6304526	-7.7518975	3.23	surface
EDP	LSB-90017	38.7039030	-9.1939860	38.7039296	-9.1939712	3.22	surface
EDP	EVR-00051	38.5510900	-7.9114250	38.5510662	-7.9114039	3.22	surface
GLP	MMN-00014	38.6494450	-8.2163440	38.6494638	-8.2163722	3.22	surface
PRI	BJA-00017	38.0203130	-7.8491280	38.0203164	-7.8491645	3.22	surface
FCT	TRF-00021	41.3396340	-8.5458850	41.3396337	-8.5458465	3.21	surface
ATL	LGA-00023	37.1309400	-8.4541700	37.1309120	-8.4541790	3.21	surface
GLG	GMR-00009	41.4538270	-8.2694590	41.4538014	-8.2694411	3.21	surface
GLP	LSB-00481	38.6983030	-9.1866390	38.6983231	-9.1866656	3.21	surface
REP	GRD-00019	40.5414730	-7.2607680	40.5414771	-7.2608056	3.21	surface
TRK	CSC-00057	38.7118760	-9.3271940	38.7118667	-9.3272290	3.21	surface
HLX	SPS-00017	40.7571900	-8.0696800	40.7571854	-8.0697176	3.21	surface
CPS	ABT-00017	39.4861500	-8.1588230	39.4861743	-8.1588029	3.21	surface
FCT	NZR-00040	39.6199260	-8.9908420	39.6199258	-8.9908794	3.20	surface
ATL	IDN-00010	39.8330420	-7.2612660	39.8330132	-7.2612660	3.20	surface
FCT	FLG-00017	41.3768100	-8.1743380	41.3768040	-8.1743755	3.20	surface
ITV	PTG-00028	39.2830960	-7.4313420	39.2830764	-7.4313148	3.20	surface
EDP	SNT-00141	38.7669750	-9.2790270	38.7670011	-9.2790424	3.19	surface
DTE	CVL-00047	40.1418200	-7.7364680	40.1417955	-7.7364484	3.19	surface
TRK	FIG-00045	40.1484760	-8.8554230	40.1485047	-8.8554230	3.19	surface
GLP	STB-90005	38.5209850	-8.9012690	38.5209636	-8.9012446	3.19	surface
REP	MLD-00047	40.3641600	-8.4542000	40.3641663	-8.4542367	3.19	surface
HRZ	VIS-90033	40.6519470	-7.9087810	40.6519454	-7.9088187	3.19	surface
TRK	MTJ-00088	38.7007300	-8.9462400	38.7007342	-8.9462762	3.18	surface
FCT	OVR-00022	40.9559200	-8.6263540	40.9559027	-8.6263840	3.17	surface
IOY	ALB-00019	40.6779000	-8.4722280	40.6778729	-8.4722396	3.17	surface
ATL	PRT-00298	41.1419530	-8.6051340	41.1419524	-8.6050962	3.17	underground
EDP	ABF-00154	37.0920200	-8.1917920	37.0920141	-8.1917571	3.16	surface
GLP	OER-00078	38.7315900	-9.2782000	38.7316172	-9.2781894	3.16	surface
TRK	BRR-00085	38.6557660	-9.0533060	38.6557431	-9.0533275	3.16	surface
GRN	OER-00185	38.7145100	-9.3096630	38.7145031	-9.3096983	3.16	surface
PRI	AVR-00032	40.6189040	-8.6553070	40.6188780	-8.6553220	3.16	surface
GLP	VLG-00054	41.1831320	-8.4734350	41.1831037	-8.4734377	3.15	surface
PRI	AVZ-00004	39.8791430	-8.3431860	39.8791670	-8.3431664	3.15	surface
EDP	GRD-00045	40.5321240	-7.3285000	40.5320960	-7.3285054	3.15	surface
GLG	AMD-00032	38.7644540	-9.2113910	38.7644531	-9.2114272	3.14	surface
REP	ELV-00005	38.8831100	-7.0506340	38.8830839	-7.0506204	3.13	surface
PRI	VNF-00034	41.3714800	-8.4334000	41.3714659	-8.4333677	3.12	surface
EDP	FND-00017	40.1367380	-7.5051280	40.1367647	-7.5051392	3.12	surface
EDP	STB-00051	38.5221180	-8.8861430	38.5221419	-8.8861243	3.12	surface
ATL	VNG-00140	41.0457900	-8.5681270	41.0457869	-8.5681639	3.11	surface
HLX	MNC-00017	42.0602500	-8.5110810	42.0602221	-8.5110783	3.11	surface
EDP	OER-00129	38.7511860	-9.3069990	38.7511636	-9.3069776	3.11	surface
IBD	CTB-00016	39.8197600	-7.4907000	39.8197530	-7.4907352	3.11	surface
GEN	GMR-00083	41.4329800	-8.3028400	41.4329559	-8.3028588	3.10	surface
HLX	VLG-00044	41.2072300	-8.5320060	41.2072334	-8.5320428	3.10	surface
GLP	FEUP-00001	41.1779560	-8.5986250	41.1779574	-8.5985880	3.10	surface
LUZ	FAR-00059	37.0456400	-7.9684900	37.0456122	-7.9684927	3.10	surface
GLP	CDV-90001	39.2431830	-9.1010270	39.2431603	-9.1010061	3.10	surface
HRZ	CSC-00060	38.7316500	-9.3972730	38.7316777	-9.3972695	3.10	surface
ATL	PBL-00042	39.9164540	-8.6186850	39.9164715	-8.6186568	3.09	surface
HRZ	MTS-00115	41.1991100	-8.6270950	41.1991194	-8.6271298	3.09	surface
TRK	MTA-00058	38.6519550	-8.9895940	38.6519697	-8.9895638	3.09	surface
EDP	VNB-00003	39.4651600	-8.4393790	39.4651542	-8.4394142	3.09	surface
TRK	MTJ-00045	38.7063140	-8.9748290	38.7062863	-8.9748266	3.09	surface
GLP	SMA-00002	39.0188060	-9.1525050	39.0188272	-9.1524820	3.08	surface
MOT	PRT-00142	41.1721400	-8.6098900	41.1721176	-8.6099116	3.08	surface
HLX	OBD-00010	39.3856100	-9.2825100	39.3856361	-9.2825218	3.07	surface
EDP	AZB-00018	39.0676160	-8.8703240	39.0675905	-8.8703376	3.07	surface
HRZ	SRN-90001	40.8973160	-7.4933920	40.8973397	-7.4934107	3.07	surface
TRK	FIG-00064	40.1577700	-8.8685910	40.1577802	-8.8685575	3.06	surface
DTE	CVL-00044	40.1734540	-7.6084140	40.1734335	-7.6083899	3.06	surface
GLP	AVR-00092	40.6630480	-8.6121600	40.6630609	-8.6121279	3.06	surface
GLP	VFX-00042	38.9589580	-8.9869590	38.9589775	-8.9869340	3.06	surface
FCT	SNT-00177	38.7889200	-9.3738990	38.7889279	-9.3738652	3.06	surface
PRI	LRS-00129	38.8171920	-9.1000790	38.8171830	-9.1000457	3.05	surface
PRI	STB-00102	38.5751700	-9.0276090	38.5751957	-9.0275967	3.05	surface
BLU	PTM-00027	37.1481360	-8.5504650	37.1481500	-8.5504946	3.05	surface
TRK	STS-00037	41.3388500	-8.4892830	41.3388706	-8.4893071	3.05	surface
PRI	LRS-00133	38.8455300	-9.1621870	38.8455052	-9.1622020	3.05	surface
GLP	MSF-90001	41.1578520	-7.8927200	41.1578288	-7.8927393	3.04	surface
FCT	SLV-00040	37.1198800	-8.3500780	37.1198971	-8.3501048	3.04	surface
PRI	MRA-00006	38.1401560	-7.4475720	38.1401312	-7.4475867	3.04	surface
SEG	VLS-00002	38.6795400	-28.2091500	38.6795643	-28.2091661	3.04	surface
HRZ	OLH-00004	37.0236500	-7.8474655	37.0236531	-7.8474315	3.04	surface
CGG	VCT-00025	41.6975400	-8.8360020	41.6975134	-8.8359937	3.04	surface
HLX	STS-00005	41.3320800	-8.4768300	41.3320648	-8.4767998	3.04	surface
GLP	CHM-00002	39.3594500	-8.4805930	39.3594700	-8.4806170	3.03	surface
EDP	ABF-00129	37.0867100	-8.2554890	37.0867367	-8.2554957	3.03	surface
FCT	CSC-00185	38.7283440	-9.3285120	38.7283314	-9.3285429	3.02	surface
ATL	VIS-00090	40.6565930	-7.9089680	40.6565718	-7.9089456	3.02	surface
TRK	OLH-00018	37.0294270	-7.8398870	37.0294044	-7.8398682	3.02	surface
EDP	MBR-00004	40.9861560	-7.6217190	40.9861395	-7.6217475	3.01	surface
GLP	TVD-00027	39.0975040	-9.2539820	39.0975119	-9.2539486	3.01	surface
ALF	AND-00014	40.4358520	-8.4409140	40.4358260	-8.4409240	3.01	surface
EDP	CBR-00101	40.2374460	-8.4357330	40.2374194	-8.4357397	3.01	surface
EDP	VCT-00028	41.7021450	-8.8190240	41.7021700	-8.8190102	3.01	surface
KLS	OER-00198	38.7413060	-9.3020670	38.7413229	-9.3020940	3.00	surface
GLP	ALB-00029	40.6990800	-8.4616100	40.6990963	-8.4615818	2.99	surface
EGR	ALM-00087	38.6330830	-9.1790100	38.6330647	-9.1790352	2.99	surface
TRK	SJM-00035	40.8977500	-8.4931670	40.8977551	-8.4931321	2.99	surface
HRZ	MBR-90001	40.9785000	-7.6139690	40.9784801	-7.6139928	2.98	surface
REP	MFR-00021	38.9394700	-9.2517010	38.9394951	-9.2517131	2.98	surface
MLT	PRT-00001	41.1617280	-8.6281940	41.1617070	-8.6282161	2.98	surface
EDP	BRB-00004	38.8085200	-7.4586400	38.8084991	-7.4586185	2.98	surface
HRZ	LSB-00961	38.7269300	-9.1655320	38.7269235	-9.1655653	2.98	surface
EDP	LSB-90074	38.7043150	-9.1623500	38.7042923	-9.1623318	2.98	surface
FCT	STB-00125	38.5404430	-8.8658640	38.5404307	-8.8658944	2.98	surface
TRK	CSC-00504	38.7009740	-9.3754720	38.7009907	-9.3754988	2.98	surface
MLT	OER-00038	38.7144900	-9.2332670	38.7145068	-9.2332403	2.98	surface
GLP	CMN-00005	41.8761180	-8.8400670	41.8761209	-8.8400313	2.97	surface
HGP	STS-00030	41.3614900	-8.4079580	41.3614690	-8.4079800	2.97	surface
ACC	CRS-00006	40.4351400	-8.0024220	40.4351640	-8.0024374	2.97	surface
EDP	NZR-00012	39.6076600	-9.0556030	39.6076834	-9.0556197	2.97	surface
MOT	OER-00250	38.7088400	-9.2448170	38.7088441	-9.2447832	2.97	surface
EVC	ORM-00015	39.6539000	-8.5752320	39.6538752	-8.5752192	2.97	surface
GLG	ETZ-00011	38.8451700	-7.6143710	38.8451894	-7.6143475	2.97	surface
EML	LSB-00818	38.7297400	-9.1069050	38.7297635	-9.1069211	2.96	surface
PRI	LSB-00846	38.7882200	-9.1461380	38.7882458	-9.1461295	2.96	surface
GLP	VND-90001	38.6744730	-8.4543830	38.6744464	-8.4543844	2.96	surface
EDP	VRS-90001	37.1819300	-7.4521080	37.1819554	-7.4520980	2.96	surface
MOT	VFX-00082	38.9140550	-9.0241810	38.9140727	-9.0241555	2.96	surface
HEX	GMR-00055	41.4560800	-8.3637950	41.4560639	-8.3638232	2.95	surface
GLP	TVD-00026	39.0975040	-9.2539820	39.0975101	-9.2539487	2.95	surface
GLP	MBR-00008	40.9788440	-7.6132100	40.9788238	-7.6132328	2.95	surface
TRK	MTA-00093	38.6539200	-8.9845590	38.6539462	-8.9845536	2.95	surface
GLP	ALB-00023	40.6859800	-8.4819380	40.6860040	-8.4819231	2.95	surface
HRZ	OER-90013	38.6928060	-9.3143890	38.6928248	-9.3143651	2.94	surface
HRZ	LSB-90143	38.7128870	-9.1600740	38.7128676	-9.1600509	2.94	surface
GLP	MFR-00044	38.9452970	-9.3545950	38.9453190	-9.3545761	2.94	surface
MOT	TVD-00076	39.0854030	-9.2585780	39.0854065	-9.2586117	2.93	surface
GLP	LSB-00347	38.7716520	-9.1252690	38.7716552	-9.1253026	2.93	surface
ITV	PTG-00027	39.2830920	-7.4313140	39.2830764	-7.4312865	2.93	surface
HRZ	MRS-90001	40.7509900	-8.6485180	40.7509742	-8.6485459	2.93	surface
GLP	STB-00037	38.5353360	-8.8652410	38.5353452	-8.8652094	2.93	surface
HLX	FIG-00032	40.1590920	-8.8648470	40.1590978	-8.8648134	2.93	surface
EDP	MBR-00003	40.9863320	-7.6189300	40.9863583	-7.6189287	2.93	surface
HRZ	STS-90001	41.3378870	-8.4771270	41.3378798	-8.4771607	2.93	surface
FAC	MCH-00003	32.7378270	-16.7366800	32.7378288	-16.7366488	2.93	surface
ATL	LSB-01079	38.7153900	-9.1634400	38.7154035	-9.1634111	2.92	surface
EDP	VLC-90002	40.8488160	-8.3920200	40.8487931	-8.3920030	2.92	surface
MOT	VFX-00088	38.8774530	-9.0825890	38.8774778	-9.0825779	2.92	surface
EDP	MGL-00023	40.6082500	-7.7617590	40.6082571	-7.7617257	2.92	surface
GLP	ALQ-00030	39.0554920	-9.0073410	39.0555116	-9.0073635	2.92	surface
EDP	ETR-00009	40.7553500	-8.5364900	40.7553241	-8.5364845	2.92	surface
FCT	PFR-00017	41.2686040	-8.4118350	41.2686253	-8.4118147	2.91	surface
TRK	MTA-00052	38.6451260	-8.9961960	38.6451511	-8.9961866	2.91	surface
TRK	CSC-00357	38.7083700	-9.4046950	38.7083700	-9.4047285	2.91	surface
GLG	LLE-00054	37.0823060	-8.1180160	37.0822910	-8.1180428	2.90	surface
TRK	ETZ-00014	38.8523500	-7.5905700	38.8523510	-7.5905365	2.90	surface
TRK	TMR-00011	39.6076700	-8.4050600	39.6076917	-8.4050788	2.90	surface
GRN	OER-00152	38.6925540	-9.3117250	38.6925315	-9.3117081	2.90	surface
GLP	EVR-90006	38.5663640	-7.9117170	38.5663618	-7.9116838	2.90	surface
GLP	LLE-00204	37.0909000	-8.1130920	37.0909213	-8.1131108	2.90	surface
EDP	ABF-00137	37.0834100	-8.3118100	37.0833854	-8.3117993	2.90	surface
FCT	PMS-00013	39.6239900	-8.8574360	39.6239660	-8.8574491	2.89	surface
GLP	VNG-00079	41.1357200	-8.6184400	41.1357438	-8.6184539	2.89	underground
GLP	VFX-00057	38.9025570	-9.0398360	38.9025647	-9.0398041	2.89	surface
ATL	LSB-80112	38.7380100	-9.1405660	38.7380013	-9.1405346	2.89	surface
FCT	STS-00026	41.3405950	-8.4930200	41.3406192	-8.4930074	2.89	surface
HLX	TND-00023	40.5311470	-8.0554740	40.5311557	-8.0555062	2.89	surface
GLP	ETR-00017	40.7514080	-8.5688860	40.7513830	-8.5688767	2.89	surface
FRR	AVR-00068	40.5199930	-8.4261240	40.5199746	-8.4261481	2.89	surface
HRZ	OLR-90002	39.9519160	-7.8058610	39.9519247	-7.8058291	2.89	surface
MOT	LSB-00413	38.7483000	-9.1659600	38.7483056	-9.1659924	2.88	surface
MLT	PRT-00036	41.1630550	-8.6235530	41.1630784	-8.6235676	2.87	surface
HLX	VNF-00014	41.4119830	-8.5136120	41.4119573	-8.5136152	2.87	surface
LUZ	OLH-00045	37.0296300	-7.8281700	37.0296043	-7.8281673	2.87	surface
REM	GMR-00167	41.4419400	-8.3800570	41.4419199	-8.3800355	2.86	surface
HEX	GMR-00071	41.4523540	-8.2754800	41.4523450	-8.2754478	2.86	surface
TRK	BRR-00027	38.6651100	-9.0763720	38.6650860	-9.0763601	2.86	surface
REM	PFR-00027	41.3136800	-8.3387920	41.3136568	-8.3387772	2.86	surface
ATL	ALM-80024	38.6176100	-9.1911300	38.6175877	-9.1911136	2.86	surface
HLX	FLG-00036	41.3716050	-8.2041220	41.3716196	-8.2041502	2.86	surface
ENB	SNT-00203	38.7711000	-9.3468500	38.7711233	-9.3468362	2.85	surface
EDP	PNC-00002	40.1642300	-7.1732690	40.1642310	-7.1732355	2.85	surface
GLD	BCL-00023	41.5358050	-8.6137600	41.5357829	-8.6137773	2.85	surface
MOT	VFX-00081	38.9169540	-9.0245080	38.9169593	-9.0244758	2.85	surface
TRK	OLH-00009	37.0273930	-7.8502860	37.0274145	-7.8503034	2.85	surface
EVI	SNT-00153	38.7680300	-9.2787540	38.7680106	-9.2787754	2.85	surface
HLX	GLG-00006	39.4029000	-8.4881340	39.4029254	-8.4881371	2.84	underground
HLX	OBD-00018	39.3902800	-9.2879000	39.3903048	-9.2879077	2.84	surface
GLP	LSB-90521	38.6966860	-9.2015420	38.6966903	-9.2015098	2.84	surface
FCT	OER-00222	38.7507600	-9.3045150	38.7507386	-9.3044973	2.83	surface
GLP	ACB-00031	39.6680680	-8.9998280	39.6680934	-8.9998300	2.83	surface
ATL	GRD-00028	40.5590000	-7.2503300	40.5589951	-7.2503628	2.82	surface
EDP	BAO-00002	41.1048130	-8.0607640	41.1048296	-8.0607895	2.82	surface
GLP	LLE-00205	37.0914760	-8.1041990	37.0914824	-8.1042298	2.82	surface
MLT	ORM-00002	39.6546750	-8.5967990	39.6546848	-8.5968294	2.82	surface
FCT	VVR-00007	39.6567760	-7.6608977	39.6567623	-7.6609254	2.82	surface
GLP	PLM-00027	38.5856130	-8.9300350	38.5855970	-8.9300601	2.82	surface
TRK	MTA-00088	38.6471560	-9.0410950	38.6471335	-9.0411098	2.81	surface
REP	CRS-00002	40.4261320	-8.0142860	40.4261121	-8.0142655	2.81	surface
ATL	LSB-80026	38.7600820	-9.1824420	38.7601009	-9.1824205	2.81	surface
GLP	VFR-00074	40.9118040	-8.4942310	40.9117907	-8.4942026	2.81	surface
GSF	SBG-00003	40.3584750	-6.9689190	40.3584732	-6.9688860	2.80	surface
GLP	VFX-00068	38.8739000	-9.0568100	38.8739229	-9.0567966	2.80	surface
FAC	CLT-00007	32.7377130	-17.2108670	32.7377279	-17.2108911	2.80	surface
FCT	TNV-00023	39.4711400	-8.5429540	39.4711464	-8.5429225	2.80	surface
PRI	CBR-00107	40.1942140	-8.4327250	40.1942135	-8.4326921	2.79	surface
ATL	IDN-00007	40.0151750	-7.3211500	40.0151664	-7.3211808	2.79	surface
GLP	LSB-80047	38.7347700	-9.1797330	38.7347485	-9.1797164	2.79	surface
ATL	ACH-00042	38.7517200	-8.9451000	38.7517075	-8.9450721	2.79	surface
PRI	PSR-00015	39.2077030	-8.0562150	39.2076801	-8.0562282	2.79	surface
GLP	PNF-00054	41.2111850	-8.2708460	41.2111603	-8.2708517	2.79	surface
EDP	MGR-90001	39.7480960	-8.9340190	39.7481091	-8.9339912	2.79	surface
TRK	SJM-00025	40.9049800	-8.4962470	40.9050043	-8.4962390	2.78	surface
HRZ	LSB-90093	38.7475800	-9.1515250	38.7475727	-9.1514943	2.78	surface
HLX	SPS-00016	40.7387660	-8.0867100	40.7387531	-8.0866817	2.78	surface
ATL	CBR-80007	40.2115800	-8.4324040	40.2115628	-8.4323802	2.78	surface
EDP	CHM-00007	39.3575630	-8.4743990	39.3575666	-8.4744310	2.78	surface
GLP	BBR-00012	39.2628600	-9.1555560	39.2628683	-9.1555864	2.78	surface
GLP	VRS-00013	37.1571900	-7.5667460	37.1571657	-7.5667390	2.77	surface
HLX	PDL-00019	37.7499580	-25.6747260	37.7499829	-25.6747246	2.77	surface
FAC	SCR-00022	32.6515160	-16.8593500	32.6515409	-16.8593513	2.77	surface
ATL	LSB-80163	38.7027470	-9.1698820	38.7027627	-9.1699068	2.77	surface
HEX	LSB-00829	38.7596900	-9.1974100	38.7596752	-9.1973843	2.77	surface
GLG	LGS-00002	37.1488340	-8.7039390	37.1488132	-8.7039562	2.77	surface
ATL	ORQ-00005	37.6534000	-8.2340700	37.6534223	-8.2340839	2.77	surface
REP	CNT-00022	40.3444860	-8.5820040	40.3444852	-8.5819714	2.76	surface
HRZ	ODV-00018	38.7922860	-9.2157540	38.7922615	-9.2157594	2.76	surface
GLP	PNI-00016	39.3608970	-9.3800680	39.3609001	-9.3800361	2.76	surface
MOT	VLC-00024	40.8509200	-8.3923870	40.8508957	-8.3923803	2.76	surface
TRK	CNF-00011	41.0732350	-8.0937580	41.0732378	-8.0937253	2.76	surface
TRK	LSA-00005	40.1115950	-8.2508120	40.1116196	-8.2508160	2.76	surface
FCT	AVR-00064	40.6313500	-8.6407060	40.6313259	-8.6407135	2.75	surface
EDP	ORM-00028	39.6590580	-8.5828220	39.6590687	-8.5828510	2.75	surface
GLP	CSC-00122	38.7389700	-9.3980255	38.7389473	-9.3980129	2.75	underground
HRZ	VNG-00233	41.0438460	-8.5697740	41.0438249	-8.5697569	2.75	surface
HLX	BNV-00016	38.9606480	-8.8189670	38.9606656	-8.8189893	2.75	surface
PRI	SRT-00005	39.9114530	-8.1297010	39.9114777	-8.1297010	2.75	surface
NRG	STR-00026	39.2610780	-8.6817510	39.2610969	-8.6817715	2.74	surface
EDP	PRT-00262	41.1528300	-8.6298830	41.1528069	-8.6298715	2.74	underground
FAC	CLT-00005	32.7208060	-17.1783070	32.7208213	-17.1783300	2.74	underground
GLP	EPS-00025	41.4924430	-8.7834520	41.4924366	-8.7834838	2.74	surface
EDP	VLN-00009	42.0217320	-8.6402950	42.0217534	-8.6402785	2.74	surface
REP	MGR-00018	39.7349320	-8.9323510	39.7349089	-8.9323400	2.74	surface
LCG	LLE-00187	37.1288450	-8.0368990	37.1288204	-8.0368990	2.74	surface
EML	LSB-00817	38.7297400	-9.1069050	38.7297404	-9.1068735	2.73	surface
GLP	VFX-00105	38.8523640	-9.0738500	38.8523885	-9.0738507	2.72	surface
FCT	LRS-00130	38.8486980	-9.1811110	38.8487199	-9.1810970	2.72	surface
TRK	PRG-00015	41.1709180	-7.8052500	41.1708968	-7.8052339	2.72	surface
TRK	MTA-00054	38.6569980	-8.9933660	38.6570085	-8.9933378	2.71	surface
EDP	VCD-00051	41.3036230	-8.7028930	41.3036472	-8.7028970	2.71	surface
REP	ESP-00017	40.9919900	-8.6301000	40.9920129	-8.6300889	2.71	surface
EVI	SNT-00154	38.8015100	-9.3359540	38.8014940	-9.3359304	2.71	surface
DTE	AGD-00035	40.5963440	-8.5060080	40.5963552	-8.5059795	2.71	surface
TRK	MTA-00081	38.6546500	-9.0409320	38.6546720	-9.0409454	2.71	surface
LCG	LLE-00058	37.2405170	-7.9382670	37.2404964	-7.9382833	2.71	surface
REM	CNF-00010	41.0718880	-8.1912340	41.0719042	-8.1912099	2.71	surface
FCT	BJA-00031	38.0194000	-7.8530107	38.0194201	-7.8529933	2.71	surface
TRK	FIG-00060	40.1609900	-8.8681620	40.1610125	-8.8681741	2.70	surface
TRK	BRR-00059	38.6594200	-9.0800550	38.6594068	-9.0800811	2.70	surface
GLP	GMR-90007	41.4352700	-8.2937220	41.4352812	-8.2937507	2.70	surface
GLP	OER-00020	38.7241670	-9.2141130	38.7241720	-9.2140826	2.70	surface
MLT	SXL-00008	38.6284030	-9.1123620	38.6284132	-9.1123901	2.69	surface
MOT	VFX-00092	38.8786620	-9.0706110	38.8786769	-9.0706355	2.69	surface
HRZ	VCT-00058	41.6807100	-8.7793490	41.6807219	-8.7793208	2.69	surface
REP	LSB-00553	38.7389100	-9.2026230	38.7389097	-9.2026540	2.69	surface
EDP	PLM-00059	38.5721470	-8.9028320	38.5721491	-8.9028012	2.69	surface
HRZ	BCL-90004	41.5317600	-8.6180060	41.5317729	-8.6180333	2.69	surface
ATL	STR-00035	39.2475700	-8.6923700	39.2475888	-8.6923504	2.69	surface
TRK	BRR-00048	38.6445430	-9.0627860	38.6445452	-9.0628168	2.69	surface
HRZ	MNC-00004	42.0748200	-8.4954550	42.0748134	-8.4954237	2.69	surface
EVA	BRG-00149	41.5433300	-8.4405520	41.5433060	-8.4405490	2.68	surface
TRK	MTJ-00112	38.7050800	-8.9648285	38.7050565	-8.9648218	2.68	surface
DTE	TMC-00004	41.1747970	-7.0527530	41.1747768	-7.0527704	2.68	surface
ATL	PRT-00226	41.1734920	-8.6264580	41.1734976	-8.6264891	2.68	surface
GLP	PCV-00008	40.3372100	-8.2158640	40.3372270	-8.2158863	2.67	surface
ATL	VFR-00080	40.9213600	-8.4993200	40.9213377	-8.4993318	2.67	surface
HRZ	STR-00069	39.2599370	-8.7028480	39.2599518	-8.7028236	2.67	surface
TRK	MTJ-00063	38.7059330	-8.9542250	38.7059392	-8.9541953	2.67	surface
CPS	PTG-00023	39.2789570	-7.4318540	39.2789331	-7.4318513	2.67	surface
TRK	FIG-00065	40.1606180	-8.8706000	40.1606364	-8.8705799	2.67	surface
EML	LSB-01333	38.7823560	-9.1597320	38.7823333	-9.1597222	2.66	surface
ATL	CBR-00115	40.2353300	-8.4165100	40.2353525	-8.4164993	2.66	surface
PRI	BNV-00004	38.9179730	-8.8697330	38.9179535	-8.8697152	2.66	surface
ATL	ALM-80007	38.6693530	-9.1655170	38.6693540	-9.1654864	2.66	underground
MOT	LSB-00414	38.7483000	-9.1659600	38.7483075	-9.1659891	2.66	surface
SEG	RGR-00017	37.8327940	-25.3913100	37.8327707	-25.3913033	2.66	surface
EML	LSB-01317	38.7526200	-9.1965030	38.7526407	-9.1965183	2.66	surface
HGP	STS-00031	41.3614900	-8.4079580	41.3614689	-8.4079729	2.66	surface
HLX	PLM-00009	38.5856860	-8.9994080	38.5857054	-8.9994258	2.65	surface
HLX	PRD-00029	41.2001760	-8.3465370	41.2001721	-8.3465683	2.65	surface
HRZ	SMG-90001	39.0239200	-8.7933060	39.0238979	-8.7932944	2.65	surface
GLP	MOBI-LSB-00262	38.7568300	-9.1753790	38.7568070	-9.1753871	2.65	underground
HRZ	VCT-00062	41.6809100	-8.7780905	41.6809300	-8.7780731	2.65	surface
GLP	BTL-90001	39.6577720	-8.8216300	39.6577915	-8.8216478	2.65	surface
DTE	AGD-00030	40.5645830	-8.5276390	40.5645629	-8.5276222	2.65	surface
FCT	IDN-00005	40.0328180	-7.0094680	40.0328020	-7.0094450	2.65	surface
SEG	AGH-00014	38.6594400	-27.1191790	38.6594232	-27.1191575	2.64	surface
TRK	LSB-01220	38.7293900	-9.1255100	38.7294127	-9.1255188	2.64	surface
MLT	MFR-00010	38.9392170	-9.3351130	38.9392063	-9.3351402	2.64	surface
GLP	BRG-00156	41.5625270	-8.3948290	41.5625325	-8.3947982	2.63	surface
GLP	ACB-00029	39.5488100	-8.9758960	39.5487875	-8.9758864	2.63	surface
GLP	VFR-00058	40.9223180	-8.4698040	40.9222948	-8.4698102	2.63	surface
EDP	PRT-00261	41.1528300	-8.6298830	41.1528502	-8.6298667	2.63	underground
LCG	LLE-00065	37.3637920	-7.9615610	37.3637684	-7.9615594	2.63	surface
PRI	SAT-00002	40.7370800	-7.7756395	40.7370587	-7.7756530	2.63	surface
TRK	GDL-00015	38.0716800	-8.4185180	38.0716843	-8.4185475	2.63	surface
GLP	OER-00169	38.6839560	-9.3164040	38.6839783	-9.3164136	2.62	surface
TRK	AVT-00003	38.2899800	-8.0391900	38.2899841	-8.0392195	2.61	surface
GLP	CTB-90001	39.8231100	-7.4921470	39.8231073	-7.4921774	2.61	surface
GLP	VFR-00061	40.9679900	-8.5380440	40.9679962	-8.5380140	2.61	surface
EDP	LRS-90021	38.7945820	-9.1019830	38.7945686	-9.1019583	2.61	surface
GLP	PVL-00007	41.5753560	-8.2769910	41.5753359	-8.2769749	2.61	surface
HLX	PRD-00031	41.2001760	-8.3465370	41.2001629	-8.3465112	2.60	surface
DTE	FND-00030	40.1422960	-7.5015610	40.1422745	-7.5015489	2.60	surface
HRZ	VNC-00002	41.9469800	-8.7415890	41.9470030	-8.7415948	2.60	surface
ENB	ODV-00054	38.8143500	-9.1878800	38.8143290	-9.1878668	2.60	surface
TRK	CSC-00231	38.6950700	-9.3736830	38.6950930	-9.3736776	2.60	surface
REP	LSB-00378	38.7553700	-9.1830500	38.7553491	-9.1830366	2.60	surface
TRK	CMN-00018	41.8142970	-8.8584940	41.8142740	-8.8584994	2.60	surface
DTE	ILH-00022	40.6113900	-8.7492510	40.6113671	-8.7492450	2.60	surface
EVP	PTM-00046	37.1176600	-8.5295200	37.1176569	-8.5295490	2.59	surface
GLP	PRL-90001	38.3068300	-7.7078060	38.3068386	-7.7077784	2.59	surface
GLP	LLE-00119	37.0870440	-8.1210050	37.0870664	-8.1209970	2.59	surface
GLP	SMP-90001	41.2110020	-7.7881340	41.2109790	-7.7881292	2.59	surface
HRZ	LLE-00149	37.0735660	-8.0797950	37.0735620	-8.0798237	2.58	surface
PRI	PRT-00217	41.1777300	-8.6485660	41.1777454	-8.6485429	2.58	surface
GLP	MFR-00049	38.9651150	-9.4077250	38.9651381	-9.4077280	2.58	surface
TRK	MTA-00084	38.6540800	-9.0391190	38.6540873	-9.0390908	2.58	surface
GLP	OHP-00025	40.2943760	-7.9027340	40.2943586	-7.9027541	2.58	surface
EDP	LRA-00154	39.7710530	-8.7788770	39.7710334	-8.7788609	2.58	surface
HRZ	VNF-00031	41.4428020	-8.4955750	41.4427885	-8.4956001	2.57	surface
HLX	OBD-00017	39.3902800	-9.2879000	39.3903015	-9.2879111	2.57	surface
GLP	MLG-00015	42.1051030	-8.2867510	42.1050821	-8.2867376	2.57	surface
GLP	CBR-90001	40.2116800	-8.4263200	40.2117031	-8.4263215	2.57	surface
PRI	BRG-00151	41.5678560	-8.3817060	41.5678334	-8.3816996	2.57	surface
GLP	MFR-00048	38.9308240	-9.2519450	38.9308194	-9.2519159	2.57	surface
ECI	FNC-00051	32.6593900	-16.9405500	32.6593678	-16.9405425	2.57	surface
HRZ	SJM-00049	40.8889000	-8.4920800	40.8889166	-8.4920588	2.57	underground
EDP	VFX-00076	38.9086270	-9.0289670	38.9086054	-9.0289774	2.56	surface
TRK	BRR-00050	38.6366840	-9.0466920	38.6366956	-9.0467175	2.56	surface
TRK	MTA-00043	38.6455150	-9.0259300	38.6455370	-9.0259387	2.56	surface
GLP	PNF-00026	41.1661870	-8.3532540	41.1661930	-8.3532835	2.56	surface
FCT	RSD-00004	41.1096080	-7.9531470	41.1096117	-7.9531169	2.56	surface
FCT	CLD-00034	39.3923070	-9.1310620	39.3922940	-9.1310375	2.55	surface
HRZ	PTG-90003	39.2894330	-7.4291740	39.2894264	-7.4291456	2.55	surface
HRZ	OBD-90005	39.3588400	-9.1567750	39.3588355	-9.1568041	2.55	surface
GLP	BRG-00038	41.5674100	-8.4004930	41.5674153	-8.4005228	2.55	underground
HRZ	LSB-00953	38.7371560	-9.1278360	38.7371435	-9.1278114	2.55	surface
GEN	GMR-00079	41.4807780	-8.2587220	41.4807670	-8.2586952	2.55	surface
SEG	RGR-00018	37.8171230	-25.5313260	37.8171103	-25.5313501	2.54	surface
DTE	CVL-00038	40.3145300	-7.4612500	40.3145075	-7.4612446	2.54	surface
TRK	MTJ-00048	38.7102280	-8.9865600	38.7102060	-8.9865520	2.54	surface
GLP	SLV-00020	37.2548870	-8.2856050	37.2548731	-8.2855822	2.54	surface
GLP	ALB-00028	40.7412600	-8.4456310	40.7412519	-8.4456028	2.54	surface
HEX	LSB-00830	38.7596900	-9.1974100	38.7597121	-9.1974174	2.54	surface
GLP	VNG-00080	41.1357200	-8.6184400	41.1357007	-8.6184562	2.54	underground
LCG	LLE-00188	37.1316760	-8.1592490	37.1316574	-8.1592326	2.53	surface
EDP	LLE-00221	37.1369360	-8.0092170	37.1369585	-8.0092210	2.53	surface
DTE	AGD-00034	40.5620800	-8.4641810	40.5620800	-8.4641511	2.53	surface
EDP	AMT-00018	41.2714400	-8.0750110	41.2714466	-8.0749821	2.52	surface
TRK	CSC-00329	38.7133560	-9.4246690	38.7133372	-9.4246852	2.52	surface
FCT	AMT-00028	41.2757870	-8.0821200	41.2757684	-8.0821372	2.52	surface
HLX	PDL-00018	37.7499580	-25.6747260	37.7499803	-25.6747309	2.52	surface
HLX	CBR-00110	40.1976930	-8.4330820	40.1977131	-8.4330686	2.51	surface
GLP	ALB-00027	40.6588360	-8.5363740	40.6588431	-8.5363458	2.51	surface
CME	LRA-00161	39.7541050	-8.8550090	39.7541083	-8.8549800	2.51	surface
EML	LSB-01069	38.7310370	-9.1285790	38.7310272	-9.1285530	2.50	surface
TRK	VNH-00003	41.8338620	-7.0042780	41.8338487	-7.0042536	2.50	surface
HLX	LOU-00017	41.3227350	-8.3160360	41.3227310	-8.3160065	2.50	surface
ECI	PVZ-00030	41.3780000	-8.7660790	41.3779799	-8.7660925	2.50	surface
GLP	TVD-00090	39.1122170	-9.3927150	39.1122359	-9.3926993	2.50	surface
EDP	VMS-00003	41.5835800	-6.5318610	41.5835579	-6.5318664	2.50	surface
GLP	PCT-00006	40.6767850	-7.7064880	40.6767731	-7.7065131	2.50	surface
REP	AVR-00041	40.6514630	-8.6086060	40.6514640	-8.6085765	2.49	surface
ATL	MIR-00008	40.4353800	-8.7277030	40.4354005	-8.7277147	2.49	surface
EML	LSB-00355	38.6975800	-9.2255800	38.6975747	-9.2256078	2.48	surface
TRK	MTJ-00085	38.7114700	-8.9746440	38.7114894	-8.9746581	2.48	surface
FCT	SNT-00178	38.7889200	-9.3738990	38.7888990	-9.3738894	2.48	surface
EVP	MFR-00025	38.9437300	-9.3375380	38.9437240	-9.3375104	2.48	surface
ATL	ETR-00014	40.7625300	-8.5704570	40.7625468	-8.5704377	2.48	surface
EDP	VNG-00083	41.1431100	-8.6477800	41.1431071	-8.6478093	2.47	surface
REP	VNG-00158	41.0843660	-8.6190930	41.0843519	-8.6191158	2.47	surface
EDP	PFR-00011	41.2848800	-8.3582670	41.2849022	-8.3582657	2.47	surface
EDP	LSB-00693	38.7877580	-9.1157460	38.7877549	-9.1157178	2.47	surface
TRK	CSC-00523	38.6976130	-9.4373350	38.6976313	-9.4373511	2.47	surface
SEG	HRT-00005	38.5428900	-28.6204680	38.5428973	-28.6204412	2.47	surface
HLX	OBD-00012	39.3856100	-9.2825100	39.3855982	-9.2824857	2.47	surface
HRZ	SNT-00125	38.7739500	-9.3438580	38.7739714	-9.3438654	2.46	surface
EDP	LMG-00024	41.0942400	-7.8113930	41.0942322	-7.8113655	2.46	surface
FAC	RBR-00002	32.6735530	-17.0641210	32.6735747	-17.0641158	2.46	surface
CPS	PRD-00020	41.2032170	-8.3404960	41.2032019	-8.3405175	2.46	surface
GLP	MDL-00013	41.4776650	-7.1786390	41.4776429	-7.1786377	2.46	surface
FCT	CSC-00184	38.7283440	-9.3285120	38.7283478	-9.3284841	2.46	surface
EDP	ETZ-90001	38.8455920	-7.5825410	38.8455794	-7.5825643	2.46	surface
REP	PLM-00011	38.5617680	-8.8876030	38.5617670	-8.8875748	2.45	surface
FCT	AGD-00018	40.5280950	-8.4486910	40.5280790	-8.4487110	2.45	surface
EDP	STB-00080	38.5305200	-8.9018510	38.5305293	-8.9018255	2.45	surface
HRZ	ABT-00023	39.4740640	-8.1928400	39.4740460	-8.1928564	2.45	surface
MLT	OER-00036	38.7416950	-9.2850990	38.7416913	-9.2850712	2.45	surface
GLP	CTM-00015	37.2477230	-7.4505570	37.2477025	-7.4505470	2.45	surface
FCT	SMG-00012	39.0215000	-8.7945720	39.0214831	-8.7945539	2.44	surface
EDP	VNG-00182	41.1152100	-8.5826000	41.1151994	-8.5825745	2.44	surface
FCT	ENT-00010	39.4606630	-8.4933790	39.4606413	-8.4933751	2.44	surface
GLP	LNH-00036	39.2474600	-9.2235570	39.2474714	-9.2235811	2.43	surface
PRI	AVR-00097	40.6096600	-8.6161110	40.6096600	-8.6161398	2.43	surface
EDP	CNF-00006	41.0703740	-8.2306830	41.0703887	-8.2307044	2.43	surface
TRK	MTA-00033	38.6475680	-9.0249390	38.6475889	-9.0249470	2.43	surface
EDP	VNF-00025	41.4030700	-8.5151760	41.4030670	-8.5151472	2.43	surface
HRZ	APC-90001	39.2573300	-8.5852220	39.2573114	-8.5852367	2.42	surface
HLX	MTS-00136	41.2113300	-8.6844850	41.2113353	-8.6845131	2.42	surface
EDP	PVZ-00020	41.3940730	-8.7642360	41.3940851	-8.7642119	2.42	surface
REP	PMS-00010	39.5964970	-8.8168820	39.5965063	-8.8168565	2.42	surface
GLP	FLG-90002	41.3215300	-8.1454270	41.3215101	-8.1454155	2.41	surface
GLP	PTM-00088	37.1391030	-8.5460500	37.1390848	-8.5460648	2.41	surface
ATL	LSB-80105	38.7566030	-9.1441620	38.7565913	-9.1441386	2.41	surface
ATL	VNG-00136	41.0889970	-8.6288150	41.0889755	-8.6288186	2.41	surface
HRZ	EVR-00050	38.5598200	-7.8967550	38.5598337	-7.8967763	2.40	surface
PRI	MTS-00120	41.2182400	-8.6950110	41.2182195	-8.6950022	2.40	surface
DTE	CVL-00021	40.3400000	-7.4069720	40.3400164	-7.4069537	2.39	surface
DTE	ILH-00018	40.6334150	-8.7465000	40.6334059	-8.7464743	2.39	surface
GLP	SLV-00024	37.1659660	-8.3014350	37.1659446	-8.3014323	2.39	surface
TRK	BRR-00058	38.6600700	-9.0758220	38.6600531	-9.0758390	2.39	surface
EDP	ABF-00134	37.0770650	-8.2791370	37.0770629	-8.2791638	2.39	surface
IBD	VPA-00005	41.5439640	-7.6015244	41.5439429	-7.6015190	2.39	surface
EDP	VFX-00029	38.9220620	-8.8852620	38.9220500	-8.8852391	2.39	surface
EDP	VMS-00002	41.5895300	-6.5278670	41.5895260	-6.5278388	2.39	surface
ATL	ALT-80001	39.1975300	-7.6594170	39.1975111	-7.6594301	2.39	surface
EDP	VNG-90013	41.1290050	-8.6676010	41.1289838	-8.6676052	2.38	surface
LUZ	LGA-00049	37.1260870	-8.4528430	37.1260798	-8.4528683	2.38	surface
PRI	PRT-00291	41.1790540	-8.6299030	41.1790638	-8.6299283	2.38	surface
GLP	VFX-00123	38.9532620	-8.9903940	38.9532766	-8.9904141	2.38	surface
EDP	MFR-00022	38.9434170	-9.3422690	38.9434156	-9.3422964	2.37	surface
HLX	SNT-00120	38.7787500	-9.3551900	38.7787319	-9.3551755	2.37	surface
GLP	VFX-00127	38.9329700	-9.0169570	38.9329909	-9.0169516	2.37	surface
TRK	BJA-00042	38.0151940	-7.8690834	38.0151871	-7.8690578	2.37	surface
HLX	BRR-00013	38.6562200	-9.0568600	38.6562165	-9.0568869	2.37	surface
FCT	SMG-00013	39.0490460	-8.7323490	39.0490248	-8.7323515	2.37	surface
ECI	ACN-00017	39.4681300	-8.6630470	39.4681198	-8.6630228	2.37	surface
FCT	BNV-00014	38.9160650	-8.8819390	38.9160662	-8.8819663	2.37	surface
EDP	MCQ-00003	37.3126560	-8.5562210	37.3126363	-8.5562311	2.37	surface
ALF	AND-00020	40.4774000	-8.4532000	40.4774153	-8.4532194	2.36	surface
REP	FUN-00039	32.6496900	-16.9360800	32.6497108	-16.9360749	2.36	surface
HRZ	CMN-00021	41.8116600	-8.8600260	41.8116630	-8.8599978	2.36	surface
GLP	FEUP-00002	41.1779560	-8.5986250	41.1779731	-8.5986417	2.36	surface
ENB	SNT-00201	38.7709920	-9.3467630	38.7710088	-9.3467464	2.36	surface
MLT	OER-00062	38.7139470	-9.2252730	38.7139680	-9.2252762	2.35	surface
FCT	MRS-00005	40.7501700	-8.6462960	40.7501895	-8.6463068	2.35	surface
HRZ	CSC-00336	38.7311550	-9.4193125	38.7311686	-9.4192918	2.35	surface
ENB	AVR-00099	40.6270300	-8.6453800	40.6270281	-8.6453523	2.35	underground
GLP	VCT-00023	41.6796100	-8.7670830	41.6796014	-8.7670572	2.35	surface
GLP	PRD-00038	41.2052000	-8.3309620	41.2052173	-8.3309780	2.34	surface
GLP	TBU-90001	40.3600100	-8.0276800	40.3600112	-8.0276524	2.34	surface
TRK	OLH-00016	37.0269200	-7.8399430	37.0269306	-7.8399202	2.34	surface
HRZ	PLM-00006	38.6358700	-8.8991180	38.6358659	-8.8991444	2.34	surface
TRK	CSC-00239	38.6893900	-9.3417010	38.6893921	-9.3416742	2.34	surface
GLP	SXL-00027	38.6213840	-9.0953650	38.6214026	-9.0953525	2.34	surface
SEG	SRQ-00002	38.5253070	-28.3190560	38.5253187	-28.3190337	2.34	surface
TRK	MTA-00063	38.6486660	-8.9849580	38.6486828	-8.9849741	2.33	surface
EVA	BRG-00150	41.5426450	-8.4397190	41.5426581	-8.4396971	2.33	surface
EDP	VCD-00017	41.3362460	-8.7352760	41.3362661	-8.7352680	2.33	surface
EDP	LSB-01056	38.7450700	-9.2026580	38.7450865	-9.2026414	2.33	surface
TRK	CSC-00331	38.7432980	-9.3888060	38.7432970	-9.3887792	2.33	surface
TRK	BJA-00036	38.0199170	-7.8723200	38.0199323	-7.8723019	2.33	surface
GLG	SNS-00006	37.9595380	-8.8586480	37.9595180	-8.8586403	2.32	surface
MLT	OER-00031	38.6955900	-9.3080690	38.6955994	-9.3080451	2.32	surface
TRK	SJM-00022	40.8940280	-8.4948060	40.8940072	-8.4948080	2.32	surface
ATL	VFX-00150	38.8703900	-9.0857200	38.8703963	-9.0856945	2.32	surface
ATL	OER-00284	38.7149400	-9.2406600	38.7149449	-9.2406859	2.31	surface
GLP	PRD-00037	41.2052000	-8.3309620	41.2052141	-8.3309823	2.31	surface
EDP	VIS-00103	40.6590840	-7.9084090	40.6590647	-7.9084191	2.31	surface
GLP	EPS-00029	41.5172350	-8.7863160	41.5172411	-8.7863425	2.31	surface
ITV	MTJ-00065	38.6836000	-8.6119160	38.6836184	-8.6119283	2.31	surface
GLP	LSB-00030	38.7852670	-9.0995280	38.7852638	-9.0995017	2.31	surface
GLP	ACB-00037	39.4265300	-8.9800820	39.4265496	-8.9800732	2.31	surface
IBD	ABF-00062	37.0804700	-8.2873060	37.0804499	-8.2873123	2.30	surface
FCT	ACB-00027	39.5458030	-8.9695110	39.5458059	-8.9695376	2.30	surface
HRZ	VNG-00234	41.0438460	-8.5697740	41.0438667	-8.5697741	2.30	surface
ATL	NZR-00027	39.5353160	-9.0820540	39.5353149	-9.0820808	2.30	surface
GLP	MOBI-BRG-00091	41.5781300	-8.4321190	41.5781430	-8.4320975	2.30	surface
HRZ	FAR-00052	37.0278050	-7.9196400	37.0277855	-7.9196486	2.30	surface
GLP	STS-00033	41.3385930	-8.4800390	41.3385934	-8.4800665	2.30	surface
TRK	LSB-01208	38.7262400	-9.1138100	38.7262578	-9.1137966	2.30	surface
EDP	ORM-00027	39.6590580	-8.5828220	39.6590540	-8.5827957	2.29	surface
GLG	CLB-00002	40.6300130	-7.3579630	40.6300295	-7.3579793	2.29	surface
EDP	VCD-00026	41.3495330	-8.7532710	41.3495129	-8.7532650	2.29	surface
TRK	MTA-00038	38.6528170	-9.0059020	38.6527987	-9.0059141	2.29	surface
ECI	FNC-00050	32.6563700	-16.9431800	32.6563870	-16.9431938	2.29	surface
ATL	SNT-80005	38.8029400	-9.3838530	38.8029560	-9.3838364	2.29	surface
EDP	LNH-00017	39.2372250	-9.3076850	39.2372264	-9.3076585	2.29	surface
GLP	PCT-00005	40.6767850	-7.7064880	40.6767720	-7.7065089	2.28	surface
GLG	GDM-00030	41.1959530	-8.5762090	41.1959329	-8.5762143	2.28	surface
GLP	OBR-00020	40.4999350	-8.5875230	40.4999330	-8.5875498	2.28	surface
FCT	BJA-00057	38.0098400	-7.8749776	38.0098470	-7.8750020	2.28	surface
HRZ	PLM-00031	38.5829700	-8.8924230	38.5829517	-8.8924347	2.27	surface
FCT	STN-00005	32.8108330	-16.8849100	32.8108511	-16.8849213	2.27	surface
ATL	CBR-00114	40.2353300	-8.4166100	40.2353380	-8.4166346	2.27	surface
ECI	MLD-00020	40.3800000	-8.4524170	40.3800204	-8.4524170	2.27	surface
GLG	BRG-00027	41.5520000	-8.4091490	41.5520095	-8.4091249	2.27	surface
EVP	OER-00014	38.7227550	-9.2471240	38.7227753	-9.2471261	2.26	surface
PRI	OLR-00005	39.9196660	-7.9132996	39.9196511	-7.9132815	2.26	surface
DTE	AGD-00028	40.5695400	-8.3672060	40.5695405	-8.3671792	2.26	surface
GLG	HRT-00001	38.5286670	-28.6301800	38.5286792	-28.6302008	2.26	surface
EDP	PRT-00076	41.1626660	-8.5699440	41.1626830	-8.5699292	2.26	surface
TRK	SJM-00039	40.9035570	-8.4956940	40.9035367	-8.4956953	2.26	surface
EDP	VVC-00006	38.7703300	-7.4156350	38.7703101	-7.4156402	2.26	surface
ENB	VCT-00061	41.6834800	-8.8096300	41.6834709	-8.8096057	2.26	surface
MLT	ABF-00042	37.1033300	-8.2335330	37.1033435	-8.2335140	2.26	surface
TRK	OFR-00007	40.7391800	-8.1726710	40.7391921	-8.1726925	2.26	surface
EDP	RDD-00002	38.6536200	-7.5478280	38.6536125	-7.5478039	2.25	surface
GLP	TBR-00012	41.7504000	-8.1981380	41.7503890	-8.1981608	2.25	surface
REP	CSC-00078	38.6961800	-9.4481070	38.6961628	-9.4480933	2.25	surface
EDP	PPS-90001	40.0476300	-7.9514980	40.0476366	-7.9514730	2.25	surface
EDP	ABT-00026	39.4565240	-8.1983010	39.4565440	-8.1982970	2.25	surface
GLP	BRG-90011	41.5825920	-8.4234990	41.5825720	-8.4235031	2.25	surface
HLX	OAZ-00024	40.8790700	-8.4707760	40.8790517	-8.4707647	2.25	surface
PRI	VNG-00192	41.1087650	-8.5738850	41.1087844	-8.5738776	2.24	surface
IBD	CBR-00117	40.2531660	-8.4344170	40.2531486	-8.4344036	2.24	underground
FCT	SXL-00081	38.5981860	-9.1400550	38.5981756	-9.1400771	2.24	surface
ATL	LSB-80007	38.7034650	-9.2066580	38.7034547	-9.2066358	2.24	surface
TRK	MTA-00032	38.6798800	-8.9834540	38.6798978	-8.9834419	2.24	surface
PTE	VFR-00078	40.9211240	-8.5024920	40.9211040	-8.5024889	2.24	surface
MOT	PRT-00143	41.1721600	-8.6098995	41.1721564	-8.6099258	2.24	surface
DTE	CVL-00029	40.2649770	-7.4922230	40.2649719	-7.4921975	2.24	surface
TRK	OLH-00022	37.0346500	-7.8286440	37.0346318	-7.8286333	2.24	surface
HRZ	PLM-00007	38.6359020	-8.8991290	38.6358976	-8.8991541	2.23	surface
ITV	AND-00013	40.4038930	-8.4534600	40.4039124	-8.4534668	2.23	surface
GLP	BRG-00136	41.5647200	-8.4200620	41.5647190	-8.4200352	2.23	surface
GLP	VFR-00041	41.0089200	-8.4830730	41.0089025	-8.4830600	2.23	surface
TRK	PCV-00005	40.3032600	-8.3214580	40.3032724	-8.3214786	2.23	surface
GLP	ABF-00164	37.0861050	-8.2437990	37.0861245	-8.2438046	2.22	surface
FAC	FNC-00069	32.6529300	-16.9018200	32.6529356	-16.9018428	2.22	underground
TRK	MTA-00069	38.6499000	-9.0408890	38.6498801	-9.0408877	2.22	surface
EDP	CNT-00016	40.3607750	-8.6084390	40.3607863	-8.6084605	2.21	surface
EML	LSB-00947	38.7763200	-9.1594360	38.7763247	-9.1594608	2.21	surface
HRZ	GRD-00025	40.5295560	-7.2528590	40.5295757	-7.2528554	2.21	surface
ITV	MTJ-00066	38.6835800	-8.6119100	38.6835935	-8.6119287	2.21	surface
EDP	LMG-00020	41.0961570	-7.8173210	41.0961767	-7.8173176	2.21	surface
CME	LSB-01029	38.7327600	-9.1531120	38.7327507	-9.1531345	2.21	underground
GLP	NZR-90001	39.5981500	-9.0700840	39.5981693	-9.0700782	2.20	surface
EDP	VIS-90036	40.6598470	-7.9119190	40.6598304	-7.9119332	2.20	surface
ITV	MOU-00002	38.3818170	-7.3394930	38.3818110	-7.3395170	2.20	surface
GLP	SXL-00034	38.6511800	-9.1431630	38.6511689	-9.1431421	2.19	surface
GLP	STB-00036	38.5353360	-8.8652410	38.5353234	-8.8652604	2.19	surface
EDP	ABF-00150	37.1257670	-8.3034710	37.1257542	-8.3034898	2.19	surface
FCT	LRA-00127	39.6750450	-8.6755850	39.6750590	-8.6755670	2.19	surface
EDP	ABF-00140	37.1080930	-8.2311110	37.1080734	-8.2311127	2.18	surface
HRZ	VFR-00008	40.9793700	-8.5757360	40.9793857	-8.5757204	2.18	surface
EDP	VCD-00084	41.2680500	-8.6667650	41.2680364	-8.6667462	2.18	surface
GLP	ODV-00047	38.7942730	-9.1680620	38.7942609	-9.1680422	2.18	surface
ECI	MGR-00025	39.7436940	-8.9368060	39.7437136	-8.9368060	2.18	surface
TRK	BRR-00127	38.6542100	-9.0698140	38.6541942	-9.0698288	2.18	surface
ATL	AVR-00052	40.6411820	-8.6099230	40.6411675	-8.6099057	2.17	surface
FCT	MAI-00052	41.2451200	-8.6297940	41.2451090	-8.6297725	2.17	surface
TRK	FIG-00047	40.1519430	-8.8666500	40.1519509	-8.8666266	2.17	surface
EDP	PLM-00073	38.5753700	-9.0234820	38.5753508	-9.0234773	2.17	surface
FCT	OHP-00019	40.3583370	-7.8579540	40.3583390	-7.8579795	2.17	surface
SEG	NRD-00002	37.8332440	-25.1479000	37.8332292	-25.1479161	2.17	surface
GLP	VFX-00134	38.9714780	-8.9827750	38.9714968	-8.9827817	2.17	surface
GLP	VFR-00063	40.9801560	-8.4418350	40.9801511	-8.4418600	2.17	surface
TRK	SJM-00029	40.8941700	-8.4833590	40.8941852	-8.4833429	2.17	surface
ITV	AND-00012	40.4038900	-8.4534860	40.4039069	-8.4534987	2.17	surface
TRK	TMR-00025	39.5994500	-8.4118400	39.5994665	-8.4118534	2.16	surface
FAC	MCH-00001	32.7184300	-16.7659760	32.7184442	-16.7659602	2.16	surface
FCT	SNS-00018	37.9664540	-8.8575400	37.9664489	-8.8575638	2.16	surface
SEG	VPT-00003	36.9532620	-25.1430320	36.9532799	-25.1430225	2.16	surface
TRK	BJA-00038	38.0130540	-7.8656250	38.0130466	-7.8656478	2.16	surface
TRK	BRR-00030	38.6339700	-9.0423080	38.6339848	-9.0423241	2.16	surface
EDP	CPV-00003	41.0438100	-8.2650970	41.0438149	-8.2650721	2.16	surface
EDP	MGR-00004	39.7341770	-8.9336250	39.7341731	-8.9336497	2.16	surface
TRK	MTA-00039	38.6560100	-9.0229920	38.6560095	-9.0230168	2.15	surface
HRZ	CBR-00073	40.2186400	-8.5853110	40.2186216	-8.5853189	2.15	surface
TRK	BRR-00109	38.6440200	-9.0557970	38.6440007	-9.0557950	2.15	surface
PLG	TMR-00009	39.6006800	-8.4142060	39.6006886	-8.4142285	2.15	surface
PRI	IDN-00006	40.0462720	-7.1842837	40.0462535	-7.1842911	2.15	surface
ECI	FNC-00049	32.6362000	-16.9423900	32.6361811	-16.9423851	2.15	surface
GLP	LMG-00016	41.0993600	-7.8072460	41.0993458	-7.8072286	2.15	surface
PRI	SVV-00006	40.6692100	-8.3314150	40.6691907	-8.3314150	2.15	surface
HRZ	CHV-00014	41.7612230	-7.4674277	41.7612053	-7.4674176	2.14	surface
EDP	TMR-00010	39.6029300	-8.3985850	39.6029196	-8.3985640	2.14	surface
PRI	SXL-00003	38.6313000	-9.1185310	38.6313095	-9.1185524	2.14	surface
EDP	LSB-01033	38.7490120	-9.2009800	38.7490256	-9.2009626	2.14	surface
TRK	MTA-00089	38.6482300	-9.0447300	38.6482410	-9.0447099	2.13	surface
EDP	STR-00061	39.2384260	-8.6974480	39.2384343	-8.6974257	2.13	surface
HLX	OBD-00011	39.3856100	-9.2825100	39.3856009	-9.2824882	2.13	surface
GLP	CSC-00218	38.6837650	-9.3430980	38.6837479	-9.3431090	2.13	surface
SEG	LAG-00004	37.7453040	-25.5793000	37.7453029	-25.5793241	2.12	surface
GLP	PRT-00185	41.1618420	-8.5925460	41.1618239	-8.5925381	2.12	surface
TRK	OLH-00008	37.0245440	-7.8480420	37.0245472	-7.8480655	2.12	surface
EDP	LSB-01142	38.7690600	-9.1669490	38.7690605	-9.1669246	2.12	surface
HLX	BNV-00015	38.9606480	-8.8189670	38.9606636	-8.8189810	2.12	surface
GLP	ABF-00061	37.1043360	-8.1926840	37.1043174	-8.1926790	2.12	surface
EDP	TVR-90001	37.1217600	-7.6470300	37.1217426	-7.6470396	2.11	surface
MLT	VNF-00009	41.4054000	-8.5206850	41.4054124	-8.5206658	2.11	surface
GLP	PNF-00024	41.2306440	-8.1889690	41.2306601	-8.1889556	2.11	surface
HRZ	MRT-90001	40.3971860	-8.2281320	40.3971938	-8.2281093	2.11	surface
HRZ	LLE-00069	37.0942400	-8.0433520	37.0942575	-8.0433429	2.11	surface
REP	MAI-00071	41.2392500	-8.6220020	41.2392445	-8.6219779	2.11	surface
GLP	FEC-90001	41.0878260	-6.8089610	41.0878241	-6.8089860	2.11	surface
PRI	PTL-00039	41.7443280	-8.6097090	41.7443240	-8.6096842	2.11	surface
EDP	STB-00050	38.5224650	-8.8875720	38.5224813	-8.8875843	2.10	surface
LOG	ODV-00053	38.7861370	-9.1717940	38.7861542	-9.1717839	2.10	surface
ATL	RMR-00007	39.3402980	-8.9303930	39.3403078	-8.9303721	2.10	surface
HEX	GMR-00070	41.4521100	-8.2864060	41.4520929	-8.2863953	2.10	surface
PRI	ODV-00038	38.7962530	-9.1692990	38.7962356	-9.1692896	2.10	surface
CON	MGR-00028	39.7282870	-8.9289420	39.7283056	-8.9289380	2.10	surface
GLP	VFX-00073	38.9147070	-9.0277560	38.9147227	-9.0277426	2.10	surface
ECI	MLD-00031	40.3855300	-8.3785870	40.3855351	-8.3785632	2.09	surface
HRZ	PRD-90002	41.1832770	-8.4454720	41.1832738	-8.4454474	2.09	surface
EDP	APC-00002	39.2516980	-8.5797730	39.2516822	-8.5797599	2.09	surface
TRK	MTA-00094	38.6481320	-8.9884760	38.6481168	-8.9884901	2.09	surface
EDP	MFR-00042	39.0257570	-9.3657290	39.0257753	-9.3657237	2.09	surface
DTE	AGD-00021	40.5130420	-8.4539540	40.5130503	-8.4539761	2.08	surface
EVP	FIG-00016	40.1530720	-8.8600940	40.1530716	-8.8600695	2.08	underground
REP	CBR-00151	40.1263100	-8.4893900	40.1262916	-8.4893855	2.08	surface
HLX	MAI-00012	41.2483330	-8.6230630	41.2483178	-8.6230775	2.08	surface
GLP	OVR-00047	40.8648380	-8.6080510	40.8648535	-8.6080373	2.07	surface
TRK	CSC-00311	38.7264940	-9.3307070	38.7264825	-9.3306882	2.07	surface
IBD	MOBI-VPA-00001	41.5497440	-7.6056650	41.5497330	-7.6056449	2.07	surface
CEV	VNF-00018	41.4032700	-8.5197590	41.4032760	-8.5197825	2.07	surface
GLP	SVC-00006	32.8060720	-17.0468300	32.8060540	-17.0468354	2.06	surface
HRZ	LRS-00138	38.7896000	-9.1042670	38.7896024	-9.1042434	2.06	surface
ATL	VNG-00193	41.1377000	-8.6302100	41.1376882	-8.6302290	2.06	surface
HGP	ABF-00111	37.1155700	-8.2476910	37.1155589	-8.2476724	2.06	surface
GLP	AZB-00026	39.1227150	-8.9075960	39.1227321	-8.9076051	2.06	surface
GLP	EPS-00038	41.4992030	-8.7391710	41.4991990	-8.7391951	2.06	surface
GLP	ALB-00016	40.6390400	-8.5474120	40.6390379	-8.5474361	2.05	surface
SEG	VPT-00002	36.9523200	-25.1001360	36.9523106	-25.1001162	2.05	surface
DTE	CVL-00041	40.2676500	-7.4808660	40.2676653	-7.4808526	2.05	surface
GLP	TBR-00009	41.7192200	-8.3087240	41.7192130	-8.3087468	2.05	surface
GLP	ILH-00006	40.5883640	-8.6840550	40.5883780	-8.6840707	2.04	surface
EDP	ABF-00151	37.0837860	-8.3130090	37.0837881	-8.3130318	2.04	surface
TRK	MTJ-00081	38.7081950	-8.9568190	38.7082069	-8.9568012	2.03	surface
GLP	CLD-00050	39.4292450	-9.2219520	39.4292326	-9.2219346	2.03	surface
PRI	GDM-00053	41.1600800	-8.5308070	41.1600779	-8.5307829	2.03	surface
REP	AVR-00038	40.6400800	-8.6090120	40.6400963	-8.6090013	2.02	surface
FCT	SBR-00005	41.2648200	-7.5895715	41.2648258	-7.5895486	2.02	surface
REP	SNT-00061	38.7832800	-9.3386360	38.7832626	-9.3386425	2.02	surface
TRK	STS-00040	41.3590300	-8.4058700	41.3590310	-8.4058459	2.01	surface
VEI	OBD-00007	39.4067730	-9.2429740	39.4067575	-9.2429861	2.01	surface
EDP	SNT-00148	38.8261100	-9.2752190	38.8260939	-9.2752084	2.01	surface
GLP	VFR-00104	40.8852000	-8.5509030	40.8851858	-8.5509178	2.01	surface
GLP	SLV-00025	37.1042020	-8.3608830	37.1042179	-8.3608937	2.01	surface
HLX	GDM-00049	41.1855770	-8.5589990	41.1855950	-8.5589988	2.00	surface
GLP	EPS-00012	41.6073230	-8.7829670	41.6073150	-8.7829885	2.00	surface
FCT	LRA-00117	39.8281900	-8.6830010	39.8281761	-8.6830158	2.00	surface
EDP	AVR-00066	40.6464100	-8.5991460	40.6463962	-8.5991611	1.99	surface
EDP	CBR-00103	40.1992900	-8.5068110	40.1992828	-8.5068325	1.99	surface
TRK	MTA-00046	38.6664400	-8.9862920	38.6664379	-8.9863148	1.99	surface
TRK	CSC-00315	38.6940960	-9.3488120	38.6941138	-9.3488147	1.99	surface
TRK	LSB-01205	38.7709600	-9.1619800	38.7709778	-9.1619773	1.99	surface
TRK	CSC-00457	38.7297060	-9.4094970	38.7297123	-9.4094755	1.99	surface
TRK	BRR-00092	38.6589930	-9.0607280	38.6589751	-9.0607280	1.99	surface
EDP	CSC-00512	38.6843700	-9.3425320	38.6843800	-9.3425510	1.99	surface
HRZ	GRD-00041	40.5404660	-7.2662740	40.5404482	-7.2662718	1.99	underground
GLP	LSB-80062	38.7612950	-9.1666940	38.7612972	-9.1666713	1.98	surface
TRK	CSC-00282	38.7091200	-9.4474310	38.7091378	-9.4474297	1.98	surface
TRK	CSC-00472	38.7046740	-9.3562880	38.7046745	-9.3563108	1.98	surface
TRK	MTJ-00099	38.6785300	-8.9682800	38.6785300	-8.9682572	1.98	surface
TRK	CSC-00464	38.7371200	-9.3416840	38.7371200	-9.3416612	1.98	surface
EDP	VCD-00025	41.3647900	-8.7562340	41.3647985	-8.7562548	1.98	surface
TRK	MTJ-00082	38.7104300	-8.9595260	38.7104320	-8.9595034	1.97	surface
ATL	PNI-80002	39.3574520	-9.3769270	39.3574611	-9.3769073	1.97	surface
EDP	GDM-00035	41.1437720	-8.5442070	41.1437592	-8.5441907	1.97	surface
EDP	MTA-00017	38.6494800	-8.9969330	38.6494659	-8.9969467	1.97	surface
GLP	LRA-90005	39.7500840	-8.8094390	39.7500843	-8.8094620	1.97	surface
ITV	ELV-00015	38.8802260	-7.1451050	38.8802168	-7.1451244	1.97	surface
GLP	SLV-00019	37.1230660	-8.3378540	37.1230617	-8.3378325	1.97	surface
GLD	BTL-00017	39.6594100	-8.8353600	39.6594268	-8.8353529	1.96	surface
GLG	MAI-00036	41.2126540	-8.5646580	41.2126631	-8.5646379	1.96	surface
EDP	CSC-90013	38.6915050	-9.3588190	38.6914891	-9.3588287	1.96	surface
HLX	ORM-00030	39.6311300	-8.6628220	39.6311476	-8.6628220	1.96	surface
TRK	CSC-00442	38.7042800	-9.4096640	38.7042868	-9.4096432	1.96	surface
REP	FNC-00078	32.6711000	-16.9224950	32.6710865	-16.9225084	1.96	surface
DTE	CVL-00031	40.2709350	-7.4925920	40.2709207	-7.4926054	1.95	surface
EML	LSB-00404	38.7123640	-9.1350130	38.7123677	-9.1349910	1.95	surface
DTE	CVL-00027	40.2707100	-7.5035420	40.2706926	-7.5035447	1.95	surface
CPS	FND-00013	40.1901320	-7.4879723	40.1901383	-7.4879937	1.95	surface
GLP	LSB-00482	38.6983030	-9.1866390	38.6982884	-9.1866514	1.95	surface
PRI	PRT-00243	41.1695670	-8.5723470	41.1695498	-8.5723514	1.95	surface
TRK	CSC-00573	38.6911100	-9.3503400	38.6911236	-9.3503541	1.95	surface
EDP	SVV-90001	40.7344700	-8.3699440	40.7344557	-8.3699308	1.94	surface
TRK	MTJ-00090	38.6999130	-8.9535970	38.6999224	-8.9535782	1.94	surface
TRK	PRG-00011	41.1630000	-7.8032780	41.1630030	-7.8032552	1.94	surface
MLT	PRT-00037	41.1630550	-8.6235530	41.1630390	-8.6235439	1.94	surface
GLP	AVR-00091	40.7685200	-8.6953690	40.7685363	-8.6953770	1.93	surface
FCT	SXL-00091	38.6391220	-9.1504660	38.6391365	-9.1504782	1.93	surface
FCT	OVR-00034	40.9049600	-8.6036390	40.9049461	-8.6036253	1.93	surface
GLP	AND-00018	40.4507520	-8.4532500	40.4507693	-8.4532487	1.93	surface
HRZ	MTS-00027	41.2168660	-8.6235580	41.2168689	-8.6235353	1.93	surface
SGM	GMR-00022	41.4238550	-8.2990720	41.4238419	-8.2990871	1.93	surface
DTE	CVL-00028	40.2705080	-7.5067920	40.2704958	-7.5068081	1.93	surface
EDP	MGL-00018	40.6114600	-7.7446670	40.6114600	-7.7446898	1.92	surface
REP	VFR-00085	40.9664100	-8.5373100	40.9663933	-8.5373160	1.92	surface
TRK	CSC-00491	38.7063980	-9.3957430	38.7064022	-9.3957645	1.92	surface
GLP	MTS-00194	41.2003940	-8.6513960	41.2004001	-8.6513745	1.92	surface
GLP	TBR-00011	41.6767540	-8.1816980	41.6767694	-8.1817085	1.92	surface
GLP	ALB-00024	40.6859800	-8.4819380	40.6859654	-8.4819500	1.91	surface
HRZ	CDN-00022	40.1226300	-8.5029410	40.1226462	-8.5029335	1.91	surface
GEN	GMR-00078	41.3658400	-8.3705340	41.3658531	-8.3705488	1.91	surface
MOT	MTJ-00037	38.6958270	-8.9426400	38.6958224	-8.9426188	1.91	surface
GLP	LLE-00201	37.1027530	-8.1331070	37.1027381	-8.1330963	1.91	surface
ITV	MOU-00003	38.3818050	-7.3394590	38.3817994	-7.3394797	1.91	surface
TRK	CSC-00306	38.7068060	-9.4057130	38.7067955	-9.4056956	1.91	surface
GLP	VFL-00003	41.3087600	-7.1536300	41.3087430	-7.1536330	1.91	surface
ATL	VRL-80001	41.3051000	-7.7432500	41.3050992	-7.7432728	1.91	surface
PRI	VNF-00064	41.4280850	-8.4304800	41.4280840	-8.4305028	1.90	surface
GLP	VLG-00055	41.1873740	-8.4589270	41.1873833	-8.4589079	1.90	surface
GLP	LNH-00018	39.2416650	-9.3057520	39.2416816	-9.3057466	1.90	surface
REP	TVD-00019	39.0821900	-9.2605570	39.0821920	-9.2605789	1.90	surface
EDP	ABF-00135	37.0964620	-8.1719220	37.0964449	-8.1719220	1.90	surface
CME	LRA-00164	39.8520000	-8.8676010	39.8520113	-8.8676177	1.90	surface
GLP	VFX-00148	38.9651900	-8.9831870	38.9652069	-8.9831847	1.89	surface
KLS	CBR-00093	40.1921270	-8.4130020	40.1921105	-8.4129967	1.89	surface
TRK	CMN-00012	41.8110300	-8.8563300	41.8110220	-8.8563099	1.89	surface
EDP	ETR-00013	40.7630200	-8.5716710	40.7630042	-8.5716628	1.89	surface
FCT	VNG-00178	41.0280150	-8.6418150	41.0280270	-8.6418309	1.89	surface
GLP	SLV-00027	37.2564200	-8.2889320	37.2564039	-8.2889253	1.89	surface
MOT	LSB-00865	38.6990000	-9.1825560	38.6989874	-9.1825705	1.88	surface
REP	PRT-00307	41.1651100	-8.6281270	41.1651078	-8.6281493	1.88	surface
TRK	CSC-00467	38.7052570	-9.4091120	38.7052739	-9.4091108	1.88	surface
ATL	VIS-80041	40.6593900	-7.9161700	40.6593896	-7.9161477	1.88	surface
EDP	LSA-90002	40.1111370	-8.2457720	40.1111282	-8.2457908	1.87	surface
HRZ	FIG-00067	40.1653980	-8.8528770	40.1653961	-8.8528989	1.87	surface
GLP	SLV-00017	37.1317250	-8.3464310	37.1317148	-8.3464142	1.87	surface
PRI	PSR-00014	39.2076150	-8.0562680	39.2076280	-8.0562542	1.87	surface
REP	SNT-00062	38.8033370	-9.3561700	38.8033216	-9.3561613	1.87	surface
GLP	CVL-00058	40.2791940	-7.5041390	40.2791774	-7.5041356	1.87	surface
TRK	MTA-00050	38.6666260	-9.0475010	38.6666092	-9.0475010	1.87	surface
EDP	ALM-00169	38.6045460	-9.1830990	38.6045292	-9.1830990	1.87	surface
TRK	MTA-00048	38.6625820	-9.0446860	38.6625820	-9.0446645	1.87	surface
ATL	VNG-00135	41.0272300	-8.6358680	41.0272424	-8.6358830	1.87	surface
HRZ	ODV-90002	38.7869340	-9.1767030	38.7869425	-9.1767215	1.86	surface
TRK	MTJ-00075	38.7125970	-8.9690860	38.7126132	-8.9690914	1.86	surface
GLP	ILH-00007	40.5883640	-8.6840550	40.5883551	-8.6840736	1.86	surface
HRZ	VCT-00057	41.6807100	-8.7793490	41.6807011	-8.7793301	1.86	surface
HRZ	VIS-00080	40.6971740	-7.9107075	40.6971636	-7.9107247	1.85	surface
GLP	STC-00020	38.0175060	-8.6904630	38.0175155	-8.6904456	1.85	surface
ECI	OBR-00007	40.5266530	-8.6000430	40.5266399	-8.6000565	1.85	surface
FCT	LRA-00123	39.8988400	-8.8271750	39.8988462	-8.8271549	1.85	surface
EDP	ABF-00171	37.0900400	-8.2351800	37.0900357	-8.2352001	1.85	surface
FCT	ACB-00046	39.6390400	-9.0419360	39.6390364	-9.0419570	1.84	surface
BEL	MMV-00009	40.1495360	-8.7128240	40.1495504	-8.7128347	1.84	surface
EZC	CTB-00050	39.8086470	-7.6980890	39.8086321	-7.6980984	1.84	surface
HEX	CSC-00081	38.7179200	-9.3324200	38.7179035	-9.3324217	1.84	surface
REP	LRS-00093	38.8848800	-9.1956870	38.8848643	-9.1956803	1.84	surface
TRK	BRR-00052	38.6467130	-9.0642250	38.6467182	-9.0642049	1.84	surface
GLP	LOU-00015	41.3227700	-8.3172860	41.3227831	-8.3172994	1.84	surface
MOT	CBR-00025	40.2113720	-8.4441920	40.2113853	-8.4442048	1.84	surface
EDP	CTB-00029	39.9379900	-7.5073470	39.9379821	-7.5073281	1.84	surface
TRK	TMR-00015	39.6156800	-8.4004000	39.6156800	-8.4004214	1.83	surface
GLP	VFX-00058	38.9288000	-9.0057510	38.9287948	-9.0057309	1.83	surface
EDP	PNI-00010	39.3602520	-9.4030040	39.3602547	-9.4030250	1.83	surface
EDP	BRR-00142	38.6543920	-9.0590530	38.6543994	-9.0590342	1.83	surface
GLP	VLF-00004	41.0932240	-7.1403110	41.0932090	-7.1403021	1.83	surface
GLP	STS-00054	41.3464700	-8.4823610	41.3464821	-8.4823462	1.83	surface
EDP	BAO-00003	41.1428030	-7.9499510	41.1428060	-7.9499296	1.82	surface
HRZ	FZZ-90001	39.6938480	-8.2934270	39.6938625	-8.2934171	1.82	surface
REP	FAR-00086	37.0447460	-7.9283980	37.0447383	-7.9284161	1.82	surface
TRK	BRR-00107	38.6561600	-9.0618390	38.6561528	-9.0618578	1.82	surface
GLG	GRD-00020	40.5431600	-7.2586370	40.5431462	-7.2586255	1.82	surface
EDP	PLM-00067	38.5709300	-8.8858270	38.5709415	-8.8858122	1.81	surface
EDP	LLE-00140	37.0454300	-8.0534640	37.0454231	-8.0534455	1.81	surface
LCG	LLE-00049	37.1395260	-8.0247540	37.1395257	-8.0247744	1.81	surface
REP	LSB-00318	38.7512100	-9.1885000	38.7512219	-9.1885142	1.81	surface
HRZ	SXL-00043	38.5988600	-9.1400790	38.5988756	-9.1400848	1.81	surface
TRK	FIG-00049	40.1510280	-8.8606080	40.1510125	-8.8606017	1.80	surface
GEN	GMR-00098	41.4065700	-8.3668300	41.4065841	-8.3668407	1.80	surface
TRK	OLH-00055	37.0244200	-7.8368300	37.0244345	-7.8368209	1.80	surface
HRZ	PRT-00052	41.1657750	-8.6714390	41.1657740	-8.6714175	1.80	surface
EDP	SRD-90001	39.5385320	-8.1596210	39.5385158	-8.1596205	1.80	surface
EDP	STB-00049	38.5217630	-8.8893540	38.5217468	-8.8893539	1.80	surface
MLT	LSB-00201	38.7052200	-9.1744460	38.7052160	-9.1744661	1.80	surface
MOT	PRT-00144	41.1721700	-8.6099100	41.1721600	-8.6099269	1.80	surface
EDP	FND-00016	40.1367380	-7.5051280	40.1367219	-7.5051261	1.80	surface
FCT	PBL-00026	39.9086460	-8.6332610	39.9086423	-8.6332815	1.80	surface
GLP	VNG-00162	41.0927000	-8.5426180	41.0927091	-8.5426357	1.80	surface
HRZ	FLG-00032	41.3565330	-8.1876710	41.3565330	-8.1876925	1.79	surface
MLT	MTA-00005	38.6535570	-9.0264690	38.6535425	-9.0264780	1.79	surface
PRI	VNG-00187	41.1168750	-8.6470210	41.1168891	-8.6470107	1.79	surface
REP	VLG-00050	41.2208820	-8.5580720	41.2208977	-8.5580767	1.79	surface
REP	FAR-00087	37.0447960	-7.9283900	37.0447837	-7.9284030	1.79	surface
EML	LSB-01446	38.7396430	-9.1364520	38.7396585	-9.1364468	1.78	surface
PRI	MLD-00018	40.3338660	-8.4504440	40.3338500	-8.4504430	1.78	surface
EDP	GDM-00017	41.1734120	-8.5523000	41.1734070	-8.5522798	1.78	surface
DTE	OER-00268	38.7296940	-9.2227990	38.7296994	-9.2227797	1.78	underground
GLP	PRT-00317	41.1485820	-8.6092870	41.1485971	-8.6092940	1.78	underground
TRK	VNT-00002	38.3376270	-8.0072975	38.3376140	-8.0073093	1.77	surface
FCT	EVR-00080	38.5492320	-7.9075146	38.5492321	-7.9074942	1.77	surface
GLG	FIG-00019	40.1795400	-8.8283670	40.1795540	-8.8283770	1.77	surface
FCT	TMR-00043	39.6094060	-8.3990170	39.6093952	-8.3990322	1.77	surface
DTE	AGD-00029	40.5687030	-8.4903170	40.5686889	-8.4903073	1.77	surface
LUZ	LGA-00047	37.1014020	-8.3850630	37.1014073	-8.3850818	1.77	surface
TRK	SRP-00007	37.9380840	-7.6032220	37.9380851	-7.6032421	1.77	surface
ATL	EVR-00037	38.5663800	-7.9425700	38.5663864	-7.9425514	1.77	surface
HLX	CSC-00160	38.7019800	-9.4163000	38.7019657	-9.4162912	1.76	underground
EDP	ABF-90001	37.0968250	-8.2245030	37.0968299	-8.2245219	1.76	surface
ALF	AND-00023	40.4171900	-8.4661620	40.4171747	-8.4661674	1.76	surface
MOT	OER-00245	38.6927570	-9.3054120	38.6927635	-9.3053935	1.76	surface
PRI	CTM-00004	37.1812360	-7.5051330	37.1812211	-7.5051263	1.76	surface
TRK	MTJ-00049	38.7119640	-8.9840000	38.7119661	-8.9840201	1.76	surface
ITV	ELV-00013	38.8802500	-7.1450590	38.8802428	-7.1450771	1.76	surface
MOA	LSB-01016	38.7412100	-9.1234190	38.7412121	-9.1233989	1.76	surface
EDP	ABF-00159	37.0898860	-8.2447340	37.0898796	-8.2447521	1.76	surface
EDP	GDL-00061	38.1767960	-8.5713210	38.1767836	-8.5713086	1.75	surface
REP	ODM-00005	37.5987800	-8.6455810	37.5987643	-8.6455818	1.75	surface
ATL	GMR-80003	41.4416700	-8.2949800	41.4416552	-8.2949730	1.75	surface
GLP	OER-00068	38.7007400	-9.3051040	38.7007250	-9.3051099	1.74	surface
EDP	PVZ-00039	41.3912350	-8.7726830	41.3912493	-8.7726916	1.74	surface
GLP	LRA-00187	39.7440830	-8.8184950	39.7440830	-8.8184746	1.74	surface
GLP	BRG-00157	41.5600170	-8.3957720	41.5600019	-8.3957666	1.74	surface
GLP	LNH-00016	39.2385370	-9.3103420	39.2385263	-9.3103567	1.74	surface
EDP	OHP-00012	40.3187180	-7.8988840	40.3187313	-7.8988947	1.73	surface
ALF	AND-00019	40.4805000	-8.4763000	40.4804867	-8.4762893	1.73	surface
EDP	FAR-90007	37.0428900	-7.9705670	37.0428907	-7.9705475	1.73	surface
HLX	GDL-00031	38.4930570	-8.9030560	38.4930455	-8.9030694	1.73	underground
REP	SMG-00016	39.0507930	-8.7310190	39.0507788	-8.7310111	1.72	surface
HRZ	ALD-00004	40.6073760	-6.8273840	40.6073791	-6.8274039	1.71	surface
EDP	SNT-00079	38.7863270	-9.3395390	38.7863397	-9.3395502	1.71	surface
DTE	FND-00033	40.1435050	-7.5023190	40.1434896	-7.5023183	1.71	surface
CPS	ABT-00018	39.4847900	-8.1552950	39.4847784	-8.1552819	1.71	surface
EVP	LGA-00035	37.1269500	-8.5196600	37.1269372	-8.5196707	1.71	surface
ENB	SNT-00234	38.7713100	-9.3466460	38.7713196	-9.3466306	1.71	surface
EDP	AVR-00067	40.6464100	-8.5991460	40.6464010	-8.5991624	1.71	surface
ALF	MTR-00008	41.8232000	-7.7917000	41.8232070	-7.7916817	1.70	surface
FCT	PTL-00023	41.7828030	-8.5866600	41.7828092	-8.5866788	1.70	surface
FCT	OVR-00038	40.9049260	-8.6052650	40.9049399	-8.6052565	1.70	surface
HLX	GDM-00048	41.1855770	-8.5589990	41.1855646	-8.5590109	1.70	surface
EDP	PNV-00002	39.7508930	-7.9174190	39.7509082	-7.9174170	1.70	surface
TRK	MTA-00065	38.6512800	-8.9938650	38.6512897	-8.9938499	1.70	surface
TRK	LSA-00009	40.1583860	-8.2132870	40.1583911	-8.2133058	1.70	surface
GLP	AZB-90003	39.0677340	-8.8748100	39.0677188	-8.8748087	1.69	surface
REP	MGR-00019	39.7348860	-8.9323130	39.7348824	-8.9322938	1.69	surface
EDP	CTM-00008	37.2360000	-7.4697000	37.2360021	-7.4697188	1.68	surface
EDP	CSC-00521	38.6946370	-9.4203430	38.6946514	-9.4203488	1.68	surface
GLP	VFX-00065	38.8721430	-9.0905870	38.8721514	-9.0905709	1.68	surface
ATL	STC-00018	38.0587100	-8.7875800	38.0587163	-8.7875626	1.68	surface
ENB	SNT-00189	38.7712600	-9.3467400	38.7712728	-9.3467298	1.68	surface
EDP	TRF-00011	41.3263130	-8.5691680	41.3263055	-8.5691854	1.68	surface
GLP	PRT-00237	41.1617280	-8.6281940	41.1617147	-8.6282034	1.68	surface
ATL	VVC-80001	38.7769500	-7.4176600	38.7769454	-7.4176784	1.68	surface
LCG	LLE-00059	37.2402840	-8.0453570	37.2402690	-8.0453563	1.67	surface
REP	LRA-00182	39.7676800	-8.7749700	39.7676857	-8.7749880	1.66	surface
IBD	PRT-00285	41.1486240	-8.6199320	41.1486221	-8.6199123	1.66	surface
PRI	LRS-00128	38.8172400	-9.1000230	38.8172257	-9.1000286	1.66	surface
TRK	CSC-00242	38.6925130	-9.3659500	38.6924983	-9.3659534	1.66	surface
HLX	CBC-00018	41.4938600	-7.9832410	41.4938500	-7.9832262	1.66	surface
EDP	LRA-00100	39.7304900	-8.8266320	39.7304776	-8.8266427	1.65	surface
PRI	FLG-00020	41.3772500	-8.1727930	41.3772631	-8.1727836	1.65	surface
FCT	STB-00082	38.5325900	-8.8843155	38.5325929	-8.8842969	1.65	surface
GLP	PBL-90003	39.9165840	-8.6258330	39.9165696	-8.6258286	1.64	surface
HRZ	GRD-00024	40.5295520	-7.2528770	40.5295637	-7.2528889	1.64	surface
DTE	AGD-00024	40.5841370	-8.4489830	40.5841312	-8.4489651	1.64	surface
EDP	LSB-90089	38.7650000	-9.1536110	38.7649979	-9.1536297	1.64	surface
FCT	CTB-00081	39.8023380	-7.5358080	39.8023494	-7.5358201	1.64	surface
IBD	GDM-00050	41.0692370	-8.4022180	41.0692454	-8.4022020	1.63	surface
GLP	PNF-00058	41.2211270	-8.2521520	41.2211230	-8.2521332	1.63	surface
EDP	SEI-00016	40.4208370	-7.7070790	40.4208244	-7.7070691	1.63	surface
GLP	CSC-90014	38.7029340	-9.3405060	38.7029356	-9.3405247	1.63	surface
EDP	CDR-00002	40.8968620	-7.9286070	40.8968703	-7.9285910	1.63	surface
SEG	PDL-00005	37.7471800	-25.6840000	37.7471897	-25.6839861	1.63	surface
TRK	LSB-01217	38.7628000	-9.1712800	38.7628000	-9.1712988	1.63	surface
DTE	ILH-00017	40.6400570	-8.7467500	40.6400448	-8.7467393	1.63	surface
EDP	ABF-00126	37.1070860	-8.2387470	37.1070721	-8.2387413	1.63	surface
EDP	LSB-90051	38.7392300	-9.1774920	38.7392155	-9.1774897	1.62	surface
GLG	SCD-00004	40.3976170	-8.1294530	40.3976257	-8.1294684	1.62	surface
PRI	AMD-00046	38.7476230	-9.2164060	38.7476344	-9.2164177	1.62	surface
GLP	CHM-00003	39.3566320	-8.4826880	39.3566222	-8.4826740	1.62	surface
HLX	CTB-00058	39.8090300	-7.5241670	39.8090187	-7.5241550	1.62	surface
ECI	VLR-00002	39.6744100	-8.1452675	39.6744048	-8.1452498	1.62	surface
ENB	SNT-00186	38.7709400	-9.3467180	38.7709506	-9.3467052	1.62	surface
GLP	OER-00174	38.7026400	-9.3043310	38.7026454	-9.3043137	1.62	surface
GEN	GMR-00085	41.4562030	-8.2785630	41.4561909	-8.2785523	1.61	surface
DTE	CVL-00033	40.2537200	-7.4932130	40.2537088	-7.4932009	1.61	surface
EDP	LLE-00260	37.1290600	-8.1503690	37.1290726	-8.1503780	1.61	surface
EGR	CBR-00155	40.2087970	-8.4692180	40.2087847	-8.4692080	1.61	surface
GLP	SLV-00029	37.1649860	-8.2569780	37.1649735	-8.2569871	1.61	surface
HRZ	PNF-00035	41.2150960	-8.2833220	41.2150996	-8.2833406	1.61	surface
ACC	CRS-00005	40.4311370	-8.0038280	40.4311227	-8.0038253	1.61	surface
EDP	AND-00028	40.4763030	-8.4790450	40.4763173	-8.4790423	1.61	surface
ATL	LLE-00179	37.1063770	-8.1415520	37.1063650	-8.1415620	1.60	surface
TRK	CSC-00309	38.7122730	-9.4205320	38.7122866	-9.4205380	1.60	surface
GLP	LSB-00712	38.7597100	-9.1535990	38.7597174	-9.1536148	1.60	surface
REP	VIS-00085	40.6484800	-7.9204210	40.6484701	-7.9204073	1.60	surface
ATL	STC-80001	38.0111770	-8.6932120	38.0111796	-8.6931941	1.59	surface
HRZ	MTS-00023	41.2168600	-8.6235560	41.2168553	-8.6235380	1.59	surface
HRZ	LSB-90129	38.7222700	-9.1288780	38.7222735	-9.1288602	1.59	surface
GLP	SSB-00009	38.4719000	-9.0872460	38.4719130	-9.0872384	1.59	surface
TRK	SJM-00037	40.8852800	-8.4864720	40.8852912	-8.4864836	1.58	surface
REM	CNF-00009	41.0642550	-8.1569700	41.0642424	-8.1569613	1.58	surface
MLT	TVD-00016	39.1020930	-9.2578180	39.1020823	-9.2578300	1.58	surface
TRK	OLH-00053	37.0252000	-7.8416900	37.0251882	-7.8416998	1.57	surface
PRI	PTG-00029	39.2689600	-7.4199950	39.2689460	-7.4199977	1.57	surface
GLP	AMD-00103	38.7373280	-9.2288600	38.7373166	-9.2288707	1.57	surface
GLP	OVR-00044	40.8629070	-8.6193080	40.8629156	-8.6192932	1.57	surface
PRI	GMR-00138	41.4393270	-8.3076935	41.4393135	-8.3076989	1.57	surface
GLP	CSC-00427	38.7072940	-9.3984390	38.7072811	-9.3984318	1.56	surface
VEI	RDD-00003	38.6433220	-7.5561560	38.6433283	-7.5561721	1.56	surface
FCT	EVR-00045	38.5739250	-7.9000970	38.5739166	-7.9000826	1.56	surface
TRK	BRR-00126	38.6515120	-9.0679860	38.6515058	-9.0680021	1.56	surface
LCG	LLE-00074	37.0520500	-8.0649120	37.0520550	-8.0648956	1.56	surface
TRK	STS-00042	41.3637800	-8.4741680	41.3637679	-8.4741586	1.56	surface
PRI	AMD-00045	38.7475900	-9.2163560	38.7476016	-9.2163660	1.55	surface
SFF	FAF-00003	41.4446600	-8.1681250	41.4446543	-8.1681080	1.55	surface
EDP	VCD-90004	41.3498800	-8.7476320	41.3498906	-8.7476199	1.55	surface
GEN	GMR-00080	41.5085370	-8.3344170	41.5085440	-8.3344331	1.55	surface
LCG	LLE-00068	37.0844880	-8.0328340	37.0844741	-8.0328331	1.55	surface
GLP	VFL-00005	41.2950130	-7.1703330	41.2950269	-7.1703323	1.55	surface
GLP	VIS-90037	40.6472200	-7.9198000	40.6472135	-7.9198162	1.55	surface
EVC	BRG-00048	41.4826300	-8.4795030	41.4826282	-8.4794846	1.55	surface
ATL	VNG-00138	41.0570680	-8.5679180	41.0570710	-8.5679000	1.55	surface
GLP	AZB-00028	39.1233560	-8.9077570	39.1233661	-8.9077447	1.55	surface
GLP	EPS-00020	41.4851950	-8.7788720	41.4851815	-8.7788677	1.54	surface
PRI	CTX-00009	39.1700740	-8.7769670	39.1700802	-8.7769510	1.54	surface
GLP	CNT-00031	40.3481100	-8.5842980	40.3480988	-8.5843087	1.54	surface
HLX	PVZ-00023	41.4144800	-8.6519260	41.4144669	-8.6519200	1.54	surface
DTE	VVC-00013	38.7814100	-7.4207370	38.7814047	-7.4207534	1.54	surface
TRK	SRP-00008	37.9386800	-7.6031390	37.9386766	-7.6031560	1.54	surface
SLX	MLD-00022	40.3899900	-8.4510400	40.3899813	-8.4510541	1.54	surface
EDP	SNT-00105	38.7696100	-9.3135140	38.7695970	-9.3135200	1.54	surface
PRI	VNG-00230	41.0436480	-8.5633250	41.0436482	-8.5633067	1.53	surface
SEG	LAG-00007	37.7420100	-25.5773370	37.7419962	-25.5773370	1.53	surface
TRK	BJA-00039	38.0102400	-7.8654200	38.0102415	-7.8654374	1.53	surface
KLS	CBR-00096	40.1983800	-8.4609400	40.1983932	-8.4609452	1.53	surface
ATL	MOR-80001	38.9459500	-8.1640240	38.9459636	-8.1640267	1.53	surface
EDP	BTL-00011	39.6490630	-8.8397200	39.6490758	-8.8397135	1.53	surface
TRK	CSC-00405	38.7036600	-9.4151580	38.7036579	-9.4151406	1.53	surface
TRK	BRR-00123	38.6551000	-9.0722300	38.6551127	-9.0722367	1.53	surface
HLX	GDM-00068	41.1171300	-8.5092800	41.1171188	-8.5092695	1.52	surface
FCT	ACB-00052	39.5454520	-8.9693960	39.5454496	-8.9694135	1.52	surface
DTE	TMC-00005	41.1758600	-7.0527890	41.1758640	-7.0527716	1.52	surface
FCT	PFR-00021	41.2828100	-8.3871950	41.2828223	-8.3871870	1.52	surface
TRK	MTJ-00095	38.7002260	-8.9295670	38.7002386	-8.9295603	1.52	surface
TRK	CSC-00267	38.7322300	-9.4130440	38.7322164	-9.4130427	1.52	surface
EDP	PLM-00062	38.6290860	-8.9147910	38.6290897	-8.9148078	1.52	surface
EDP	PVL-00009	41.5770100	-8.2695230	41.5770188	-8.2695369	1.51	surface
TRK	CSC-00346	38.7174900	-9.3309200	38.7174910	-9.3309026	1.51	surface
REM	BCL-00050	41.5319020	-8.6090720	41.5318884	-8.6090713	1.51	surface
MOT	FAR-00019	37.0278170	-7.9446464	37.0278035	-7.9446485	1.51	surface
MOT	ALM-00152	38.6403700	-9.2359030	38.6403564	-9.2359027	1.51	surface
TRK	BRR-00117	38.6368980	-9.0381810	38.6368844	-9.0381810	1.51	surface
HRZ	EVR-90007	38.5676770	-7.9008093	38.5676872	-7.9008208	1.51	surface
EML	LSB-01021	38.7555580	-9.1410250	38.7555632	-9.1410089	1.51	surface
EDP	LSB-90025	38.7679140	-9.1838640	38.7679206	-9.1838488	1.51	surface
TRK	ETZ-00015	38.8435170	-7.5856960	38.8435063	-7.5856853	1.51	surface
EDP	STR-00056	39.2410100	-8.7014190	39.2410096	-8.7014365	1.51	surface
EDP	AGN-00003	40.2188900	-8.0574390	40.2188902	-8.0574567	1.50	surface
FCT	MAI-00083	41.2367900	-8.6541395	41.2367926	-8.6541219	1.50	surface
HRZ	GMR-00107	41.4309580	-8.3465550	41.4309520	-8.3465389	1.50	surface
REP	PTM-00040	37.1353380	-8.5354290	37.1353246	-8.5354308	1.50	surface
FCT	LRS-00195	38.8228070	-9.0880570	38.8227986	-9.0880435	1.50	surface
GLP	OER-00294	38.6915500	-9.3052470	38.6915375	-9.3052533	1.49	surface
REP	LSB-00855	38.7625600	-9.1410100	38.7625474	-9.1410041	1.49	surface
EVC	ORQ-00002	37.6509970	-8.2286030	37.6509926	-8.2286190	1.49	surface
ATL	NZR-00031	39.5968600	-9.0714400	39.5968466	-9.0714400	1.49	surface
ITV	ELV-00014	38.8802380	-7.1450870	38.8802296	-7.1451004	1.49	surface
HRZ	CNF-90001	41.0729870	-8.0891620	41.0729749	-8.0891696	1.49	surface
GLP	MDR-00008	41.4980300	-6.2722610	41.4980326	-6.2722435	1.49	surface
HRZ	CHV-00011	41.7322960	-7.4678940	41.7322885	-7.4679088	1.48	surface
REP	PTL-00026	41.7666550	-8.5946190	41.7666580	-8.5946016	1.48	surface
TRK	CSC-00350	38.7066350	-9.3852520	38.7066261	-9.3852647	1.48	surface
TRK	FIG-00055	40.1492730	-8.8452230	40.1492863	-8.8452239	1.48	surface
EDP	MAI-00092	41.2463720	-8.6648750	41.2463652	-8.6648598	1.48	surface
REP	CNT-00014	40.3444250	-8.5819640	40.3444353	-8.5819530	1.48	surface
EDP	VNG-00124	41.1199400	-8.6236280	41.1199531	-8.6236307	1.47	surface
HLX	OAZ-00016	40.8838700	-8.4147240	40.8838832	-8.4147253	1.47	surface
TRK	BRR-00099	38.6416900	-9.0561920	38.6416775	-9.0561866	1.47	surface
TRK	BRR-00079	38.6645280	-9.0501995	38.6645154	-9.0501945	1.47	surface
GLG	GMR-00105	41.4753700	-8.2693110	41.4753771	-8.2693258	1.46	surface
GLP	VFX-00045	38.9299930	-9.0124590	38.9299914	-9.0124422	1.46	surface
EDP	VCD-00030	41.3090860	-8.7206580	41.3090971	-8.7206674	1.46	surface
EDP	LSB-00991	38.7473530	-9.2066820	38.7473661	-9.2066807	1.46	surface
GLP	ALB-00025	40.6967400	-8.4804130	40.6967356	-8.4804293	1.46	surface
HLX	CTB-00059	39.8090300	-7.5241670	39.8090169	-7.5241666	1.46	surface
TRK	MTJ-00079	38.7081950	-8.9536530	38.7082081	-8.9536528	1.46	surface
GLP	ACB-00024	39.5083120	-9.1326240	39.5083203	-9.1326371	1.45	surface
TRK	STS-00041	41.3669200	-8.3995800	41.3669150	-8.3995961	1.45	surface
PRI	LSB-00594	38.7882770	-9.1461400	38.7882900	-9.1461418	1.45	surface
EDP	CDN-00010	40.1140200	-8.5138980	40.1140322	-8.5138919	1.45	surface
TRK	OLH-00014	37.0410040	-7.8509900	37.0410017	-7.8510061	1.45	surface
HRZ	CBA-90001	38.1679570	-7.8947900	38.1679543	-7.8947738	1.45	surface
DTE	CVL-00025	40.2769970	-7.5012830	40.2769914	-7.5012676	1.45	surface
PRI	AMD-00101	38.7635540	-9.2036870	38.7635512	-9.2036707	1.45	surface
PRI	TNV-00022	39.4763070	-8.5658540	39.4763010	-8.5658391	1.44	surface
GLP	GMR-00113	41.4927980	-8.3609460	41.4928106	-8.3609500	1.44	surface
LOG	PRT-00215	41.1457060	-8.6068110	41.1456979	-8.6067976	1.44	surface
TRK	OLH-00056	37.0251800	-7.8417410	37.0251717	-7.8417534	1.44	surface
FCT	VIZ-00014	41.3962970	-8.3193570	41.3962863	-8.3193474	1.43	surface
TRK	MTA-00079	38.6586200	-9.0440850	38.6586320	-9.0440790	1.43	surface
GLP	FIG-00034	40.1503640	-8.8650300	40.1503579	-8.8650448	1.43	underground
GLP	PRT-00309	41.1522830	-8.6527340	41.1522792	-8.6527177	1.43	surface
GLP	SLV-00023	37.1305120	-8.3499060	37.1305006	-8.3499134	1.43	surface
MLT	LRS-00034	38.8256900	-9.1614920	38.8256798	-9.1615020	1.43	surface
GLP	BRG-90014	41.5665500	-8.3979650	41.5665537	-8.3979814	1.43	surface
TRK	AVT-00004	38.2935300	-8.0353500	38.2935354	-8.0353352	1.42	surface
REP	MUR-00002	41.4061660	-7.4500700	41.4061539	-7.4500754	1.42	surface
TRK	CSC-00291	38.7095700	-9.4343660	38.7095773	-9.4343526	1.42	surface
TRK	MTJ-00087	38.6845700	-8.6110510	38.6845721	-8.6110671	1.42	surface
GLP	LRS-80029	38.7761000	-9.1037670	38.7760918	-9.1037795	1.42	surface
MOT	MLD-00017	40.3302200	-8.4515200	40.3302075	-8.4515168	1.42	surface
HRZ	FND-00024	40.1654130	-7.4963750	40.1654199	-7.4963610	1.42	surface
GLP	BRG-00066	41.5262220	-8.4184140	41.5262339	-8.4184200	1.41	surface
GLP	ALQ-00024	39.0219570	-8.9773480	39.0219497	-8.9773346	1.41	surface
LCG	LLE-00043	37.0610120	-8.0309280	37.0610045	-8.0309408	1.41	surface
FCT	AGB-00003	40.7877040	-7.5920720	40.7876944	-7.5920611	1.41	surface
MOT	LOU-00009	41.2719400	-8.2084890	41.2719460	-8.2085038	1.41	surface
GLG	VCD-00016	41.3196600	-8.7128060	41.3196605	-8.7128228	1.40	surface
EVI	GMR-00054	41.4372560	-8.3125550	41.4372620	-8.3125402	1.40	surface
ATL	FAF-00026	41.4452200	-8.1655200	41.4452085	-8.1655131	1.40	surface
FCT	EVR-00077	38.5492320	-7.9075146	38.5492295	-7.9075304	1.40	surface
TRK	CSC-00308	38.7015720	-9.4449210	38.7015710	-9.4449049	1.40	surface
GLP	CLD-00022	39.4050330	-9.1519970	39.4050227	-9.1520064	1.40	surface
GLP	LRS-90025	38.8035700	-9.1248300	38.8035754	-9.1248154	1.40	surface
DTE	VVC-00009	38.7762300	-7.3172300	38.7762290	-7.3172139	1.40	surface
HRZ	EVR-00019	38.5455000	-7.9090130	38.5455034	-7.9089975	1.40	surface
EDP	ABF-00121	37.0898320	-8.1687240	37.0898293	-8.1687394	1.40	surface
GLP	LSB-00997	38.7681120	-9.1705040	38.7681214	-9.1704933	1.40	surface
TRK	OLH-00034	37.0446600	-7.8177230	37.0446482	-7.8177176	1.40	surface
TRK	CSC-00330	38.7451440	-9.3804250	38.7451440	-9.3804089	1.40	surface
GLP	VFX-00069	38.9629020	-8.9882940	38.9629114	-8.9882833	1.40	surface
EDP	EVR-90008	38.5483250	-7.9146440	38.5483127	-7.9146408	1.40	surface
GLP	LSB-90004	38.7111500	-9.2136720	38.7111611	-9.2136645	1.40	surface
GLP	VFX-00130	38.9494000	-8.9910700	38.9493885	-8.9910764	1.39	surface
EDP	NZR-00013	39.6014060	-9.0681380	39.6013960	-9.0681478	1.39	surface
HRZ	LSB-90029	38.7632700	-9.1801060	38.7632667	-9.1800905	1.39	surface
HRZ	RMR-00009	39.3704800	-8.9640875	39.3704675	-8.9640877	1.39	surface
EDP	GRD-00051	40.5443800	-7.2459120	40.5443902	-7.2459214	1.38	surface
FCT	PRT-00368	41.1821860	-8.6466400	41.1821736	-8.6466386	1.38	surface
REP	PBL-00011	39.9223480	-8.6291670	39.9223531	-8.6291818	1.38	surface
DTE	AGD-00031	40.6532250	-8.4583850	40.6532142	-8.4583931	1.38	surface
EVC	PVL-00003	41.5737530	-8.2649650	41.5737490	-8.2649807	1.38	surface
GLP	VFR-00094	40.9242000	-8.5610710	40.9241911	-8.5610824	1.38	surface
EDP	LRA-90009	39.7371440	-8.8103790	39.7371421	-8.8103631	1.38	surface
MLT	MFR-00011	38.9702900	-9.4197720	38.9702817	-9.4197838	1.38	surface
EDP	VNG-00112	41.1027700	-8.5998820	41.1027794	-8.5998926	1.37	surface
HEX	LSB-00833	38.7479700	-9.1876500	38.7479815	-9.1876557	1.37	surface
EDP	OHP-90002	40.3592800	-7.8613060	40.3592692	-7.8613138	1.37	surface
BEL	MMV-00010	40.1737300	-8.6817200	40.1737189	-8.6817270	1.37	surface
TRK	MTA-00044	38.6490360	-9.0221650	38.6490402	-9.0221502	1.37	surface
TRK	MTA-00029	38.6571460	-9.0226930	38.6571502	-9.0226782	1.37	surface
GLP	OVR-00062	40.9447200	-8.6217830	40.9447251	-8.6217682	1.37	surface
GLP	SXL-00030	38.6204530	-9.1151460	38.6204489	-9.1151312	1.36	surface
GLP	ALB-00015	40.6713600	-8.5579290	40.6713508	-8.5579183	1.36	surface
GLP	MOBI-MTS-00009	41.1857830	-8.6852050	41.1857788	-8.6852203	1.36	underground
EDP	LSB-90123	38.7212940	-9.1350740	38.7212820	-9.1350709	1.36	surface
SEG	HRT-00006	38.5376430	-28.6262720	38.5376367	-28.6262586	1.36	surface
FCT	GDL-00017	38.1845000	-8.5688130	38.1844907	-8.5688231	1.36	surface
HEX	LSB-00827	38.7600000	-9.1792600	38.7600105	-9.1792520	1.36	surface
PRI	VFX-00136	39.0009770	-8.9711620	39.0009879	-8.9711550	1.35	surface
SEG	AGH-00010	38.6566470	-27.2191850	38.6566565	-27.2191947	1.35	surface
DTE	AGD-00027	40.5581320	-8.4378360	40.5581248	-8.4378232	1.35	surface
HLX	TVD-00099	39.0702600	-9.2449790	39.0702715	-9.2449837	1.34	surface
TRK	CSC-00278	38.6864360	-9.3249250	38.6864479	-9.3249228	1.34	surface
HRZ	VNG-90008	41.0660820	-8.5751700	41.0660740	-8.5751819	1.34	surface
TRK	MTA-00072	38.6626660	-9.0476110	38.6626540	-9.0476117	1.34	surface
HLX	CTB-00063	39.9157500	-7.4651390	39.9157618	-7.4651417	1.33	surface
TRK	CSC-00246	38.7050550	-9.3795720	38.7050503	-9.3795579	1.33	surface
EDP	VNG-00072	41.1014900	-8.5982200	41.1014871	-8.5982046	1.33	surface
TRK	LSB-01201	38.7572400	-9.1378400	38.7572447	-9.1378259	1.33	surface
DTE	CVL-00030	40.2721250	-7.4986230	40.2721168	-7.4986344	1.33	surface
FAC	MCH-00004	32.7378270	-16.7366800	32.7378374	-16.7366730	1.33	surface
ATL	BBR-00002	39.2645030	-9.1632550	39.2645144	-9.1632504	1.33	surface
REP	CBR-00150	40.1262780	-8.4894470	40.1262703	-8.4894351	1.33	surface
GLP	CBR-00131	40.2105940	-8.4046180	40.2106042	-8.4046100	1.32	surface
HRZ	CTB-90006	39.8197200	-7.5119400	39.8197110	-7.5119501	1.32	surface
FRR	MRT-00004	40.4019900	-8.2253100	40.4019798	-8.2253020	1.32	surface
HRZ	BRG-90008	41.5549500	-8.4007700	41.5549591	-8.4007599	1.32	surface
ATL	NZR-00034	39.6101460	-9.0620300	39.6101491	-9.0620152	1.31	surface
GLP	LRS-90023	38.7840500	-9.0982610	38.7840616	-9.0982583	1.31	surface
EDP	LSB-01332	38.7496830	-9.1044290	38.7496876	-9.1044151	1.31	surface
EDP	MMN-00011	38.6463900	-8.2005700	38.6463922	-8.2005552	1.31	surface
GLP	LSB-00509	38.7739200	-9.0922710	38.7739182	-9.0922859	1.31	surface
TRK	CSC-00233	38.7037900	-9.4388910	38.7037879	-9.4389058	1.31	surface
TRK	MTJ-00094	38.7185500	-8.9712640	38.7185521	-8.9712492	1.31	surface
REP	SMG-00015	39.0508100	-8.7309960	39.0507983	-8.7309966	1.30	surface
PRI	CVL-00018	40.2948100	-7.4811700	40.2948043	-7.4811566	1.30	surface
EDP	ORM-00017	39.6339400	-8.6837230	39.6339285	-8.6837257	1.30	surface
PRI	PRT-00358	41.1801450	-8.6347380	41.1801536	-8.6347275	1.30	surface
TRK	MTJ-00074	38.7140050	-8.9609540	38.7140102	-8.9609406	1.30	surface
GLP	ARV-00019	38.9799700	-9.0406560	38.9799752	-9.0406694	1.29	surface
ENB	SNT-00188	38.7712400	-9.3467900	38.7712490	-9.3467806	1.29	surface
PRI	GDM-00067	41.1079900	-8.5325980	41.1079900	-8.5325826	1.29	surface
TRK	CSC-00295	38.7038540	-9.3372340	38.7038550	-9.3372192	1.29	surface
GLP	CTB-90002	39.8191600	-7.4958300	39.8191547	-7.4958166	1.29	surface
REP	LSB-00444	38.7137220	-9.1760790	38.7137225	-9.1760642	1.29	surface
MOT	MTJ-00006	38.6958120	-8.9426775	38.6958090	-8.9426632	1.29	surface
EDP	TNV-00020	39.4707000	-8.5414650	39.4706949	-8.5414516	1.28	surface
GLP	OVR-00059	40.8755380	-8.6749480	40.8755274	-8.6749540	1.28	surface
TRK	MTJ-00086	38.7128330	-8.9750080	38.7128445	-8.9750087	1.28	surface
GLP	STB-90008	38.5285030	-8.8926780	38.5285145	-8.8926782	1.28	surface
EDP	MTS-00128	41.1985600	-8.6831340	41.1985489	-8.6831300	1.28	surface
ATL	TVD-00040	39.1333580	-9.3799790	39.1333540	-9.3799929	1.28	surface
PRI	GDM-00066	41.1812020	-8.5358510	41.1812028	-8.5358358	1.28	surface
GLG	VNF-00035	41.3928400	-8.5115760	41.3928470	-8.5115881	1.27	surface
FCT	BNV-00013	38.9158550	-8.8810890	38.9158590	-8.8810752	1.27	surface
LOG	CSC-00126	38.7096600	-9.3356000	38.7096618	-9.3355855	1.27	surface
SEG	RGR-00011	37.8019750	-25.6118130	37.8019655	-25.6118210	1.27	surface
EDP	VFR-00089	40.9316140	-8.5245120	40.9316187	-8.5244983	1.26	surface
REP	CTB-00017	39.8060260	-7.5130620	39.8060181	-7.5130726	1.26	surface
EDP	VNP-00007	40.8521000	-7.7332660	40.8521112	-7.7332637	1.26	surface
TRK	FIG-00057	40.1667370	-8.8486080	40.1667455	-8.8485982	1.26	surface
ECI	PVZ-00033	41.3810120	-8.7612250	41.3810216	-8.7612170	1.26	surface
DTE	FND-00036	40.0985000	-7.4663510	40.0985000	-7.4663362	1.26	surface
GLP	EPS-00033	41.6048800	-8.7418080	41.6048820	-8.7418228	1.25	surface
PRI	PRT-00290	41.1790470	-8.6299930	41.1790564	-8.6299848	1.25	surface
TRK	STS-00055	41.3632740	-8.4068510	41.3632690	-8.4068376	1.25	surface
IHM	LGS-00009	37.1000060	-8.6839340	37.0999959	-8.6839279	1.25	underground
CEV	BRG-00062	41.5265800	-8.4487670	41.5265709	-8.4487584	1.24	surface
GLP	OVR-00058	40.9321170	-8.6159380	40.9321281	-8.6159367	1.24	surface
GLP	AMT-00026	41.2725750	-8.0895410	41.2725750	-8.0895558	1.24	surface
MLT	OER-00035	38.7145350	-9.2303170	38.7145257	-9.2303248	1.24	surface
GLP	VFR-00048	40.9428600	-8.4584510	40.9428544	-8.4584637	1.24	surface
HRZ	MLD-00052	40.3708950	-8.4531360	40.3709061	-8.4531357	1.23	surface
TRK	MTA-00042	38.6511540	-9.0269320	38.6511577	-9.0269186	1.23	surface
SEG	PDL-00015	37.7636450	-25.6258320	37.7636546	-25.6258390	1.23	surface
EDP	LRS-00232	38.8305780	-9.1689870	38.8305695	-9.1689961	1.23	surface
TRK	MTJ-00047	38.7071460	-8.9877230	38.7071470	-8.9877371	1.23	surface
TRK	LSB-00970	38.7352330	-9.1214420	38.7352236	-9.1214346	1.23	surface
FCT	CDN-00008	40.1072700	-8.5115380	40.1072699	-8.5115236	1.22	surface
TRK	MTJ-00100	38.7063300	-8.9839740	38.7063190	-8.9839733	1.22	surface
EDP	LSB-01054	38.7497400	-9.1985520	38.7497290	-9.1985513	1.22	surface
GLP	VFR-00060	40.9294550	-8.5546370	40.9294650	-8.5546431	1.22	surface
HLX	CSC-00159	38.7019800	-9.4163000	38.7019886	-9.4162912	1.22	underground
TRK	MTJ-00070	38.7088170	-8.9264800	38.7088060	-8.9264800	1.22	surface
EDP	GMR-00151	41.4503860	-8.2790620	41.4503897	-8.2790482	1.22	surface
CPS	ODV-00029	38.8065760	-9.2003470	38.8065832	-9.2003576	1.22	surface
GLP	SRT-00007	39.8152660	-8.1089200	39.8152588	-8.1089307	1.21	surface
FCT	RMR-00013	39.3011000	-8.8965040	39.3011032	-8.8965175	1.21	surface
EDP	TVD-00088	39.0843000	-9.2606580	39.0843082	-9.2606673	1.21	surface
PRI	PNL-00003	40.0183330	-8.3725700	40.0183412	-8.3725606	1.21	surface
FCT	PFR-00020	41.2828100	-8.3871950	41.2828010	-8.3872032	1.21	surface
GLP	TVD-00028	39.0901400	-9.2611950	39.0901312	-9.2611867	1.21	surface
EDP	VCD-00029	41.3128700	-8.7210580	41.3128599	-8.7210526	1.21	surface
GLP	PNV-00008	39.7505720	-7.9265650	39.7505804	-7.9265740	1.21	surface
GLP	VNF-00060	41.4151600	-8.5199260	41.4151599	-8.5199115	1.21	surface
EDP	GMR-00154	41.4367640	-8.3136560	41.4367584	-8.3136684	1.21	surface
MLT	FUN-00004	32.6438030	-16.9172300	32.6437927	-16.9172260	1.20	surface
PRI	PRT-00244	41.1695020	-8.5723000	41.1694943	-8.5723101	1.20	surface
HLX	VNF-00052	41.3897100	-8.3901940	41.3897060	-8.3902074	1.20	surface
ATL	CBR-00113	40.2353300	-8.4167000	40.2353400	-8.4167054	1.20	surface
ENB	SNT-00187	38.7712170	-9.3468420	38.7712244	-9.3468319	1.20	surface
MOT	AMR-00006	41.6282160	-8.3443590	41.6282200	-8.3443456	1.20	surface
ATL	VVD-00014	41.6433400	-8.4335320	41.6433300	-8.4335266	1.20	surface
TRK	BJA-00061	37.9357640	-7.7764130	37.9357619	-7.7764264	1.20	surface
EDP	ABF-00172	37.0874520	-8.1563980	37.0874413	-8.1563993	1.20	surface
FCT	ALQ-00025	39.0325800	-8.9574870	39.0325748	-8.9574991	1.19	surface
GLP	SLV-00018	37.1651730	-8.3048910	37.1651719	-8.3049044	1.19	surface
GLP	LSB-90064	38.7489500	-9.1380450	38.7489400	-9.1380500	1.19	surface
LOG	CSC-00125	38.7096600	-9.3356000	38.7096545	-9.3356118	1.19	surface
LCG	LLE-00060	37.1977650	-7.9868080	37.1977544	-7.9868062	1.19	surface
FCT	PST-00006	33.0711100	-16.3428690	33.0711084	-16.3428816	1.19	surface
TRK	CSC-00469	38.7169880	-9.4058660	38.7169901	-9.4058526	1.19	surface
TRK	CSC-00354	38.7241200	-9.3820520	38.7241179	-9.3820386	1.19	surface
DTE	ILH-00021	40.6181200	-8.7517300	40.6181098	-8.7517340	1.18	surface
GLP	VIS-90038	40.6580350	-7.9137820	40.6580401	-7.9137943	1.18	surface
TRK	FIG-00058	40.1483700	-8.8507950	40.1483806	-8.8507956	1.18	surface
EML	LSB-00624	38.7161670	-9.1286950	38.7161750	-9.1286861	1.18	surface
REP	SCR-00012	32.6472000	-16.8355240	32.6471941	-16.8355136	1.17	surface
EDP	VRL-00045	41.3040960	-7.7450120	41.3040959	-7.7450260	1.17	surface
TRK	CSC-00409	38.7279780	-9.4115960	38.7279790	-9.4116094	1.17	surface
TRK	CSC-00387	38.6981900	-9.3653110	38.6982005	-9.3653110	1.17	surface
TRK	CSC-00468	38.7117770	-9.4047770	38.7117770	-9.4047904	1.16	surface
DTE	CVL-00020	40.3644560	-7.4262140	40.3644484	-7.4262234	1.16	surface
EDP	CSC-00513	38.6848950	-9.3426350	38.6848846	-9.3426360	1.16	surface
HLX	SNT-00037	38.7775800	-9.3485470	38.7775854	-9.3485584	1.16	surface
FCT	MGD-00003	41.3535600	-6.7082324	41.3535515	-6.7082403	1.15	surface
REP	AVR-00046	40.6457980	-8.6274140	40.6458025	-8.6274263	1.15	surface
GLP	VRL-00028	41.3151860	-7.7302980	41.3151955	-7.7302925	1.15	surface
MLT	OER-00034	38.7512550	-9.2829500	38.7512571	-9.2829370	1.15	surface
HLX	ACN-00011	39.5189360	-8.6887410	39.5189360	-8.6887276	1.15	surface
TRK	LSB-01203	38.7551800	-9.1679300	38.7551842	-9.1679179	1.15	surface
GLP	CMN-00004	41.8166240	-8.8687190	41.8166330	-8.8687123	1.14	surface
HRZ	VIS-90034	40.6593550	-7.9202270	40.6593627	-7.9202180	1.14	surface
TRK	MTJ-00050	38.7125930	-8.9815320	38.7126031	-8.9815345	1.14	surface
EDP	ABF-00148	37.1269870	-8.2441560	37.1269822	-8.2441674	1.14	surface
REP	PTM-00041	37.1353380	-8.5354290	37.1353474	-8.5354238	1.14	surface
EVP	SSB-00008	38.4380900	-9.1159570	38.4380800	-9.1159600	1.14	surface
MOT	VLC-00015	40.8570000	-8.4130000	40.8570036	-8.4130127	1.14	surface
TRK	FIG-00051	40.1490550	-8.8560440	40.1490546	-8.8560306	1.14	surface
MOT	MTJ-00008	38.6958400	-8.9426020	38.6958304	-8.9426066	1.14	surface
EDP	GRD-00048	40.5277940	-7.1991880	40.5277838	-7.1991867	1.14	surface
TRK	MTJ-00069	38.7059400	-8.9803590	38.7059426	-8.9803463	1.14	surface
TRK	LSA-00007	40.1183360	-8.2421960	40.1183278	-8.2421880	1.14	surface
ATL	CSC-80002	38.6944700	-9.4229080	38.6944796	-9.4229035	1.14	surface
REP	VLG-00049	41.2209050	-8.5580570	41.2209136	-8.5580640	1.12	surface
TRK	BRR-00112	38.6518970	-9.0675640	38.6519049	-9.0675560	1.12	surface
FAC	PMZ-00006	32.8522600	-17.2097340	32.8522514	-17.2097401	1.11	surface
GLP	VIS-00117	40.6565700	-7.9052640	40.6565779	-7.9052721	1.11	surface
HRZ	MTS-00051	41.2164080	-8.6842840	41.2164014	-8.6842740	1.11	surface
DTE	VVC-00010	38.7217060	-7.3997870	38.7217160	-7.3997870	1.11	surface
EMA	FUN-00003	32.6452450	-16.9129660	32.6452539	-16.9129714	1.11	surface
TRK	CSC-00531	38.6991840	-9.3382910	38.6991871	-9.3382789	1.11	surface
GLP	OVR-00063	40.9571900	-8.6519430	40.9571996	-8.6519396	1.10	surface
TRK	LSB-01215	38.7660100	-9.1704800	38.7660069	-9.1704679	1.10	surface
HRZ	CSC-00019	38.7096700	-9.3294525	38.7096739	-9.3294642	1.10	surface
REP	LRA-00173	39.6788860	-8.9096090	39.6788884	-8.9096215	1.10	surface
ATL	LSB-80067	38.7251360	-9.1641500	38.7251297	-9.1641402	1.10	surface
EDP	LSB-01038	38.7525370	-9.2050830	38.7525454	-9.2050763	1.10	surface
MOT	VFX-00086	38.8719140	-9.0577780	38.8719056	-9.0577847	1.10	surface
EDP	ABF-00157	37.0962870	-8.1878760	37.0962849	-8.1878881	1.10	surface
TRK	CSC-00268	38.6998020	-9.4218000	38.6998109	-9.4218054	1.09	surface
HRZ	BJA-00014	38.0109330	-7.8745250	38.0109372	-7.8745137	1.09	surface
HLX	TVD-00089	39.1371400	-9.3601400	39.1371348	-9.3601293	1.09	surface
SEG	PDL-00016	37.7545240	-25.6570240	37.7545272	-25.6570357	1.09	surface
ATL	LLE-00177	37.0865550	-8.1108190	37.0865570	-8.1108310	1.09	surface
TRK	BJA-00069	38.0107040	-7.8705970	38.0107061	-7.8706091	1.09	surface
GLP	LLE-00116	37.1102200	-8.1470520	37.1102295	-8.1470493	1.08	surface
GLP	VFL-00006	41.3086700	-7.1559210	41.3086614	-7.1559150	1.08	surface
GLP	CSC-00222	38.6914100	-9.4298500	38.6914106	-9.4298624	1.08	surface
GLP	OVR-00045	40.8702130	-8.6763760	40.8702059	-8.6763847	1.08	surface
EDP	STB-90011	38.5406200	-8.8952580	38.5406175	-8.8952699	1.07	surface
EDP	PLM-00029	38.5834500	-8.9973700	38.5834406	-8.9973727	1.07	surface
TRK	MTJ-00091	38.6990430	-8.9482550	38.6990524	-8.9482577	1.07	surface
TRK	CSC-00285	38.7004280	-9.4234550	38.7004353	-9.4234470	1.07	surface
MOT	CHV-00031	41.7456860	-7.4687886	41.7456900	-7.4687769	1.07	surface
GLP	LSB-90031	38.7570000	-9.0984320	38.7570087	-9.0984372	1.07	surface
GLP	VFX-00067	38.9550250	-8.9979930	38.9550323	-8.9979850	1.07	surface
TRK	OLH-00012	37.0328830	-7.8482720	37.0328735	-7.8482733	1.06	surface
TRK	BRR-00115	38.6270800	-9.0479890	38.6270707	-9.0479863	1.06	surface
ATL	LRS-80005	38.8244670	-9.1435340	38.8244675	-9.1435218	1.06	surface
EDP	LRA-00114	39.8999860	-8.8262480	39.8999798	-8.8262574	1.06	surface
GLP	PTM-00037	37.1306230	-8.5453415	37.1306135	-8.5453411	1.06	surface
TRK	CSC-00447	38.7247470	-9.4430670	38.7247478	-9.4430549	1.05	surface
HRZ	LRS-90004	38.9006500	-9.1816160	38.9006573	-9.1816237	1.05	surface
REP	BRR-00128	38.6360630	-9.0444410	38.6360620	-9.0444530	1.05	surface
GLP	ALB-00030	40.6208300	-8.5083600	40.6208392	-8.5083627	1.05	surface
ATL	PRT-00295	41.1419530	-8.6051340	41.1419443	-8.6051388	1.05	underground
ATL	LLE-00173	37.0791200	-8.1226990	37.0791250	-8.1226890	1.05	surface
TRK	CSC-00301	38.7072140	-9.3467080	38.7072056	-9.3467134	1.04	surface
TRK	LSB-01192	38.7770400	-9.1510100	38.7770316	-9.1510154	1.04	surface
TRK	LSB-01209	38.7667600	-9.1526800	38.7667683	-9.1526856	1.04	surface
EDP	FCR-00002	40.8842280	-6.9653720	40.8842278	-6.9653596	1.04	surface
TRK	SJM-00028	40.9027500	-8.4810880	40.9027561	-8.4810786	1.04	surface
ITV	ELV-00012	38.8802600	-7.1450430	38.8802553	-7.1450534	1.04	surface
PRI	VLG-00040	41.2085880	-8.5415080	41.2085883	-8.5415204	1.04	surface
GLP	VFR-00047	40.9513000	-8.4869340	40.9513091	-8.4869313	1.04	surface
GLP	VFR-00072	40.9866800	-8.5530700	40.9866891	-8.5530727	1.04	surface
TRK	BRR-00060	38.6642700	-9.0763110	38.6642609	-9.0763084	1.04	surface
TRK	BRR-00021	38.6268100	-9.0343600	38.6268192	-9.0343619	1.04	surface
HRZ	OER-00139	38.7289160	-9.2375560	38.7289168	-9.2375441	1.04	surface
VIA	OER-00277	38.7146000	-9.2861150	38.7145909	-9.2861174	1.03	surface
TRK	LSA-00008	40.1101570	-8.2499110	40.1101570	-8.2498989	1.03	surface
HLX	AVR-00043	40.6429300	-8.6024100	40.6429280	-8.6024219	1.03	surface
FCT	ORM-00033	39.6279450	-8.6812540	39.6279413	-8.6812650	1.03	surface
REP	GDL-00034	38.1213150	-8.4466750	38.1213058	-8.4466757	1.02	surface
EDP	ABF-00162	37.0941120	-8.2255480	37.0941165	-8.2255380	1.02	surface
GLP	OER-00179	38.6943320	-9.3219140	38.6943317	-9.3219257	1.02	surface
TRK	LSB-01195	38.7724800	-9.1527800	38.7724821	-9.1527914	1.02	surface
EDP	ABF-00070	37.0935130	-8.2323460	37.0935182	-8.2323554	1.01	surface
DTE	CVL-00037	40.3739100	-7.4680570	40.3739141	-7.4680463	1.01	surface
MLT	LSB-00090	38.7560580	-9.2044690	38.7560651	-9.2044763	1.01	surface
GLP	PNI-00022	39.3605650	-9.3833560	39.3605620	-9.3833671	1.01	surface
DTE	ILH-00025	40.5877650	-8.7416360	40.5877737	-8.7416326	1.01	surface
GLP	SLV-00037	37.1242900	-8.3350640	37.1242865	-8.3350745	1.01	surface
TRK	TMR-00029	39.6075700	-8.4044700	39.6075619	-8.4044647	1.01	surface
MOT	GMR-00142	41.4370540	-8.3110100	41.4370630	-8.3110087	1.01	surface
TRK	MTJ-00051	38.7109870	-8.9816490	38.7109781	-8.9816470	1.00	surface
TRK	LSB-01202	38.7553900	-9.1321600	38.7553811	-9.1321620	1.00	surface
EDP	VFX-00033	38.8599800	-9.0749600	38.8599710	-9.0749610	1.00	surface
DTE	ILH-00026	40.6047600	-8.6657220	40.6047625	-8.6657106	1.00	surface
TRK	CSC-00534	38.6937560	-9.3436980	38.6937470	-9.3436977	1.00	surface
ENB	SNT-00235	38.7712900	-9.3466900	38.7712959	-9.3466813	1.00	surface
GLP	OER-00259	38.7426380	-9.3035520	38.7426328	-9.3035426	1.00	surface
EDP	LRS-90018	38.8086300	-9.0994170	38.8086389	-9.0994155	1.00	surface
FCT	MFR-00041	38.9194300	-9.2305340	38.9194248	-9.2305246	1.00	surface
REP	ALM-00042	38.6678500	-9.1598960	38.6678421	-9.1598906	1.00	surface
PRI	ACB-00032	39.4622270	-9.1193760	39.4622327	-9.1193671	0.99	surface
FAC	MCH-00012	32.7204600	-16.7682760	32.7204527	-16.7682821	0.99	surface
EDP	LSB-01036	38.7502330	-9.2046900	38.7502361	-9.2046793	0.99	surface
GLD	PTL-00034	41.6525730	-8.6049795	41.6525652	-8.6049852	0.99	surface
HLX	PRD-00030	41.2001760	-8.3465370	41.2001673	-8.3465393	0.99	surface
EDP	ABF-00133	37.0939800	-8.1934700	37.0939763	-8.1934801	0.99	surface
GLP	VFX-00103	38.9411740	-8.9993820	38.9411803	-8.9993740	0.98	surface
HRZ	TRF-00013	41.3366300	-8.5703380	41.3366242	-8.5703469	0.98	surface
IBD	MTS-00039	41.2008630	-8.6950340	41.2008544	-8.6950317	0.98	surface
MOT	TVD-00053	39.1506800	-9.2994760	39.1506862	-9.2994680	0.98	surface
FCT	PBL-00025	39.9255640	-8.6281880	39.9255569	-8.6281947	0.97	surface
EDP	ABF-00169	37.0916100	-8.2390730	37.0916041	-8.2390811	0.97	surface
MLT	MTA-00004	38.6535870	-9.0264700	38.6535871	-9.0264812	0.97	surface
DTE	FND-00034	40.1391500	-7.5025250	40.1391505	-7.5025364	0.97	surface
ATL	TMR-00034	39.6115230	-8.3953940	39.6115218	-8.3953828	0.97	surface
DTE	CVL-00023	40.2355730	-7.4434260	40.2355668	-7.4434180	0.97	surface
ECI	FNC-00052	32.6362400	-16.9323500	32.6362370	-16.9323403	0.97	surface
EDP	FAG-90001	40.6196670	-7.5394720	40.6196706	-7.5394616	0.96	surface
ATL	LRS-80020	38.7941000	-9.1072830	38.7940945	-9.1072744	0.96	surface
EDP	CBR-00118	40.2376480	-8.4382680	40.2376432	-8.4382586	0.96	surface
GLP	OVR-00043	40.8571600	-8.6157260	40.8571570	-8.6157367	0.96	surface
PRI	PRT-00105	41.1776730	-8.6485480	41.1776809	-8.6485526	0.96	surface
PLG	MTJ-00012	38.6841350	-8.9526440	38.6841300	-8.9526350	0.96	surface
TRK	BRR-00082	38.6519280	-9.0478610	38.6519301	-9.0478717	0.96	surface
EDP	VZL-00005	40.7210200	-8.1153520	40.7210154	-8.1153616	0.96	surface
EDP	ABF-00146	37.0955160	-8.2554010	37.0955149	-8.2554117	0.96	surface
TRK	CMN-00011	41.8753700	-8.8364200	41.8753630	-8.8364133	0.96	surface
TRK	CSC-00325	38.7167400	-9.3294770	38.7167316	-9.3294750	0.95	surface
TRK	CSC-00528	38.7128680	-9.3507860	38.7128765	-9.3507868	0.95	surface
TRK	LSB-01219	38.7667300	-9.1716000	38.7667358	-9.1716080	0.95	surface
FAC	CML-00002	32.6487730	-16.9747090	32.6487648	-16.9747063	0.95	surface
EDP	MAI-00063	41.2340280	-8.6224700	41.2340343	-8.6224624	0.95	surface
TRK	CSC-00367	38.6974000	-9.4464540	38.6973984	-9.4464433	0.95	surface
GLP	SXL-00024	38.6380460	-9.0992370	38.6380433	-9.0992267	0.94	surface
GLP	SMA-00003	38.9683950	-9.1972720	38.9683938	-9.1972612	0.94	surface
HLX	GMR-00025	41.4420200	-8.3043100	41.4420212	-8.3043212	0.94	surface
PRI	SNT-00230	38.8577580	-9.3791710	38.8577498	-9.3791683	0.94	surface
TRK	CSC-00505	38.7236600	-9.3434640	38.7236684	-9.3434653	0.94	surface
TRK	BRR-00045	38.6669460	-9.0542170	38.6669418	-9.0542264	0.94	surface
FCT	BGC-00021	41.8082050	-6.7931075	41.8082134	-6.7931088	0.94	surface
TRK	CSC-00376	38.6968230	-9.3682810	38.6968188	-9.3682716	0.94	surface
DTE	ILH-00020	40.6365550	-8.6946670	40.6365468	-8.6946643	0.94	surface
HLX	OAZ-00017	40.8319850	-8.4853060	40.8319797	-8.4852973	0.94	surface
KLS	CBR-00098	40.2048700	-8.4537230	40.2048616	-8.4537220	0.94	surface
EDP	STB-00066	38.5488900	-8.8846550	38.5488827	-8.8846496	0.94	surface
HRZ	LSB-00951	38.7509600	-9.1802830	38.7509598	-9.1802722	0.94	surface
HLX	CCH-00006	38.9652820	-8.5351020	38.9652830	-8.5350913	0.93	surface
GLP	EPS-00022	41.5387600	-8.7819980	41.5387639	-8.7819881	0.93	surface
EDP	PSR-00010	39.2442670	-8.0215620	39.2442659	-8.0215727	0.93	surface
DTE	ILH-00023	40.6172300	-8.7334850	40.6172219	-8.7334877	0.93	surface
GLP	LNH-00035	39.2659070	-9.3344500	39.2659080	-9.3344393	0.93	surface
FCT	FAR-00074	37.0255130	-7.9174890	37.0255135	-7.9174994	0.92	surface
TRK	CSC-00541	38.7056350	-9.3829910	38.7056269	-9.3829934	0.92	surface
EDP	VLF-00007	41.0832820	-7.1370820	41.0832780	-7.1370724	0.92	surface
HRZ	ACB-90001	39.5520020	-8.9756110	39.5520000	-8.9756006	0.92	surface
FCT	TVD-00045	39.0919000	-9.3390110	39.0918936	-9.3390177	0.92	surface
TRK	FIG-00054	40.1528660	-8.8538250	40.1528670	-8.8538143	0.92	surface
TRK	STS-00034	41.3425800	-8.4876600	41.3425719	-8.4876580	0.92	surface
EDP	GMR-00124	41.4448280	-8.2979070	41.4448232	-8.2979159	0.91	surface
REP	GMR-00164	41.4401200	-8.3221800	41.4401175	-8.3221696	0.91	surface
GLP	CSC-00235	38.7356950	-9.3385980	38.7356897	-9.3386060	0.91	surface
SEG	VPV-00003	38.7318270	-27.0585080	38.7318207	-27.0585013	0.91	surface
EDP	LSB-90006	38.7068500	-9.2082610	38.7068425	-9.2082652	0.91	surface
TRK	MTA-00075	38.6602860	-9.0465670	38.6602939	-9.0465643	0.91	surface
FCT	LGS-00037	37.1198120	-8.6728530	37.1198112	-8.6728632	0.91	surface
EDP	LSB-01058	38.7565460	-9.1982140	38.7565533	-9.1982187	0.91	surface
HRZ	ODV-00028	38.7827220	-9.1921860	38.7827139	-9.1921869	0.90	underground
TRK	PRG-00013	41.1578600	-7.7779720	41.1578640	-7.7779626	0.90	surface
EDP	VCD-00083	41.3731270	-8.7154460	41.3731230	-8.7154554	0.90	surface
HRZ	VGS-00003	40.5531120	-8.6798370	40.5531196	-8.6798407	0.90	surface
EDP	GMR-00106	41.4222450	-8.3563930	41.4222530	-8.3563913	0.90	surface
HRZ	PMS-00006	39.5996550	-8.8157390	39.5996602	-8.8157310	0.90	surface
PRI	OHP-00021	40.3616800	-7.8608590	40.3616863	-7.8608656	0.90	surface
NRG	GRD-00021	40.5494230	-7.2418810	40.5494150	-7.2418820	0.89	surface
EDP	PLM-00057	38.5669860	-8.9407710	38.5669829	-8.9407804	0.89	surface
DTE	CVL-00055	40.2005840	-7.5430560	40.2005820	-7.5430459	0.89	surface
TRK	FIG-00053	40.1554300	-8.8541160	40.1554325	-8.8541061	0.89	surface
GLP	LSB-00655	38.7397730	-9.1682110	38.7397726	-9.1682008	0.89	surface
TRK	CSC-00234	38.6846470	-9.3451310	38.6846439	-9.3451404	0.89	surface
TRK	CSC-00289	38.7022400	-9.4317030	38.7022473	-9.4316990	0.88	surface
TRK	BRR-00094	38.6593600	-9.0647610	38.6593570	-9.0647704	0.88	surface
GLP	VFR-00092	40.9324200	-8.5050190	40.9324251	-8.5050110	0.88	surface
EDP	OVR-90001	40.8610570	-8.6209520	40.8610578	-8.6209416	0.88	surface
EDP	BGC-00009	41.7974050	-6.7719560	41.7974116	-6.7719618	0.88	surface
REM	SBG-00009	40.3553120	-7.0945077	40.3553193	-7.0945116	0.88	surface
GLP	VFR-00064	40.9124900	-8.4922510	40.9124977	-8.4922530	0.87	surface
TRK	PRG-00016	41.1693080	-7.7992780	41.1693030	-7.7992700	0.87	surface
TRK	CSC-00288	38.7106630	-9.4073700	38.7106708	-9.4073693	0.87	surface
EDP	LSB-01064	38.7485300	-9.1989080	38.7485358	-9.1989013	0.87	surface
EDP	TCS-90001	40.7745820	-7.3496000	40.7745761	-7.3495933	0.87	surface
ATL	LLE-00178	37.0924200	-8.0935290	37.0924230	-8.0935380	0.87	surface
EDP	ABF-00173	37.0929220	-8.2330660	37.0929156	-8.2330714	0.86	surface
GLP	BGC-00023	41.7957100	-6.7670520	41.7957054	-6.7670603	0.86	surface
SEG	RGR-00016	37.8198170	-25.5288010	37.8198244	-25.5287983	0.86	surface
EDP	SAT-90001	40.7432060	-7.7342220	40.7432029	-7.7342127	0.86	surface
REP	MAI-00059	41.2391780	-8.6253120	41.2391705	-8.6253143	0.86	surface
EDP	ABF-00122	37.0780940	-8.2927760	37.0780897	-8.2927840	0.86	surface
GLP	OER-00274	38.7163470	-9.2405130	38.7163546	-9.2405145	0.86	surface
REP	CSC-00077	38.7253570	-9.4431330	38.7253507	-9.4431386	0.85	surface
PRI	ODV-00004	38.7988400	-9.1977850	38.7988461	-9.1977909	0.85	surface
HRZ	LRA-90001	39.7626340	-8.8229430	39.7626397	-8.8229496	0.85	surface
EML	LSB-00938	38.7718400	-9.1541460	38.7718421	-9.1541366	0.85	surface
TRK	BRR-00101	38.6533780	-9.0688920	38.6533707	-9.0688947	0.84	surface
EDP	LSB-01039	38.7558100	-9.1999100	38.7558173	-9.1999073	0.84	surface
REP	LRA-00174	39.6788700	-8.9096420	39.6788764	-8.9096473	0.84	surface
FCT	GMR-00134	41.4252620	-8.3512260	41.4252651	-8.3512168	0.84	surface
HRZ	PRT-90082	41.1423150	-8.6073600	41.1423093	-8.6073666	0.84	surface
EDP	VIS-00110	40.6551320	-7.9121850	40.6551281	-7.9121765	0.84	surface
GLP	SNT-90024	38.8090440	-9.2738140	38.8090454	-9.2738235	0.84	surface
FCT	LLE-00223	37.0923420	-8.0266250	37.0923495	-8.0266255	0.84	surface
GLP	VIZ-00007	41.3640370	-8.3027700	41.3640329	-8.3027617	0.83	surface
TRK	CSC-00294	38.7174530	-9.4027630	38.7174588	-9.4027690	0.83	surface
GLP	LSB-00019	38.7852670	-9.0995280	38.7852744	-9.0995274	0.82	surface
HRZ	SNS-00009	37.9646200	-8.8572300	37.9646270	-8.8572331	0.82	surface
GLG	MTS-00031	41.1720920	-8.6783900	41.1720898	-8.6783806	0.82	surface
GLP	SRN-00004	40.8986240	-7.4859150	40.8986169	-7.4859177	0.82	surface
EDP	NZR-00046	39.6099620	-9.0601470	39.6099666	-9.0601545	0.82	surface
MOT	OVR-00027	40.8828740	-8.6215900	40.8828760	-8.6215806	0.82	surface
GLP	LSB-80055	38.7645700	-9.1715670	38.7645692	-9.1715576	0.82	surface
TRK	CSC-00283	38.6943320	-9.3664210	38.6943393	-9.3664197	0.82	surface
ECI	MLD-00029	40.3665430	-8.4542010	40.3665500	-8.4542040	0.82	surface
GLP	MCN-90001	41.1862830	-8.1494390	41.1862775	-8.1494455	0.82	surface
HRZ	LSB-90035	38.7605670	-9.0953240	38.7605598	-9.0953221	0.82	surface
FCT	ACB-00055	39.5454520	-8.9693960	39.5454562	-8.9694038	0.82	surface
ATL	VIZ-00008	41.3934800	-8.3180400	41.3934820	-8.3180306	0.82	surface
HRZ	CSC-00048	38.7096520	-9.3294860	38.7096574	-9.3294923	0.81	surface
PRI	PRT-00126	41.1636540	-8.5843080	41.1636473	-8.5843042	0.81	underground
ATL	EVR-00039	38.5602600	-7.9138500	38.5602629	-7.9138585	0.81	surface
HLX	LOU-00018	41.2653900	-8.2919720	41.2653960	-8.2919774	0.81	surface
DTE	CVL-00022	40.2962500	-7.4783110	40.2962510	-7.4783204	0.80	surface
KLS	CBR-00095	40.2050740	-8.4059420	40.2050812	-8.4059411	0.80	surface
GLP	CTB-90005	39.8221500	-7.5008864	39.8221439	-7.5008914	0.80	surface
DTE	ILH-00029	40.6078220	-8.6848460	40.6078169	-8.6848393	0.80	surface
TRK	BRR-00062	38.6598130	-9.0766090	38.6598184	-9.0766029	0.80	surface
GSF	SBG-00005	40.3502800	-7.0901050	40.3502728	-7.0901050	0.80	surface
EDP	AMT-00011	41.2714600	-8.0752400	41.2714657	-8.0752342	0.80	surface
LCG	LLE-00062	37.1329040	-8.0030530	37.1328990	-8.0030466	0.79	surface
FCT	BRR-00150	38.6401630	-9.0475730	38.6401673	-9.0475803	0.79	surface
TRK	LSB-01200	38.7531500	-9.1680000	38.7531458	-9.1680074	0.79	surface
LCG	LLE-00186	37.0508650	-8.0512870	37.0508666	-8.0512957	0.79	surface
PLG	STB-00019	38.5448070	-9.0309630	38.5448060	-9.0309720	0.79	surface
GLP	ABF-00117	37.1017720	-8.2612130	37.1017669	-8.2612192	0.79	surface
EDP	GRD-00050	40.5287600	-7.2774320	40.5287529	-7.2774320	0.79	surface
TRK	CSC-00270	38.7043760	-9.4416480	38.7043824	-9.4416519	0.79	surface
GLP	SNT-00192	38.8003270	-9.3257230	38.8003208	-9.3257274	0.79	surface
EDP	VCD-00032	41.2949940	-8.6898760	41.2950010	-8.6898773	0.79	surface
PRI	LLE-00193	37.1377530	-7.9987050	37.1377467	-7.9987090	0.79	surface
EMA	SVC-00001	32.8037000	-17.0462990	32.8037028	-17.0463067	0.78	surface
CAP	ABF-00053	37.1276600	-8.2803860	37.1276646	-8.2803793	0.78	underground
FCT	LGS-00039	37.0912670	-8.7332060	37.0912600	-8.7332070	0.78	surface
EDP	MRS-00004	40.7477840	-8.6476140	40.7477906	-8.6476172	0.78	surface
TRK	CSC-00547	38.7038730	-9.3545210	38.7038793	-9.3545170	0.78	surface
ATL	RDD-80001	38.6452200	-7.5433330	38.6452156	-7.5433400	0.78	surface
TRK	BRR-00102	38.6342000	-9.0415530	38.6342017	-9.0415617	0.78	surface
EDP	ABF-00155	37.0921400	-8.2353900	37.0921341	-8.2353947	0.78	surface
TRK	MTA-00040	38.6549760	-9.0264410	38.6549744	-9.0264497	0.78	surface
TRK	CSC-00463	38.7192200	-9.3312200	38.7192132	-9.3312180	0.78	surface
GLP	OER-00082	38.6804470	-9.3201930	38.6804434	-9.3201854	0.77	surface
VEI	SLV-00005	37.1681670	-8.4270960	37.1681739	-8.4270957	0.77	surface
TRK	MTJ-00096	38.7085230	-8.9764380	38.7085220	-8.9764293	0.76	surface
TRK	CSC-00446	38.6854130	-9.3527780	38.6854135	-9.3527693	0.76	surface
EDP	OAZ-00014	40.9180870	-8.4240430	40.9180931	-8.4240390	0.76	surface
GLP	ESP-00013	40.9981880	-8.6231940	40.9981880	-8.6232030	0.76	surface
ECI	MLD-00024	40.3796960	-8.4556440	40.3797007	-8.4556504	0.75	surface
TRK	MTA-00085	38.6536640	-9.0402170	38.6536614	-9.0402250	0.75	surface
TRK	CSC-00438	38.6794400	-9.3333210	38.6794416	-9.3333294	0.75	surface
GLG	BRG-00080	41.5121200	-8.4520700	41.5121148	-8.4520643	0.75	surface
DTE	CVL-00035	40.3769400	-7.3768010	40.3769333	-7.3768003	0.75	surface
EDP	LSB-01067	38.7502750	-9.1931890	38.7502802	-9.1931836	0.74	surface
EDP	ABF-00174	37.0934680	-8.1696320	37.0934617	-8.1696347	0.74	surface
TRK	BRR-00110	38.6439200	-9.0572280	38.6439159	-9.0572347	0.74	surface
TRK	CSC-00454	38.7011830	-9.3555480	38.7011767	-9.3555453	0.74	surface
TRK	CSC-00380	38.7086640	-9.3561420	38.7086703	-9.3561393	0.74	surface
EMA	FNC-00047	32.6472470	-16.9031000	32.6472536	-16.9031007	0.74	surface
GLG	VCD-00013	41.2887950	-8.7047570	41.2888016	-8.7047577	0.74	surface
PLG	ARV-00005	38.9529150	-9.1358940	38.9529170	-9.1358859	0.73	surface
GLP	OVR-00054	40.8574450	-8.6300640	40.8574511	-8.6300607	0.73	surface
EDP	ABF-00141	37.1008260	-8.2384840	37.1008276	-8.2384920	0.73	surface
GLG	ACB-00009	39.5596770	-8.9780340	39.5596832	-8.9780367	0.73	surface
TRK	LSA-00006	40.1100270	-8.2540450	40.1100332	-8.2540423	0.73	surface
HRZ	VFR-00053	40.9292530	-8.5723170	40.9292469	-8.5723199	0.72	surface
ITV	ELV-00011	38.8802720	-7.1450230	38.8802686	-7.1450300	0.71	surface
SEG	PDL-00023	37.7405400	-25.6622050	37.7405411	-25.6622130	0.71	surface
REP	VNG-00101	41.0480270	-8.6280770	41.0480330	-8.6280740	0.71	surface
EDP	LGS-00043	37.1068700	-8.6872380	37.1068752	-8.6872427	0.71	surface
GLG	VCD-00012	41.2888450	-8.7047560	41.2888514	-8.7047563	0.71	surface
GLP	ABF-00046	37.0932800	-8.1712070	37.0932800	-8.1712150	0.71	surface
HRZ	LSB-90003	38.6934700	-9.2134410	38.6934643	-9.2134374	0.71	surface
EMA	FNC-00040	32.6472300	-16.9038930	32.6472363	-16.9038921	0.71	surface
TRK	MTJ-00058	38.7049700	-8.9515700	38.7049689	-8.9515620	0.70	surface
TRK	CSC-00475	38.7058330	-9.3820440	38.7058340	-9.3820520	0.70	surface
TRK	FIG-00046	40.1484600	-8.8623500	40.1484662	-8.8623485	0.70	surface
TRK	MTA-00070	38.6581570	-9.0399560	38.6581507	-9.0399560	0.70	surface
KLS	AVR-00105	40.6619570	-8.6123660	40.6619627	-8.6123626	0.70	surface
GLP	LNH-00039	39.2435650	-9.3103720	39.2435691	-9.3103659	0.70	surface
MOT	AMT-00029	41.2673340	-8.0782310	41.2673390	-8.0782360	0.70	surface
TRK	CSC-00490	38.7252900	-9.3306270	38.7252900	-9.3306190	0.69	surface
MLT	VPT-00001	36.9656200	-25.1330930	36.9656150	-25.1330884	0.69	surface
EDP	PLM-00065	38.6292840	-8.9166120	38.6292819	-8.9166046	0.68	surface
CME	LRA-00163	39.8520000	-8.8676010	39.8519942	-8.8675984	0.68	surface
GLP	EPS-00016	41.5394440	-8.7600100	41.5394405	-8.7600167	0.68	surface
ATL	CTB-80004	39.8244860	-7.4884410	39.8244799	-7.4884406	0.68	surface
HRZ	VNG-90001	41.1291350	-8.6055180	41.1291306	-8.6055236	0.68	surface
EDP	VCD-00033	41.2741780	-8.7276290	41.2741770	-8.7276370	0.68	surface
EDP	MGL-90003	40.6066930	-7.7614720	40.6066934	-7.7614640	0.68	surface
EDP	CBT-00005	41.3699800	-8.0934260	41.3699790	-8.0934340	0.68	surface
HRZ	VFR-00054	40.9290600	-8.5723600	40.9290543	-8.5723628	0.68	surface
ECI	PVZ-00031	41.3865100	-8.7711170	41.3865040	-8.7711157	0.68	surface
GLP	ALB-90002	40.6869000	-8.4803350	40.6869052	-8.4803309	0.67	surface
GLP	VCT-00059	41.6525760	-8.7173510	41.6525820	-8.7173510	0.67	surface
TRK	MTA-00092	38.6586600	-8.9929120	38.6586584	-8.9929194	0.67	surface
GLP	SLV-00021	37.3624700	-8.3779210	37.3624689	-8.3779136	0.67	surface
TRK	CSC-00238	38.6945880	-9.3640500	38.6945843	-9.3640560	0.66	surface
EDP	GRD-00052	40.5304500	-7.2577410	40.5304469	-7.2577343	0.66	surface
GLP	VIS-00113	40.6881700	-7.9269980	40.6881720	-7.9269906	0.66	surface
TRK	MTA-00045	38.6594960	-8.9871890	38.6594918	-8.9871944	0.66	surface
GLP	ALB-00013	40.6873170	-8.4749340	40.6873221	-8.4749300	0.66	surface
TRK	SJM-00042	40.9049200	-8.4832780	40.9049251	-8.4832740	0.66	surface
EDP	STB-90002	38.5303100	-8.9916860	38.5303127	-8.9916793	0.66	surface
TRK	BJA-00046	38.0115000	-7.8681460	38.0114942	-7.8681447	0.65	surface
HEX	LSB-00828	38.7670300	-9.1615300	38.7670357	-9.1615281	0.65	surface
TRK	CSC-00436	38.7070660	-9.4324990	38.7070602	-9.4324977	0.65	surface
EDP	MTS-00131	41.1809230	-8.6816100	41.1809260	-8.6816167	0.65	surface
EDP	MAI-00064	41.2153470	-8.6012610	41.2153440	-8.6012543	0.65	surface
HRZ	MGD-90001	41.3414000	-6.7119640	41.3413965	-6.7119578	0.65	surface
TRK	OLH-00023	37.0571440	-7.8699260	37.0571417	-7.8699193	0.65	surface
GLP	LRS-80033	38.8248330	-9.1027500	38.8248279	-9.1027536	0.65	surface
ATL	CTB-80003	39.8198780	-7.4876250	39.8198763	-7.4876178	0.64	surface
GLP	AMD-00112	38.7336040	-9.2237030	38.7335985	-9.2237051	0.64	surface
EDP	LSB-90058	38.7717200	-9.1698140	38.7717224	-9.1698074	0.63	surface
GLP	AVS-90001	39.0544500	-7.8904790	39.0544556	-7.8904802	0.63	surface
HGP	ABF-00110	37.1155700	-8.2476910	37.1155687	-8.2476979	0.63	surface
SEG	HRT-00008	38.5283500	-28.6350500	38.5283479	-28.6350433	0.63	surface
TRK	CSC-00462	38.6921800	-9.3473420	38.6921779	-9.3473487	0.63	surface
EDP	LSB-01057	38.7465100	-9.2054160	38.7465079	-9.2054093	0.63	surface
EDP	LRA-00080	39.7411460	-8.7963460	39.7411456	-8.7963533	0.63	surface
EVC	PTL-00003	41.7674000	-8.5818760	41.7673967	-8.5818699	0.62	surface
MOT	MTJ-00024	38.6957900	-8.9427100	38.6957941	-8.9427149	0.62	surface
EVC	GMR-00008	41.4909480	-8.3410830	41.4909450	-8.3410893	0.62	surface
ATL	LRS-80007	38.8260000	-9.1617020	38.8260013	-9.1616951	0.61	surface
GLP	TVD-80006	39.1361960	-9.3802160	39.1361909	-9.3802133	0.61	surface
ATL	LSB-80042	38.7801630	-9.0935640	38.7801623	-9.0935570	0.61	surface
GLP	ODM-90004	37.7234700	-8.7852280	37.7234652	-8.7852313	0.61	surface
TRK	CSC-00527	38.7246100	-9.3219700	38.7246120	-9.3219765	0.61	surface
EDP	LSB-00990	38.7550700	-9.1966350	38.7550752	-9.1966330	0.60	surface
GLP	OVR-00056	40.8613660	-8.6185210	40.8613701	-8.6185163	0.60	surface
GLP	LNH-00037	39.2844200	-9.2211220	39.2844148	-9.2211240	0.60	surface
TRK	CSC-00244	38.6976800	-9.3518620	38.6976753	-9.3518586	0.60	surface
GLP	LRS-90011	38.8124000	-9.1660330	38.8124009	-9.1660262	0.60	surface
HLX	LLE-00240	37.0748700	-8.1162310	37.0748679	-8.1162248	0.60	surface
GLG	VCD-00014	41.2889000	-8.7027650	41.2888947	-8.7027655	0.59	surface
PRI	PRT-00125	41.1636540	-8.5843080	41.1636511	-8.5843021	0.59	underground
EDP	LSB-01037	38.7501030	-9.2018870	38.7501082	-9.2018883	0.59	surface
NRG	PLM-00025	38.5859900	-8.6921240	38.5859868	-8.6921186	0.59	surface
GLD	VRL-00053	41.2978700	-7.7331944	41.2978685	-7.7332011	0.58	surface
GLP	OER-00080	38.7016900	-9.2756850	38.7016910	-9.2756784	0.58	surface
HRZ	BTL-90003	39.6228500	-8.7157080	39.6228463	-8.7157128	0.58	surface
TRK	CSC-00293	38.7020450	-9.3803340	38.7020450	-9.3803273	0.58	surface
GLP	BRG-00158	41.5596660	-8.4006820	41.5596636	-8.4006758	0.58	surface
KLS	CBR-00094	40.2117200	-8.4537710	40.2117177	-8.4537649	0.58	surface
GLP	MBR-00006	40.9853170	-7.6156600	40.9853119	-7.6156613	0.58	surface
GLG	MAD-00001	38.5258330	-28.5307790	38.5258318	-28.5307726	0.57	surface
HRZ	TRF-00009	41.3299200	-8.5633120	41.3299179	-8.5633058	0.57	surface
LUZ	AGN-00006	40.2582200	-7.9429120	40.2582149	-7.9429120	0.57	surface
TRK	SJM-00045	40.8930170	-8.4848300	40.8930170	-8.4848367	0.56	surface
GLP	PTM-00055	37.1518860	-8.5444030	37.1518810	-8.5444040	0.56	surface
GLP	MDR-00006	41.3922770	-6.4245960	41.3922770	-6.4246027	0.56	surface
TRK	CSC-00556	38.7070500	-9.3781500	38.7070518	-9.3781440	0.56	surface
ECI	MLD-00025	40.3855300	-8.3820290	40.3855350	-8.3820293	0.56	surface
TRK	LSB-00966	38.7357140	-9.1275600	38.7357137	-9.1275664	0.56	surface
GEN	GMR-00099	41.4218500	-8.3003490	41.4218450	-8.3003490	0.56	surface
GLP	EPS-00009	41.5462570	-8.7440530	41.5462620	-8.7440530	0.56	surface
EDP	PLM-00030	38.5748560	-8.8883700	38.5748609	-8.8883709	0.55	surface
TRK	LSB-01382	38.7643100	-9.1590400	38.7643116	-9.1590340	0.55	surface
ATL	ODV-00019	38.8107530	-9.2307600	38.8107550	-9.2307658	0.55	surface
LCG	LLE-00070	37.0698050	-8.1042120	37.0698099	-8.1042113	0.55	surface
HRZ	STB-90004	38.5219880	-8.8166670	38.5219833	-8.8166651	0.55	surface
GLP	LSB-90135	38.7174800	-9.1210810	38.7174797	-9.1210873	0.55	surface
GLP	VLG-00047	41.2330800	-8.5396530	41.2330848	-8.5396517	0.54	surface
GLP	CBR-00037	40.2434430	-8.4340720	40.2434385	-8.4340695	0.54	surface
HGP	PNV-00004	39.7712500	-7.8499300	39.7712516	-7.8499240	0.54	surface
EDP	VCT-00049	41.6951450	-8.8198500	41.6951442	-8.8198436	0.54	surface
TRK	CSC-00259	38.7123030	-9.4148600	38.7123077	-9.4148613	0.53	surface
GLG	PBL-00005	40.0123440	-8.5999700	40.0123443	-8.5999762	0.53	surface
ATL	TBC-80002	41.1228070	-7.6014440	41.1228025	-7.6014420	0.53	surface
GLP	LRS-80003	38.8589000	-9.1326830	38.8589046	-9.1326816	0.53	surface
FAC	RBR-00004	32.6735340	-17.0641200	32.6735387	-17.0641205	0.52	surface
TRK	CSC-00245	38.6938130	-9.3567500	38.6938135	-9.3567440	0.52	surface
EDP	ABF-00158	37.0833600	-8.3142050	37.0833554	-8.3142042	0.52	surface
DTE	CVL-00036	40.3669600	-7.3981280	40.3669554	-7.3981273	0.51	surface
GLP	BCL-00034	41.5032420	-8.6691670	41.5032450	-8.6691623	0.51	surface
IBD	VNG-00207	41.1317250	-8.6590710	41.1317285	-8.6590750	0.51	surface
EMT	SEI-00002	40.4293370	-7.7033770	40.4293416	-7.7033767	0.51	surface
HLX	AVR-00107	40.6476750	-8.6078630	40.6476709	-8.6078603	0.51	surface
GLP	VNT-90001	38.3305000	-7.9958330	38.3305045	-7.9958341	0.51	surface
MLT	MTS-00001	41.1869350	-8.6937030	41.1869372	-8.6936977	0.51	surface
PLG	LLE-00052	37.0450360	-8.0172350	37.0450316	-8.0172363	0.50	surface
EDP	LSB-01055	38.7542040	-9.2020870	38.7542056	-9.2020816	0.50	surface
PRI	BRR-00159	38.6338100	-9.0515040	38.6338056	-9.0515028	0.50	surface
SEG	LGP-00001	38.3962400	-28.2516980	38.3962367	-28.2516941	0.50	surface
TRK	BRR-00077	38.6601680	-9.0818670	38.6601654	-9.0818717	0.50	surface
GLG	VPV-00001	38.7500650	-27.0953000	38.7500682	-27.0953040	0.50	surface
HRZ	MFR-00009	38.9670700	-9.4057130	38.9670664	-9.4057164	0.50	surface
EDP	LSB-90179	38.7219960	-9.1511040	38.7219916	-9.1511031	0.50	surface
LCG	LLE-00067	37.0816900	-8.0356730	37.0816944	-8.0356738	0.49	surface
EDP	ALM-00164	38.6455000	-9.1742100	38.6454957	-9.1742113	0.49	surface
HLX	OER-00269	38.7046000	-9.3047600	38.7046042	-9.3047583	0.49	surface
HLX	CTB-00048	39.8068730	-7.5101970	39.8068699	-7.5101930	0.49	surface
HRZ	STC-00004	38.0115620	-8.7079920	38.0115585	-8.7079887	0.48	surface
LCG	LLE-00190	37.1401860	-8.0304850	37.1401855	-8.0304904	0.48	surface
TRK	BRR-00051	38.6460950	-9.0547560	38.6460980	-9.0547520	0.48	surface
EML	LSB-00104	38.7490800	-9.1494510	38.7490758	-9.1494519	0.47	surface
DTE	CVL-00024	40.2842900	-7.5053790	40.2842859	-7.5053803	0.47	surface
TRK	CSC-00394	38.7151530	-9.3828010	38.7151530	-9.3827956	0.47	surface
TRK	CSC-00302	38.7275540	-9.3411220	38.7275540	-9.3411166	0.47	surface
ATL	BRG-80007	41.5466840	-8.4229150	41.5466804	-8.4229179	0.47	surface
EDP	VLF-90001	41.0828800	-7.1420160	41.0828842	-7.1420158	0.47	surface
MLT	MFR-00003	38.9328160	-9.3269480	38.9328166	-9.3269427	0.46	surface
ATL	VNG-80009	41.1258300	-8.6030240	41.1258337	-8.6030265	0.46	surface
ATL	LSB-80012	38.7488980	-9.2028000	38.7489018	-9.2027979	0.46	surface
HLX	PRD-00034	41.1922500	-8.3866750	41.1922517	-8.3866700	0.46	surface
EDP	OHP-00016	40.3584700	-7.8556150	40.3584659	-7.8556147	0.46	surface
MLT	MFR-00012	38.9647830	-9.4169930	38.9647863	-9.4169961	0.45	surface
EDP	LRA-00095	39.6849100	-8.8949340	39.6849100	-8.8949287	0.45	surface
EDP	ABF-00170	37.0969600	-8.2425570	37.0969584	-8.2425617	0.45	surface
TRK	LSB-00969	38.7252240	-9.1221630	38.7252214	-9.1221670	0.45	surface
HEX	LSB-00822	38.7558900	-9.1742700	38.7558926	-9.1742660	0.45	surface
GLG	CHT-00001	38.6060560	-27.9830600	38.6060600	-27.9830602	0.45	surface
HRZ	LSB-90036	38.7729340	-9.0925000	38.7729300	-9.0925000	0.44	surface
EDP	VNG-90006	41.1331370	-8.6068500	41.1331401	-8.6068533	0.44	surface
HRZ	GDM-90001	41.1769450	-8.5611100	41.1769411	-8.5611110	0.44	surface
EVC	OVR-00002	40.8606300	-8.6232540	40.8606308	-8.6232591	0.44	surface
TRK	BRR-00067	38.6534770	-9.0662440	38.6534731	-9.0662444	0.44	surface
SCR	SCR-00007	32.6876500	-16.7912400	32.6876462	-16.7912410	0.43	surface
EDP	ABF-00132	37.0852360	-8.2638310	37.0852397	-8.2638297	0.43	surface
REP	FAR-00011	37.0199900	-7.9235670	37.0199921	-7.9235710	0.43	surface
EDP	ABF-00191	37.0912700	-8.3187110	37.0912705	-8.3187157	0.42	surface
GLP	VFX-00051	38.9539830	-8.9935210	38.9539851	-8.9935250	0.42	surface
MLT	BRG-00015	41.5531960	-8.4303420	41.5531944	-8.4303465	0.41	surface
TRK	FIG-00059	40.1487580	-8.8532140	40.1487549	-8.8532113	0.41	surface
ATL	FAF-80001	41.4524200	-8.1716220	41.4524234	-8.1716240	0.41	surface
TRK	CSC-00397	38.6891300	-9.3290850	38.6891305	-9.3290803	0.41	surface
TRK	CSC-00498	38.6906500	-9.4250190	38.6906500	-9.4250143	0.41	surface
ATL	TNV-80002	39.4820400	-8.5381510	39.4820391	-8.5381556	0.41	surface
MOB	BRG-00010	41.5965160	-8.4119330	41.5965180	-8.4119371	0.41	surface
GLG	PVC-00001	37.7708500	-25.2953050	37.7708536	-25.2953057	0.41	surface
GLP	OVR-00050	40.9412400	-8.6583410	40.9412392	-8.6583457	0.40	surface
GLP	ALB-00010	40.6900370	-8.4747100	40.6900390	-8.4747140	0.40	surface
GLP	STR-90008	39.3841500	-8.6604160	39.3841524	-8.6604125	0.40	surface
TRK	BRR-00065	38.6550450	-9.0634860	38.6550486	-9.0634861	0.40	surface
GLP	EPS-00037	41.5586800	-8.7347400	41.5586780	-8.7347360	0.40	surface
GLP	BRG-00160	41.5635030	-8.4002100	41.5635050	-8.4002140	0.40	surface
ECI	MLD-00028	40.3831750	-8.4761180	40.3831777	-8.4761149	0.40	surface
EDP	VLR-90001	39.6731300	-8.1446760	39.6731268	-8.1446739	0.40	surface
KLS	ILH-00011	40.6191500	-8.6670570	40.6191465	-8.6670574	0.39	underground
TRK	MTJ-00072	38.7015800	-8.9586910	38.7015765	-8.9586910	0.39	surface
TRK	CSC-00286	38.6972270	-9.4321290	38.6972301	-9.4321310	0.39	surface
EDP	LRS-90001	38.9016300	-9.1199020	38.9016291	-9.1199063	0.39	surface
VEI	LGA-00006	37.1325900	-8.4779110	37.1325934	-8.4779102	0.38	surface
CEV	VNF-00013	41.4106600	-8.5225210	41.4106568	-8.5225227	0.38	surface
MLT	STS-00003	41.3420700	-8.4727480	41.3420666	-8.4727483	0.38	surface
FCT	GDL-00042	38.2164340	-8.5580890	38.2164314	-8.5580918	0.38	surface
GLG	VCD-00015	41.2889480	-8.7027680	41.2889446	-8.7027679	0.38	surface
MLT	RGR-00001	37.8060150	-25.5487560	37.8060183	-25.5487570	0.38	surface
GLP	ALB-00021	40.6894070	-8.4788100	40.6894037	-8.4788090	0.38	surface
TRK	MTA-00064	38.6523360	-8.9917960	38.6523339	-8.9917994	0.38	surface
ATL	LLE-00165	37.0841030	-8.0847850	37.0841011	-8.0847815	0.38	surface
GLP	LSB-00342	38.7712300	-9.1284240	38.7712267	-9.1284241	0.37	underground
EDP	LRS-90028	38.7749820	-9.1061500	38.7749787	-9.1061500	0.37	surface
REP	MTJ-00127	38.7123600	-8.9655510	38.7123610	-8.9655470	0.36	surface
FCT	CNT-00029	40.3479350	-8.5853080	40.3479376	-8.5853106	0.36	surface
REP	VIS-00084	40.6484900	-7.9204810	40.6484920	-7.9204844	0.36	surface
TRK	CSC-00251	38.7015230	-9.3469970	38.7015261	-9.3469957	0.36	surface
TRK	CSC-00444	38.6777340	-9.3296730	38.6777312	-9.3296751	0.36	surface
HRZ	TMR-00050	39.6073400	-8.4135550	39.6073432	-8.4135556	0.36	surface
EDP	LSB-90024	38.7044830	-9.1853920	38.7044861	-9.1853931	0.36	surface
GLP	LRS-80016	38.8214840	-9.0977830	38.8214808	-9.0977827	0.36	surface
MLT	FUN-00005	32.6439740	-16.9141730	32.6439756	-16.9141763	0.36	surface
GLP	AND-00008	40.4427700	-8.4391530	40.4427668	-8.4391528	0.36	surface
GLP	BRG-00017	41.5784700	-8.4299960	41.5784668	-8.4299962	0.36	underground
GLP	ALM-90008	38.6545750	-9.1529430	38.6545749	-9.1529471	0.36	underground
GLG	VZL-00001	40.6869930	-8.2302290	40.6869958	-8.2302310	0.35	surface
TRK	CSC-00252	38.6842400	-9.3296420	38.6842405	-9.3296460	0.35	surface
HEX	LSB-00826	38.7606000	-9.1691100	38.7605973	-9.1691121	0.35	surface
TRK	CSC-00355	38.6827350	-9.3271610	38.6827319	-9.3271617	0.35	surface
VEI	LGA-00005	37.1250880	-8.4878980	37.1250853	-8.4878960	0.35	surface
TRK	CSC-00202	38.6890640	-9.3567050	38.6890640	-9.3567090	0.35	surface
IBD	AVR-00095	40.6399900	-8.6354790	40.6399931	-8.6354786	0.35	surface
ATL	TVD-00041	39.0907170	-9.2534500	39.0907169	-9.2534460	0.35	surface
GLP	VFX-00041	38.9879070	-8.9728590	38.9879101	-8.9728590	0.34	surface
TRK	CSC-00296	38.6871340	-9.3289360	38.6871309	-9.3289360	0.34	surface
EDP	VFR-00084	40.9420050	-8.5757400	40.9420029	-8.5757429	0.34	surface
GLP	LSB-00464	38.7696700	-9.0937670	38.7696670	-9.0937665	0.34	underground
HRZ	BRG-90013	41.5098840	-8.4534160	41.5098819	-8.4534189	0.34	surface
GLP	LSB-00339	38.7710400	-9.1283770	38.7710430	-9.1283774	0.34	underground
HRZ	LSB-90103	38.7410850	-9.1468280	38.7410880	-9.1468283	0.33	surface
TRK	BJA-00034	38.0138800	-7.8732210	38.0138830	-7.8732209	0.33	surface
GLP	LRS-00084	38.8170300	-9.1483530	38.8170330	-9.1483529	0.33	underground
REP	GDM-00013	41.1730900	-8.5503950	41.1730930	-8.5503950	0.33	surface
MLT	ACN-00004	39.4418700	-8.6302200	39.4418730	-8.6302200	0.33	surface
TRK	BRR-00114	38.5927300	-9.0394860	38.5927330	-9.0394860	0.33	surface
TRK	BRR-00083	38.6686500	-9.0530390	38.6686530	-9.0530390	0.33	surface
EDP	AMT-00014	41.2669500	-8.0808290	41.2669470	-8.0808290	0.33	surface
EDP	PMS-00011	39.6398900	-8.8445620	39.6398870	-8.8445620	0.33	surface
TRK	BJA-00052	38.0183500	-7.8547450	38.0183470	-7.8547450	0.33	surface
DTE	CVL-00032	40.2399800	-7.5220660	40.2399770	-7.5220660	0.33	surface
GLP	ALB-00014	40.7471300	-8.4856780	40.7471330	-8.4856780	0.33	surface
DTE	AGD-00022	40.5183530	-8.4275470	40.5183555	-8.4275450	0.33	surface
GLP	GMR-00146	41.4539700	-8.2754360	41.4539729	-8.2754355	0.33	surface
HRZ	ADV-90001	37.5129000	-8.0600780	37.5129029	-8.0600777	0.32	surface
TRK	CSC-00560	38.6976400	-9.3397610	38.6976375	-9.3397629	0.32	surface
TRK	CSC-00500	38.6955380	-9.4296290	38.6955400	-9.4296263	0.32	surface
MLT	TND-00005	40.5260300	-8.0835290	40.5260329	-8.0835289	0.32	surface
HLX	PNF-00048	41.2155270	-8.2846500	41.2155285	-8.2846533	0.32	surface
DTE	AGD-00033	40.5825840	-8.5021960	40.5825841	-8.5021922	0.32	surface
HRZ	LSB-00957	38.7562700	-9.2030250	38.7562723	-9.2030228	0.32	surface
EDP	CBR-00106	40.1974600	-8.4612220	40.1974572	-8.4612228	0.32	surface
ATL	TRF-00015	41.3269000	-8.5682900	41.3269026	-8.5682916	0.32	surface
GLP	LSB-90059	38.7155600	-9.1681080	38.7155585	-9.1681049	0.32	surface
EDP	CBR-00104	40.2184680	-8.4084920	40.2184708	-8.4084915	0.31	surface
GLP	AGN-00007	40.2242800	-8.0580170	40.2242828	-8.0580166	0.31	surface
HRZ	LSB-90060	38.7256550	-9.1605720	38.7256578	-9.1605719	0.31	surface
HRZ	EVR-00049	38.5598200	-7.8967550	38.5598172	-7.8967550	0.31	surface
GLP	ALB-00026	40.7543600	-8.4859350	40.7543585	-8.4859380	0.30	surface
HRZ	CSC-00103	38.6911800	-9.4248110	38.6911827	-9.4248114	0.30	surface
LCG	LLE-00063	37.1417730	-8.0170150	37.1417741	-8.0170119	0.30	surface
EVI	FAR-00072	37.0345600	-7.9295344	37.0345627	-7.9295342	0.30	surface
GLP	AMD-00061	38.7277700	-9.2152460	38.7277727	-9.2152458	0.30	surface
CME	LRA-00160	39.7541050	-8.8550090	39.7541077	-8.8550088	0.30	surface
GLP	MNC-00013	42.0673200	-8.4952480	42.0673227	-8.4952478	0.30	surface
HRZ	MTA-90001	38.6551930	-8.9951250	38.6551907	-8.9951232	0.30	surface
HGP	PNV-00006	39.7712500	-7.8499300	39.7712523	-7.8499318	0.30	surface
IBD	ORM-00005	39.6346300	-8.6867860	39.6346274	-8.6867853	0.30	surface
HRZ	TRF-00008	41.3298900	-8.5632930	41.3298916	-8.5632958	0.29	surface
HRZ	AFE-90001	41.3447760	-6.9619170	41.3447786	-6.9619164	0.29	surface
GLP	VBP-00015	37.0218430	-8.9251810	37.0218416	-8.9251782	0.29	surface
GLP	LSB-80009	38.7079000	-9.2061170	38.7078992	-9.2061138	0.29	surface
TRK	LSB-00971	38.7381550	-9.1232650	38.7381527	-9.1232664	0.28	surface
MOT	TVD-00059	39.0668830	-9.2082230	39.0668806	-9.2082220	0.28	surface
GLP	VFR-00028	40.9259150	-8.5437510	40.9259125	-8.5437514	0.28	surface
HRZ	CBR-90006	40.2187600	-8.4388760	40.2187625	-8.4388763	0.28	surface
EDP	ACH-00039	38.7545200	-8.9602560	38.7545225	-8.9602558	0.28	surface
GLP	EPS-00017	41.5429200	-8.7909800	41.5429225	-8.7909802	0.28	surface
GLP	LRA-00086	39.7325670	-8.8242480	39.7325645	-8.8242481	0.28	underground
GLP	PFR-00005	41.2848780	-8.3613070	41.2848755	-8.3613069	0.28	underground
HRZ	LSB-00958	38.7217370	-9.1589720	38.7217347	-9.1589732	0.28	surface
EDP	LOU-90001	41.2768060	-8.2777510	41.2768036	-8.2777517	0.27	surface
GLP	AMD-00059	38.7278140	-9.2153480	38.7278116	-9.2153484	0.27	surface
IBD	BJA-00013	38.0111900	-7.8756013	38.0111876	-7.8756015	0.27	surface
IBD	SXL-00087	38.6363000	-9.1486730	38.6362976	-9.1486732	0.27	underground
EDP	VNG-00176	41.1179050	-8.6280800	41.1179026	-8.6280799	0.27	surface
GLP	TRF-00019	41.3313500	-8.5627190	41.3313476	-8.5627191	0.27	surface
MOB	BRG-00006	41.5486900	-8.4135510	41.5486900	-8.4135478	0.27	surface
GLG	VZL-00002	40.6861880	-8.2322260	40.6861858	-8.2322248	0.26	surface
GLP	LRA-00015	39.7685050	-8.7711480	39.7685039	-8.7711507	0.26	surface
MLT	MIR-00002	40.4264370	-8.7297460	40.4264393	-8.7297456	0.26	surface
GLP	GVA-00006	40.4946200	-7.6010200	40.4946223	-7.6010196	0.26	surface
GLP	AMD-00060	38.7277900	-9.2152980	38.7277923	-9.2152983	0.26	surface
GLP	ALM-00100	38.6706920	-9.1706190	38.6706943	-9.1706188	0.26	underground
GLP	ELV-00018	38.8753620	-7.1589830	38.8753643	-7.1589828	0.26	surface
HRZ	MGR-00006	39.7476900	-8.9143970	39.7476877	-8.9143968	0.26	surface
GLP	MTS-00061	41.2103160	-8.6884660	41.2103137	-8.6884658	0.26	underground
GLP	TMR-00048	39.6096600	-8.4020700	39.6096623	-8.4020701	0.26	surface
GLP	GDM-00059	41.1823500	-8.5371120	41.1823523	-8.5371119	0.26	surface
HRZ	CBR-00032	40.1912230	-8.5093890	40.1912225	-8.5093861	0.25	surface
TRK	PRG-00012	41.1666680	-7.8038060	41.1666690	-7.8038087	0.25	surface
HRZ	LSB-01087	38.7551570	-9.1041380	38.7551592	-9.1041386	0.25	underground
EDP	SJP-90001	41.1463900	-7.4023330	41.1463878	-7.4023336	0.25	surface
ATL	GRD-80004	40.5509500	-7.2461000	40.5509513	-7.2460976	0.25	surface
TRK	FIG-00052	40.1577380	-8.8569320	40.1577377	-8.8569291	0.25	surface
GLP	EPS-00035	41.5725860	-8.7469600	41.5725880	-8.7469587	0.25	surface
HRZ	AVV-00006	41.8139200	-8.4184675	41.8139178	-8.4184671	0.25	surface
GLG	PDL-00004	37.8073580	-25.7984280	37.8073597	-25.7984298	0.25	surface
EDP	ABF-00067	37.0903360	-8.2438640	37.0903338	-8.2438643	0.25	underground
GLP	AMD-00070	38.7275000	-9.2145130	38.7275022	-9.2145133	0.25	surface
GLP	ALQ-00021	39.0571400	-9.0056150	39.0571422	-9.0056147	0.25	surface
GLP	PTL-00027	41.7718700	-8.5744740	41.7718678	-8.5744737	0.25	surface
TRK	OFR-00006	40.7327540	-8.1744660	40.7327518	-8.1744658	0.25	surface
HRZ	PRT-00347	41.1636700	-8.5839790	41.1636678	-8.5839791	0.24	underground
GLP	MTS-00026	41.2017020	-8.6255080	41.2017042	-8.6255081	0.24	surface
IBD	MTS-00171	41.2176250	-8.6953020	41.2176228	-8.6953021	0.24	surface
GLP	BRG-00141	41.5594180	-8.4175040	41.5594158	-8.4175041	0.24	surface
REP	BGC-00007	41.7992500	-6.7707877	41.7992522	-6.7707876	0.24	surface
GLG	MMN-00005	38.6176760	-8.0811860	38.6176738	-8.0811860	0.24	surface
HRZ	LMG-00002	41.1005900	-7.8108830	41.1005878	-7.8108830	0.24	surface
HRZ	ALM-00060	38.6313930	-9.1777240	38.6313952	-9.1777240	0.24	surface
GLP	MTS-00072	41.2103160	-8.6884400	41.2103138	-8.6884400	0.24	underground
FAC	CML-00003	32.6570970	-17.0054900	32.6570951	-17.0054887	0.24	surface
GLP	ARV-00018	38.9806440	-9.0806260	38.9806434	-9.0806287	0.24	surface
TRK	CSC-00310	38.7028160	-9.4296540	38.7028165	-9.4296567	0.24	surface
TRK	CSC-00250	38.7053830	-9.3553590	38.7053835	-9.3553563	0.24	surface
TRK	CSC-00562	38.6936800	-9.3511000	38.6936821	-9.3511006	0.24	surface
KLS	TBC-00004	41.1165600	-7.5695640	41.1165619	-7.5695653	0.24	surface
HRZ	LSB-00221	38.7623400	-9.1135530	38.7623421	-9.1135535	0.24	underground
SEG	RGR-00012	37.8148960	-25.5817780	37.8148960	-25.5817807	0.24	surface
GLP	SNT-00204	38.8177950	-9.3612570	38.8177929	-9.3612574	0.24	surface
GLP	CSC-00045	38.7365070	-9.3922100	38.7365060	-9.3922076	0.24	surface
GLP	LRA-00158	39.7634600	-8.7831240	39.7634579	-8.7831244	0.24	surface
HRZ	SRT-90002	39.8157840	-8.1877700	39.8157861	-8.1877696	0.24	surface
GLP	GMR-00149	41.4218670	-8.3550520	41.4218691	-8.3550524	0.24	surface
REP	EVR-00052	38.5667530	-7.9024710	38.5667510	-7.9024719	0.24	surface
GLP	AMD-00071	38.7274860	-9.2144610	38.7274839	-9.2144607	0.23	surface
EDP	VPA-90001	41.4989430	-7.6438330	41.4989424	-7.6438303	0.23	surface
GLP	GMR-00052	41.4869540	-8.3513020	41.4869519	-8.3513022	0.23	surface
GLP	AMD-00109	38.7590640	-9.2446920	38.7590619	-9.2446919	0.23	underground
GLP	FAF-90002	41.4537900	-8.1676730	41.4537879	-8.1676731	0.23	surface
ATL	IDN-00009	39.8393300	-7.2601900	39.8393321	-7.2601900	0.23	surface
KLS	ILH-00013	40.6191830	-8.6670920	40.6191809	-8.6670920	0.23	underground
TRK	FIG-00050	40.1522600	-8.8622710	40.1522590	-8.8622734	0.23	surface
FAC	STN-00002	32.8231430	-16.8853190	32.8231450	-16.8853185	0.23	surface
HRZ	GLG-90001	39.4012800	-8.4863060	39.4012780	-8.4863055	0.23	surface
GLP	CSC-00413	38.6960370	-9.3438000	38.6960390	-9.3437996	0.23	surface
HRZ	STR-90005	39.2239700	-8.6900240	39.2239680	-8.6900244	0.23	surface
GLP	VGS-00018	40.5468300	-8.6788160	40.5468280	-8.6788156	0.22	surface
HRZ	AMD-00098	38.7254300	-9.2085670	38.7254280	-9.2085667	0.22	surface
HRZ	FZZ-00005	39.6681180	-8.2331280	39.6681160	-8.2331277	0.22	surface
GLP	MCD-00007	41.5441550	-6.9591500	41.5441570	-6.9591503	0.22	surface
GLP	ABF-00038	37.0884440	-8.1658190	37.0884420	-8.1658188	0.22	underground
GLP	TVR-00027	37.1205020	-7.6554320	37.1205040	-7.6554318	0.22	surface
GLP	CSC-00119	38.7107280	-9.4608640	38.7107260	-9.4608639	0.22	surface
ATL	VVD-80001	41.6532200	-8.4370280	41.6532220	-8.4370280	0.22	surface
GLP	CSC-00417	38.7090800	-9.4215830	38.7090780	-9.4215830	0.22	underground
EDP	MLD-90002	40.3757200	-8.4533890	40.3757220	-8.4533890	0.22	surface
HRZ	AMR-00004	41.6256640	-8.3604250	41.6256620	-8.3604250	0.22	surface
GLP	PRT-00092	41.1537550	-8.6086990	41.1537570	-8.6086990	0.22	underground
HRZ	MMN-90003	38.6445540	-8.2099720	38.6445560	-8.2099720	0.22	surface
SEG	RGR-00005	37.8186900	-25.5404170	37.8186920	-25.5404170	0.22	surface
EDP	VLG-00019	41.1868100	-8.4888880	41.1868080	-8.4888880	0.22	underground
GLP	LLE-00115	37.0771030	-8.1023710	37.0771010	-8.1023710	0.22	surface
GLP	VFR-00020	41.0094260	-8.4613780	41.0094280	-8.4613780	0.22	surface
GLP	LLE-00117	37.0913470	-8.1216020	37.0913450	-8.1216020	0.22	surface
TRK	BRR-00076	38.6588200	-9.0806530	38.6588220	-9.0806530	0.22	surface
TRK	BRR-00086	38.6686330	-9.0497640	38.6686310	-9.0497640	0.22	surface
IBD	LSD-00005	41.2795560	-8.2802450	41.2795580	-8.2802450	0.22	surface
REP	MDL-00007	41.4931950	-7.1765890	41.4931930	-7.1765890	0.22	surface
SEG	VPV-00007	38.7677270	-27.1035060	38.7677250	-27.1035060	0.22	surface
REP	LRA-00098	39.7902500	-8.8305710	39.7902480	-8.8305710	0.22	surface
ECI	PVZ-00032	41.4031030	-8.7702660	41.4031010	-8.7702660	0.22	surface
EDP	AMT-00021	41.2734570	-8.0776640	41.2734550	-8.0776640	0.22	surface
SEG	PDL-00012	37.7520450	-25.6565930	37.7520430	-25.6565930	0.22	surface
GLP	PNF-00030	41.1178400	-8.2938070	41.1178380	-8.2938070	0.22	surface
HLX	PRT-00246	41.1598400	-8.6095550	41.1598380	-8.6095550	0.22	underground
PRI	STC-00016	38.0660480	-8.7763880	38.0660460	-8.7763880	0.22	surface
TRK	MTJ-00068	38.7073600	-8.9862600	38.7073580	-8.9862600	0.22	surface
GLP	VFX-00055	38.9896300	-8.9717670	38.9896320	-8.9717670	0.22	surface
BEL	MMV-00007	40.2766700	-8.7234470	40.2766680	-8.7234470	0.22	surface
GLP	LRS-00083	38.8170360	-9.1483600	38.8170340	-9.1483600	0.22	underground
GLP	VFX-00093	38.8970500	-9.0401720	38.8970480	-9.0401720	0.22	surface
ECI	MLD-00033	40.3714140	-8.4104380	40.3714120	-8.4104380	0.22	surface
HRZ	SCD-00007	40.4405400	-8.1057920	40.4405420	-8.1057920	0.22	surface
GLP	GDL-00065	38.3085980	-8.7409980	38.3085960	-8.7409980	0.22	surface
TRK	BRR-00055	38.6546300	-9.0710110	38.6546280	-9.0710110	0.22	surface
REP	VIS-00086	40.6639630	-7.9192860	40.6639650	-7.9192860	0.22	surface
PRI	TRF-00017	41.3385280	-8.5520540	41.3385260	-8.5520540	0.22	surface
GLP	ALT-00007	39.1895900	-7.6556180	39.1895920	-7.6556180	0.22	surface
IBD	SNT-00161	38.7844770	-9.3386770	38.7844790	-9.3386770	0.22	surface
TRK	CSC-00228	38.7428670	-9.3901610	38.7428650	-9.3901610	0.22	surface
TRK	MTJ-00061	38.7020200	-8.9486840	38.7020180	-8.9486840	0.22	surface
GLP	CTX-00007	39.1649900	-8.7825000	39.1649881	-8.7825008	0.22	surface
HRZ	NZR-00025	39.6081660	-9.0657450	39.6081641	-9.0657457	0.22	surface
PRI	VNG-00030	41.0870100	-8.6025420	41.0870085	-8.6025403	0.22	surface
GLP	VIS-00061	40.6310100	-7.9073430	40.6310081	-7.9073436	0.22	surface
ATL	STR-80004	39.2279700	-8.6872000	39.2279681	-8.6872005	0.22	surface
GLP	LSB-80144	38.7678830	-9.1090790	38.7678849	-9.1090794	0.21	surface
HRZ	TVD-00097	39.1005860	-9.2437740	39.1005841	-9.2437744	0.21	surface
GLP	PRT-00313	41.1775670	-8.6559100	41.1775651	-8.6559096	0.21	surface
GLP	MOBI-LSB-00104	38.7571870	-9.1753410	38.7571851	-9.1753413	0.21	underground
IBD	AMT-00023	41.3210450	-8.1202160	41.3210431	-8.1202163	0.21	surface
EDP	FAR-00071	37.0315360	-7.9481040	37.0315379	-7.9481042	0.21	surface
HRZ	FAR-00054	37.0332570	-7.9597620	37.0332551	-7.9597622	0.21	surface
HRZ	SXL-00067	38.6123120	-9.1050670	38.6123139	-9.1050668	0.21	surface
IBD	MTJ-00022	38.6935420	-8.9491290	38.6935439	-8.9491292	0.21	surface
GLP	SCD-00012	40.4038100	-8.1295270	40.4038081	-8.1295272	0.21	surface
EDP	LSB-00839	38.7420770	-9.1433790	38.7420751	-9.1433789	0.21	surface
HRZ	VFX-00014	38.9775730	-8.9844010	38.9775749	-8.9844009	0.21	underground
GLP	VNG-00202	41.1078570	-8.5935600	41.1078551	-8.5935599	0.21	surface
GLP	AMD-00058	38.7278330	-9.2154000	38.7278311	-9.2154000	0.21	surface
TRK	BRR-00097	38.6576840	-9.0632080	38.6576856	-9.0632093	0.21	surface
HLX	OER-00042	38.7057270	-9.2935940	38.7057252	-9.2935947	0.21	surface
GLP	LLE-00107	37.0979350	-7.9976840	37.0979332	-7.9976835	0.21	underground
GLP	ACB-00011	39.5485100	-8.9771310	39.5485118	-8.9771305	0.20	surface
EDP	ABF-00180	37.0920140	-8.2366760	37.0920158	-8.2366756	0.20	surface
HRZ	PTM-00042	37.1476440	-8.5497680	37.1476458	-8.5497684	0.20	surface
HRZ	SXL-00013	38.6123620	-9.1050480	38.6123602	-9.1050484	0.20	surface
GLP	VFR-00071	40.9752800	-8.4846560	40.9752818	-8.4846564	0.20	surface
SEG	RGR-00007	37.8181400	-25.5307370	37.8181401	-25.5307393	0.20	surface
HRZ	ABF-00187	37.0908100	-8.2121460	37.0908082	-8.2121457	0.20	surface
GLP	NLS-00008	40.5395400	-7.8555030	40.5395382	-7.8555027	0.20	surface
TRK	VNT-00004	38.3342930	-8.0019810	38.3342948	-8.0019812	0.20	surface
GLP	LSB-00258	38.7888340	-9.1488180	38.7888322	-9.1488178	0.20	surface
FCT	MGR-00020	39.7475130	-8.9046230	39.7475145	-8.9046217	0.20	surface
GLP	SXL-00073	38.5553930	-9.0875080	38.5553948	-9.0875079	0.20	surface
GLP	LSB-00955	38.7713740	-9.1285060	38.7713722	-9.1285061	0.20	underground
HRZ	PRT-00025	41.1811030	-8.6063230	41.1811012	-8.6063229	0.20	surface
GLP	VNF-00054	41.3537000	-8.5533320	41.3536982	-8.5533321	0.20	surface
GLP	BRG-00016	41.5784600	-8.4300080	41.5784618	-8.4300079	0.20	underground
GLP	VVD-00023	41.6466830	-8.4377600	41.6466812	-8.4377601	0.20	surface
HRZ	CSC-00139	38.7004700	-9.4641040	38.7004718	-9.4641040	0.20	surface
HRZ	TVD-00048	39.1016920	-9.2528860	39.1016938	-9.2528860	0.20	underground
MLT	PDL-00001	37.8314970	-25.6869560	37.8314971	-25.6869538	0.19	surface
HRZ	MLD-00004	40.3942950	-8.4508530	40.3942933	-8.4508534	0.19	surface
KLS	ILH-00015	40.6192170	-8.6671270	40.6192153	-8.6671266	0.19	underground
GLP	MTS-00184	41.1860350	-8.6599530	41.1860367	-8.6599533	0.19	surface
HRZ	BRG-00155	41.5573800	-8.4063130	41.5573817	-8.4063133	0.19	underground
GLP	SXL-00061	38.6024900	-9.0612590	38.6024883	-9.0612588	0.19	surface
HRZ	SNT-00210	38.7826270	-9.3020160	38.7826253	-9.3020162	0.19	surface
HRZ	MED-90001	40.9639740	-7.2610273	40.9639723	-7.2610275	0.19	surface
GLP	VFR-00097	40.9795720	-8.5367890	40.9795737	-8.5367892	0.19	surface
HRZ	SJM-90001	40.8989450	-8.4896940	40.8989438	-8.4896924	0.19	surface
IBD	ORM-00004	39.6345830	-8.6867890	39.6345813	-8.6867889	0.19	surface
HRZ	SCD-00010	40.4406740	-8.1057660	40.4406723	-8.1057661	0.19	surface
GLP	GRD-00042	40.5439000	-7.2586650	40.5438983	-7.2586651	0.19	surface
EDP	LSB-90002	38.7151600	-9.2141250	38.7151617	-9.2141250	0.19	surface
HLX	CBR-00012	40.2545280	-8.4307910	40.2545297	-8.4307910	0.19	surface
HRZ	SXL-00020	38.6229600	-9.1308160	38.6229583	-9.1308160	0.19	surface
GLP	LRS-00085	38.8170780	-9.1483460	38.8170763	-9.1483460	0.19	underground
GLP	MAI-00074	41.2555900	-8.6511340	41.2555883	-8.6511340	0.19	surface
ATL	BRG-80012	41.5617680	-8.4449030	41.5617677	-8.4449008	0.19	surface
IBD	GMR-00027	41.4367940	-8.2985440	41.4367956	-8.2985435	0.18	underground
GLP	LSB-00338	38.7694850	-9.1267480	38.7694845	-9.1267460	0.18	surface
GLP	AMD-00072	38.7274670	-9.2144080	38.7274654	-9.2144083	0.18	surface
EDP	PNI-00017	39.3693400	-9.3919320	39.3693384	-9.3919323	0.18	surface
GLP	ABT-00038	39.4691240	-8.2007090	39.4691224	-8.2007093	0.18	surface
GLP	ABF-00112	37.0952900	-8.2507890	37.0952916	-8.2507888	0.18	surface
HRZ	STC-00009	38.0530240	-8.7859510	38.0530224	-8.7859511	0.18	surface
HRZ	BRC-90001	38.1341970	-6.9800825	38.1341986	-6.9800824	0.18	surface
TRK	BRR-00061	38.6613040	-9.0757640	38.6613056	-9.0757639	0.18	surface
GLP	AMD-00068	38.7276340	-9.2148820	38.7276356	-9.2148819	0.18	surface
MLT	OER-00058	38.7413250	-9.3057490	38.7413266	-9.3057491	0.18	surface
GLP	MOBI-LSB-00103	38.7571870	-9.1753700	38.7571854	-9.1753701	0.18	underground
HRZ	VFR-00103	40.9386560	-8.5414530	40.9386544	-8.5414531	0.18	surface
GLP	MAI-00072	41.2264860	-8.6104990	41.2264876	-8.6104989	0.18	surface
GLP	VCT-00066	41.7059200	-8.8201320	41.7059216	-8.8201319	0.18	surface
GLP	LSB-80020	38.7482570	-9.1899760	38.7482554	-9.1899760	0.18	surface
GLP	PMS-00015	39.6287900	-8.8548800	39.6287916	-8.8548800	0.18	surface
EDP	GMR-00152	41.4503750	-8.2791000	41.4503735	-8.2791007	0.18	surface
MLT	LSB-00296	38.7485540	-9.1906540	38.7485547	-9.1906522	0.17	underground
MOT	MTJ-00025	38.6957900	-8.9427100	38.6957892	-8.9427117	0.17	surface
HRZ	OER-00127	38.7096900	-9.2885680	38.7096885	-9.2885676	0.17	surface
GLP	MOBI-LSB-00087	38.7572020	-9.1759080	38.7572005	-9.1759076	0.17	underground
IBD	VVD-00016	41.5882230	-8.5368070	41.5882215	-8.5368066	0.17	surface
GLP	AMD-00065	38.7276950	-9.2150380	38.7276935	-9.2150383	0.17	surface
GLP	ACB-00012	39.5485100	-8.9771270	39.5485115	-8.9771273	0.17	surface
HRZ	OVR-00015	40.8646100	-8.6091040	40.8646085	-8.6091037	0.17	surface
IBD	VLG-00058	41.2106400	-8.5477220	41.2106385	-8.5477217	0.17	surface
HLX	MLG-00005	42.1097950	-8.2710740	42.1097935	-8.2710743	0.17	surface
TRK	SJM-00040	40.9075430	-8.4821310	40.9075430	-8.4821330	0.17	surface
GLP	LSB-90005	38.6966740	-9.2091470	38.6966725	-9.2091472	0.17	surface
GLP	CSC-00415	38.7350300	-9.3962660	38.7350315	-9.3962658	0.17	surface
EDP	VFX-00080	38.9779130	-8.9768040	38.9779115	-8.9768038	0.17	surface
GLP	ODM-00018	37.5912500	-8.6680280	37.5912515	-8.6680279	0.17	surface
MOT	EVR-00058	38.5494840	-7.9049230	38.5494825	-7.9049231	0.17	underground
HRZ	EVR-00046	38.5593700	-7.8944050	38.5593685	-7.8944051	0.17	surface
GLP	LSB-80533	38.7482600	-9.1899880	38.7482585	-9.1899881	0.17	surface
EDP	MCV-90001	40.0888900	-8.3306420	40.0888885	-8.3306421	0.17	surface
TRK	FIG-00048	40.1501920	-8.8617290	40.1501935	-8.8617289	0.17	surface
GLP	MTS-00057	41.2101400	-8.6884650	41.2101415	-8.6884649	0.17	underground
GLP	CSC-00118	38.7107280	-9.4609250	38.7107265	-9.4609250	0.17	surface
MLT	MTJ-00004	38.7035980	-8.9683140	38.7035981	-8.9683159	0.17	surface
HRZ	STB-90010	38.5294760	-8.8821030	38.5294750	-8.8821016	0.16	surface
FAC	SVC-00005	32.8089180	-17.0555800	32.8089166	-17.0555805	0.16	surface
HRZ	LSB-00602	38.7389000	-9.1677510	38.7388986	-9.1677515	0.16	underground
HRZ	FCR-90001	40.8948060	-6.9629310	40.8948068	-6.9629294	0.16	surface
HRZ	PTM-00075	37.1606180	-8.5566650	37.1606166	-8.5566654	0.16	surface
GLP	ALM-00016	38.6870420	-9.1474530	38.6870406	-9.1474526	0.16	surface
GLP	PTG-00031	39.2808000	-7.4310550	39.2808014	-7.4310554	0.16	surface
GLP	LMG-00017	41.0815600	-7.7987080	41.0815586	-7.7987084	0.16	surface
GLP	CLD-00039	39.3980600	-9.1375370	39.3980586	-9.1375373	0.16	surface
PRI	VNP-00002	40.8585170	-7.7158275	40.8585156	-7.7158273	0.16	surface
GLP	CDR-90001	40.9002270	-7.9320080	40.9002256	-7.9320082	0.16	surface
GLP	MTS-00058	41.2101860	-8.6884650	41.2101846	-8.6884652	0.16	underground
GLP	MTS-00073	41.2102700	-8.6884390	41.2102714	-8.6884392	0.16	underground
HRZ	MTA-00025	38.6425360	-9.0001010	38.6425374	-9.0001011	0.16	surface
HRZ	VNG-00102	41.0576000	-8.5667780	41.0575986	-8.5667779	0.16	surface
MOT	PRT-00119	41.1541820	-8.6721900	41.1541834	-8.6721899	0.16	surface
EDP	VLG-00042	41.1910130	-8.4893310	41.1910144	-8.4893309	0.16	surface
HLX	BRG-00146	41.5467000	-8.3979900	41.5467014	-8.3979899	0.16	surface
IBD	VCT-00017	41.7066230	-8.8252240	41.7066216	-8.8252240	0.16	underground
HRZ	VRL-00024	41.3140000	-7.7328340	41.3139986	-7.7328340	0.16	surface
HRZ	CSC-00163	38.7129020	-9.4611200	38.7129033	-9.4611194	0.15	surface
GLP	AMD-00066	38.7276760	-9.2149870	38.7276747	-9.2149865	0.15	surface
IBD	LRA-00125	39.7404000	-8.8229800	39.7403987	-8.8229795	0.15	surface
GLP	VFR-00059	40.9018140	-8.5276950	40.9018153	-8.5276945	0.15	surface
EDP	VNP-90001	40.8506930	-7.7274720	40.8506926	-7.7274703	0.15	surface
ATL	LSB-80044	38.7780400	-9.0947090	38.7780395	-9.0947106	0.15	surface
EDP	ABF-00066	37.0846020	-8.3151460	37.0846007	-8.3151464	0.15	surface
HRZ	PTM-00044	37.1449170	-8.5443000	37.1449157	-8.5443004	0.15	surface
GLP	MTA-00021	38.6485600	-8.9962090	38.6485613	-8.9962086	0.15	surface
GLP	CBR-90005	40.1861650	-8.4127210	40.1861637	-8.4127214	0.15	surface
HRZ	MLD-00009	40.3931160	-8.4503030	40.3931173	-8.4503034	0.15	surface
DTE	AGD-00025	40.5318220	-8.3670800	40.5318228	-8.3670786	0.15	surface
HLX	SNS-00005	37.9827840	-8.8333645	37.9827827	-8.8333648	0.15	surface
GLP	AMD-00067	38.7276570	-9.2149340	38.7276557	-9.2149343	0.15	surface
GLP	MOBI-LSB-00082	38.7572020	-9.1760510	38.7572033	-9.1760513	0.15	underground
GLP	VNG-90007	41.0258900	-8.6196310	41.0258913	-8.6196307	0.15	surface
HRZ	PTM-00043	37.1449170	-8.5443570	37.1449183	-8.5443572	0.15	surface
GLG	CSC-00059	38.7353480	-9.3868920	38.7353493	-9.3868922	0.15	surface
HLX	STR-00046	39.2569050	-8.7137785	39.2569063	-8.7137787	0.15	surface
HRZ	CBR-00042	40.2158850	-8.4364080	40.2158837	-8.4364082	0.15	underground
GLP	MTS-00080	41.2088850	-8.6874570	41.2088837	-8.6874572	0.15	underground
IBD	PFR-00002	41.2743380	-8.3891690	41.2743393	-8.3891692	0.15	underground
IBD	VVD-00021	41.6375850	-8.4761260	41.6375863	-8.4761258	0.15	surface
FAC	FNC-00061	32.6554570	-16.9142300	32.6554580	-16.9142310	0.15	surface
HRZ	FAR-90005	37.0246400	-7.9304570	37.0246387	-7.9304569	0.14	surface
GLP	LLE-00109	37.0979960	-7.9977680	37.0979947	-7.9977679	0.14	underground
GLP	SRP-00006	37.9431270	-7.6062740	37.9431283	-7.6062741	0.14	surface
ATL	MOU-80001	38.3829460	-7.3438300	38.3829447	-7.3438299	0.14	surface
HRZ	MTA-00024	38.6424980	-9.0000520	38.6424993	-9.0000521	0.14	surface
HRZ	CTB-00027	39.8260730	-7.4984636	39.8260743	-7.4984637	0.14	surface
HRZ	FND-00026	40.1658100	-7.4958830	40.1658087	-7.4958829	0.14	underground
GLP	PCV-00007	40.2723460	-8.2880830	40.2723447	-8.2880831	0.14	surface
IBD	VNG-00166	41.1329230	-8.5753765	41.1329217	-8.5753764	0.14	surface
GLP	MTS-00060	41.2102700	-8.6884660	41.2102713	-8.6884661	0.14	underground
GLP	CHV-00027	41.7588840	-7.4697400	41.7588853	-7.4697399	0.14	surface
LUZ	LLE-00072	37.0448270	-8.0298000	37.0448257	-8.0298000	0.14	surface
TRK	BJA-00035	38.0153050	-7.8728800	38.0153037	-7.8728800	0.14	surface
EVP	CVD-00003	39.4159160	-7.4559170	39.4159169	-7.4559182	0.14	surface
SEG	RGR-00004	37.8240200	-25.5209350	37.8240210	-25.5209360	0.14	surface
SEG	SCG-00004	39.0858760	-28.0051600	39.0858750	-28.0051590	0.14	surface
GLP	PLM-00014	38.6307450	-8.9122910	38.6307461	-8.9122918	0.14	surface
HRZ	CSC-00510	38.7136100	-9.3856120	38.7136111	-9.3856112	0.14	surface
ATL	VFX-00046	38.8669700	-9.0967330	38.8669688	-9.0967325	0.14	surface
ATL	FTR-80001	39.0538640	-7.6452470	39.0538628	-7.6452465	0.14	surface
ATL	AGB-80001	40.8179440	-7.5413020	40.8179452	-7.5413015	0.14	surface
HRZ	OBR-00002	40.5135880	-8.4870420	40.5135869	-8.4870428	0.14	surface
HRZ	VLG-00002	41.1968730	-8.5107120	41.1968719	-8.5107112	0.14	surface
HRZ	FAR-00033	37.1321830	-8.3593140	37.1321818	-8.3593136	0.14	surface
GLP	OER-00254	38.7065200	-9.2387130	38.7065212	-9.2387126	0.14	surface
GLP	MOBI-LSB-00105	38.7571830	-9.1753130	38.7571842	-9.1753126	0.14	underground
GLP	LSB-00462	38.7695800	-9.0937960	38.7695812	-9.0937964	0.14	underground
GLP	LSB-00463	38.7696230	-9.0937810	38.7696242	-9.0937814	0.14	underground
EDP	STR-90003	39.2334630	-8.6848140	39.2334639	-8.6848129	0.14	surface
GLP	AMT-00031	41.2735370	-8.0896660	41.2735358	-8.0896656	0.14	surface
HRZ	STB-00071	38.5349580	-8.8733390	38.5349591	-8.8733383	0.14	surface
GLP	LRS-00087	38.8171230	-9.1483350	38.8171218	-9.1483347	0.14	underground
GLP	LRA-00087	39.7325700	-8.8243090	39.7325688	-8.8243093	0.14	underground
HRZ	MLD-00008	40.3930700	-8.4504660	40.3930688	-8.4504663	0.14	surface
ATL	GVA-80001	40.4926760	-7.5942080	40.4926772	-7.5942083	0.14	surface
IBD	AGD-00005	40.5726240	-8.4393920	40.5726252	-8.4393923	0.14	surface
IBD	AVR-00094	40.6399500	-8.6354780	40.6399488	-8.6354777	0.14	surface
EVI	FAR-00073	37.0334170	-7.9297533	37.0334182	-7.9297535	0.13	surface
GLP	ETZ-00028	38.8500020	-7.5849950	38.8500008	-7.5849948	0.13	surface
HRZ	VFR-00102	40.9385870	-8.5413750	40.9385858	-8.5413748	0.13	surface
HRZ	MCD-00006	41.5780370	-6.9461393	41.5780382	-6.9461395	0.13	surface
MOT	MLG-00010	42.1141550	-8.2611720	42.1141538	-8.2611722	0.13	surface
GLP	MOBI-LSB-00102	38.7571870	-9.1753990	38.7571858	-9.1753989	0.13	underground
HRZ	BMT-90001	40.3581240	-7.3525305	40.3581252	-7.3525306	0.13	surface
GLP	AND-00009	40.4427830	-8.4390990	40.4427842	-8.4390989	0.13	surface
HRZ	BCL-00024	41.5323680	-8.6222270	41.5323668	-8.6222269	0.13	surface
GLP	CVR-00003	37.7062070	-8.0850390	37.7062082	-8.0850390	0.13	surface
EVI	VLG-00012	41.1845360	-8.4768430	41.1845372	-8.4768430	0.13	surface
IBD	LMG-00012	41.1018940	-7.7981890	41.1018952	-7.7981890	0.13	surface
HRZ	EVR-00021	38.5519560	-7.9126186	38.5519572	-7.9126186	0.13	surface
EDP	NIS-00002	39.4231000	-7.6258560	39.4230988	-7.6258560	0.13	surface
GLP	MGL-00019	40.6093200	-7.7618080	40.6093212	-7.7618080	0.13	surface
EDP	PLM-00058	38.5716130	-8.8977710	38.5716140	-8.8977718	0.13	surface
TRK	MTJ-00064	38.7065430	-8.9494270	38.7065420	-8.9494262	0.13	surface
EDP	ABF-00153	37.0906750	-8.2433700	37.0906753	-8.2433686	0.13	surface
GLP	STB-00100	38.5228580	-9.0173880	38.5228569	-9.0173876	0.13	surface
GLP	LRS-00081	38.8169900	-9.1483710	38.8169911	-9.1483714	0.13	underground
GLG	VNG-00019	41.1135060	-8.5896740	41.1135049	-8.5896744	0.13	surface
GLP	MTS-00064	41.2104450	-8.6884670	41.2104439	-8.6884674	0.13	underground
GLP	MDL-00005	41.4825440	-7.1947110	41.4825429	-7.1947106	0.13	surface
GLP	MTR-90004	41.8409270	-7.9500250	41.8409259	-7.9500246	0.13	surface
HRZ	LSB-00850	38.7621770	-9.1136090	38.7621780	-9.1136097	0.13	underground
EDP	PRT-00176	41.1544900	-8.6497600	41.1544890	-8.6497593	0.13	underground
GLP	LSB-00984	38.7572020	-9.0989620	38.7572009	-9.0989623	0.13	underground
EDP	MOR-00004	38.9462200	-8.1590970	38.9462211	-8.1590973	0.13	surface
GLP	PNI-00020	39.3651850	-9.3803300	39.3651839	-9.3803303	0.13	surface
GLP	ORM-00029	39.6570200	-8.5840190	39.6570211	-8.5840187	0.12	surface
GLP	MTS-00069	41.2104450	-8.6884410	41.2104439	-8.6884413	0.12	underground
HRZ	BJA-00009	38.0224570	-7.8492904	38.0224559	-7.8492906	0.12	surface
HRZ	SXL-00059	38.6334800	-9.1451430	38.6334789	-9.1451428	0.12	surface
GLP	AMD-00064	38.7277150	-9.2150900	38.7277139	-9.2150902	0.12	surface
HRZ	LRA-00049	39.7404100	-8.8013320	39.7404089	-8.8013322	0.12	underground
GLP	ESP-00016	41.0001340	-8.6389720	41.0001329	-8.6389718	0.12	surface
HRZ	BRG-00075	41.5576700	-8.4071100	41.5576689	-8.4071102	0.12	surface
HRZ	TVD-00049	39.1017150	-9.2528330	39.1017140	-9.2528336	0.12	underground
EDP	LGS-00012	37.1137280	-8.6812850	37.1137291	-8.6812851	0.12	surface
TRK	VNT-00003	38.3904150	-7.9671360	38.3904139	-7.9671361	0.12	surface
IBD	BAO-00006	41.1092640	-8.0658280	41.1092629	-8.0658281	0.12	surface
GLP	MTS-00081	41.2088850	-8.6873990	41.2088839	-8.6873989	0.12	underground
GLP	PFR-00004	41.2848470	-8.3613510	41.2848481	-8.3613511	0.12	underground
GLP	MOBI-LSB-00366	38.7612840	-9.0973670	38.7612851	-9.0973670	0.12	underground
HRZ	MNC-90001	42.0786100	-8.4845480	42.0786090	-8.4845486	0.12	surface
IBD	STR-00049	39.2610700	-8.6953970	39.2610691	-8.6953978	0.12	surface
CGG	VCT-00026	41.7026560	-8.8212130	41.7026567	-8.8212141	0.12	surface
GLP	MOBI-LSB-00369	38.7612720	-9.0974520	38.7612710	-9.0974515	0.12	underground
ATL	VNG-00143	41.1376840	-8.6301730	41.1376830	-8.6301725	0.12	surface
GLP	MAI-00073	41.1976280	-8.5749820	41.1976290	-8.5749815	0.12	surface
GLP	CSC-00219	38.6839260	-9.3423630	38.6839270	-9.3423634	0.12	surface
HRZ	LRA-00048	39.7404250	-8.8013870	39.7404240	-8.8013866	0.12	underground
GLP	MTS-00185	41.1988830	-8.6095400	41.1988840	-8.6095404	0.12	surface
GLP	AMD-00075	38.7274130	-9.2142490	38.7274120	-9.2142493	0.11	surface
GLP	MOBI-LSB-00086	38.7572020	-9.1759360	38.7572010	-9.1759363	0.11	underground
EDP	ALR-00008	39.1962000	-8.6260920	39.1962010	-8.6260923	0.11	surface
HRZ	VIS-00049	40.6516080	-7.8859540	40.6516070	-7.8859537	0.11	surface
NEU	BRG-00057	41.5653150	-8.4060860	41.5653160	-8.4060863	0.11	surface
MLT	MFR-00007	38.9369300	-9.3367830	38.9369301	-9.3367843	0.11	surface
HRZ	OLH-90001	37.0342520	-7.8407640	37.0342530	-7.8407642	0.11	surface
HLX	STB-00093	38.5393370	-8.8753880	38.5393380	-8.8753882	0.11	surface
GRN	OER-00158	38.6884230	-9.3173620	38.6884240	-9.3173618	0.11	surface
TRK	MTJ-00060	38.7042240	-8.9459720	38.7042250	-8.9459722	0.11	surface
GLP	LSB-00516	38.7545170	-9.1890420	38.7545160	-9.1890422	0.11	underground
GLP	STR-00023	39.2425200	-8.7037220	39.2425190	-8.7037218	0.11	surface
IBD	STR-00050	39.2610700	-8.6953400	39.2610690	-8.6953402	0.11	surface
EDP	PNC-90001	40.1679040	-7.1724810	40.1679050	-7.1724812	0.11	surface
HRZ	LRA-00071	39.7656200	-8.8166520	39.7656209	-8.8166526	0.11	surface
HRZ	CHV-00005	41.7617340	-7.4877543	41.7617350	-7.4877545	0.11	surface
GLP	VLN-00007	42.0275960	-8.6370150	42.0275950	-8.6370148	0.11	surface
CAP	GMR-00072	41.4406400	-8.3029350	41.4406391	-8.3029356	0.11	underground
GLP	VIS-00060	40.6310100	-7.9073430	40.6310108	-7.9073438	0.11	surface
TRK	BJA-00044	38.0099680	-7.8603244	38.0099670	-7.8603245	0.11	surface
HRZ	MCD-00005	41.5779880	-6.9461340	41.5779890	-6.9461341	0.11	surface
HRZ	SRP-90001	37.9406360	-7.6038775	37.9406370	-7.6038775	0.11	surface
IBD	FLG-00004	41.3553200	-8.1946330	41.3553210	-8.1946330	0.11	surface
REP	PRD-00008	41.1968880	-8.4342100	41.1968870	-8.4342100	0.11	surface
ATL	VNB-80002	39.4619830	-8.4433840	39.4619840	-8.4433840	0.11	surface
EDP	SMA-90001	39.0198670	-9.1549710	39.0198680	-9.1549710	0.11	surface
REP	CLD-00014	39.4163440	-9.1488290	39.4163430	-9.1488290	0.11	surface
REP	BCL-00013	41.5377800	-8.6140590	41.5377810	-8.6140590	0.11	surface
GLP	LSB-00469	38.7232440	-9.1559360	38.7232430	-9.1559360	0.11	surface
GLD	VRL-00014	41.3065800	-7.7422740	41.3065810	-7.7422740	0.11	surface
GLP	LLE-00114	37.0804140	-8.1143050	37.0804150	-8.1143050	0.11	surface
HEX	GMR-00066	41.4499050	-8.2798350	41.4499040	-8.2798350	0.11	surface
TRK	BRR-00053	38.6502150	-9.0550920	38.6502140	-9.0550920	0.11	surface
TRK	BRR-00078	38.6597980	-9.0785530	38.6597970	-9.0785530	0.11	surface
TRK	BRR-00093	38.6537320	-9.0622030	38.6537330	-9.0622030	0.11	surface
EVC	VRM-00005	41.6328960	-8.1406590	41.6328950	-8.1406590	0.11	surface
REP	PFR-00009	41.2786940	-8.3790450	41.2786930	-8.3790450	0.11	surface
GLP	LGS-00030	37.1110840	-8.6792400	37.1110850	-8.6792400	0.11	surface
EDP	VRL-00026	41.2976950	-7.7499850	41.2976960	-7.7499850	0.11	surface
IVP	CMN-00022	41.8013400	-8.8577490	41.8013390	-8.8577490	0.11	surface
EDP	SBG-00007	40.3501200	-7.0823260	40.3501210	-7.0823260	0.11	surface
TRK	TMR-00036	39.5997430	-8.4019470	39.5997440	-8.4019470	0.11	surface
TRK	CMN-00015	41.8161740	-8.8600020	41.8161750	-8.8600020	0.11	surface
EDP	MTS-00164	41.1983220	-8.6101400	41.1983230	-8.6101400	0.11	surface
SEG	RGR-00009	37.7870060	-25.6035420	37.7870070	-25.6035420	0.11	surface
GLP	PNF-00032	41.0840840	-8.2928850	41.0840850	-8.2928850	0.11	surface
GLP	PNF-00031	41.1075630	-8.2654130	41.1075640	-8.2654130	0.11	surface
TRK	SJM-00030	40.8983880	-8.4910560	40.8983890	-8.4910560	0.11	surface
TRK	LSA-00010	40.1144560	-8.2447110	40.1144570	-8.2447110	0.11	surface
IBD	BRR-00146	38.6644630	-9.0584120	38.6644640	-9.0584120	0.11	surface
GLP	ALB-00011	40.6898770	-8.4823330	40.6898760	-8.4823330	0.11	surface
HLX	VNF-00053	41.4151500	-8.5032080	41.4151510	-8.5032080	0.11	surface
TRK	CSC-00224	38.7293780	-9.4077770	38.7293790	-9.4077770	0.11	surface
TRK	CSC-00226	38.7031820	-9.4227940	38.7031830	-9.4227940	0.11	surface
TRK	CSC-00229	38.6991700	-9.3352710	38.6991690	-9.3352710	0.11	surface
HRZ	AZB-00004	39.0660970	-8.8764140	39.0660980	-8.8764140	0.11	surface
HRZ	OER-00063	38.7147640	-9.2256920	38.7147650	-9.2256920	0.11	surface
PLG	ARV-00006	38.9410250	-9.1042550	38.9410260	-9.1042550	0.11	surface
GLP	SBG-00002	40.3560520	-7.0756790	40.3560510	-7.0756790	0.11	surface
HEX	CSC-00075	38.6813900	-9.3261090	38.6813890	-9.3261090	0.11	surface
REP	ODV-00012	38.8049660	-9.1580300	38.8049650	-9.1580300	0.11	surface
ATL	VNG-00144	41.1374630	-8.6322540	41.1374620	-8.6322540	0.11	surface
REP	OER-00118	38.7086070	-9.2245870	38.7086060	-9.2245870	0.11	surface
EDP	MCV-00002	40.0893060	-8.3271200	40.0893070	-8.3271200	0.11	surface
REP	BTL-00004	39.6433300	-8.8431510	39.6433290	-8.8431510	0.11	surface
MLT	ODM-00008	37.5995450	-8.6311950	37.5995440	-8.6311950	0.11	surface
LCG	LLE-00085	37.0407680	-8.0498180	37.0407690	-8.0498180	0.11	surface
ATL	LSB-00650	38.7340000	-9.1330670	38.7340010	-9.1330670	0.11	underground
GEN	GMR-00074	41.4849850	-8.3500410	41.4849860	-8.3500410	0.11	surface
REP	PRT-00180	41.1518020	-8.6254820	41.1518030	-8.6254820	0.11	surface
TRK	BRR-00091	38.6620400	-9.0649190	38.6620390	-9.0649190	0.11	surface
TRK	BRR-00090	38.6579480	-9.0703580	38.6579470	-9.0703580	0.11	surface
TRK	BRR-00080	38.6696320	-9.0500720	38.6696310	-9.0500720	0.11	surface
TRK	BRR-00098	38.6563150	-9.0674920	38.6563140	-9.0674920	0.11	surface
TRK	BRR-00113	38.6542930	-9.0722140	38.6542940	-9.0722140	0.11	surface
TRK	BRR-00106	38.6615900	-9.0807970	38.6615890	-9.0807970	0.11	surface
TRK	BRR-00095	38.6517520	-9.0596360	38.6517530	-9.0596360	0.11	surface
NRG	VCT-00041	41.6400450	-8.7697020	41.6400460	-8.7697020	0.11	surface
IBD	GDM-00037	41.1438600	-8.5414680	41.1438590	-8.5414680	0.11	surface
IBD	MTS-00129	41.1939600	-8.6130370	41.1939590	-8.6130370	0.11	surface
GLP	MDL-00009	41.5019600	-7.1664750	41.5019590	-7.1664750	0.11	surface
EDP	FAF-00007	41.4534150	-8.1875600	41.4534160	-8.1875600	0.11	surface
GLP	STR-00037	39.2442130	-8.7039990	39.2442140	-8.7039990	0.11	surface
EDP	CNT-00017	40.3602830	-8.6080360	40.3602840	-8.6080360	0.11	surface
TRK	BRR-00084	38.6692240	-9.0481720	38.6692250	-9.0481720	0.11	surface
EDP	AJZ-00005	37.3395920	-8.8126970	37.3395930	-8.8126970	0.11	surface
EDP	VCD-00027	41.3521000	-8.7473110	41.3521010	-8.7473110	0.11	surface
EDP	OLR-00003	39.9154360	-7.9101700	39.9154350	-7.9101700	0.11	surface
EDP	ASL-00015	38.3891450	-8.6403560	38.3891460	-8.6403560	0.11	surface
ATL	ALQ-00020	39.0243030	-8.9797690	39.0243040	-8.9797690	0.11	surface
GLP	VFX-00063	38.8619840	-9.0679660	38.8619830	-9.0679660	0.11	surface
EDP	VFR-00088	40.9163130	-8.5694090	40.9163140	-8.5694090	0.11	surface
CPS	ABF-00120	37.1235350	-8.2321190	37.1235340	-8.2321190	0.11	surface
GLP	SLV-00031	37.1019100	-8.3563960	37.1019090	-8.3563960	0.11	surface
GLP	SLV-00028	37.1901130	-8.4470550	37.1901120	-8.4470550	0.11	surface
GLP	SLV-00026	37.1198900	-8.3401790	37.1198890	-8.3401790	0.11	surface
GLP	EPS-00014	41.5223460	-8.7621910	41.5223450	-8.7621910	0.11	surface
GSF	LSB-00840	38.7339550	-9.1616660	38.7339560	-9.1616660	0.11	surface
GSF	LSB-00842	38.7335360	-9.1599530	38.7335350	-9.1599530	0.11	surface
GSF	LSB-00841	38.7341540	-9.1610770	38.7341530	-9.1610770	0.11	surface
TRK	MTJ-00073	38.7142700	-8.9637600	38.7142710	-8.9637600	0.11	surface
GLP	SNT-00149	38.7818870	-9.3490090	38.7818860	-9.3490090	0.11	surface
GLP	ARV-00017	38.9982720	-9.0829500	38.9982710	-9.0829500	0.11	surface
GLP	EPS-00028	41.5737460	-8.7902880	41.5737450	-8.7902880	0.11	surface
GLP	EPS-00018	41.5169140	-8.7441720	41.5169130	-8.7441720	0.11	surface
IBD	PMS-00014	39.5487750	-8.7730960	39.5487760	-8.7730960	0.11	surface
GLP	OBR-00011	40.5162620	-8.4946850	40.5162610	-8.4946850	0.11	surface
TRK	SJM-00041	40.8832740	-8.4920780	40.8832750	-8.4920780	0.11	surface
TRK	CSC-00227	38.7040700	-9.3377950	38.7040710	-9.3377950	0.11	surface
TRK	CSC-00225	38.7371140	-9.3961780	38.7371130	-9.3961780	0.11	surface
EDP	SPS-00004	40.7395100	-8.0923170	40.7395110	-8.0923170	0.11	surface
TRK	CSC-00530	38.7004850	-9.3407980	38.7004855	-9.3407969	0.11	surface
HRZ	SXL-00019	38.6263900	-9.1109680	38.6263891	-9.1109675	0.11	surface
GLP	LSB-00254	38.7887880	-9.1486160	38.7887871	-9.1486155	0.11	surface
GLP	ALM-00101	38.6465200	-9.1794490	38.6465191	-9.1794494	0.11	surface
REP	LSB-00270	38.7635770	-9.1410170	38.7635779	-9.1410166	0.11	surface
GLP	LRS-00086	38.8170740	-9.1483380	38.8170749	-9.1483384	0.11	underground
GLP	LRS-00089	38.8171650	-9.1483240	38.8171641	-9.1483236	0.11	underground
HRZ	SCD-00009	40.4406280	-8.1057750	40.4406289	-8.1057746	0.11	surface
GLP	MTS-00062	41.2103580	-8.6884660	41.2103571	-8.6884664	0.11	underground
GLP	SXL-00062	38.6024480	-9.0612980	38.6024471	-9.0612977	0.10	surface
GLP	GMR-00147	41.4607280	-8.3134820	41.4607289	-8.3134817	0.10	surface
TRK	CSC-00503	38.6963900	-9.3470560	38.6963894	-9.3470569	0.10	surface
GLP	OER-00022	38.7232250	-9.2136300	38.7232259	-9.2136298	0.10	surface
HRZ	LSB-00222	38.7623250	-9.1134990	38.7623259	-9.1134988	0.10	underground
GLP	STR-00065	39.2394300	-8.6966150	39.2394309	-8.6966148	0.10	surface
GLP	ABT-00012	39.4758530	-8.1923980	39.4758539	-8.1923982	0.10	underground
GLP	OHP-00022	40.3618800	-7.8564290	40.3618809	-7.8564288	0.10	surface
GLP	VFR-00038	40.9543650	-8.5526160	40.9543641	-8.5526158	0.10	surface
GLP	PFR-00003	41.2848200	-8.3613950	41.2848209	-8.3613952	0.10	underground
HRZ	BRG-90009	41.5578300	-8.3987340	41.5578309	-8.3987342	0.10	surface
CPS	OLH-00047	37.1246260	-7.7705116	37.1246251	-7.7705115	0.10	surface
HRZ	FAR-00028	37.1321560	-8.3593130	37.1321551	-8.3593129	0.10	surface
IBD	SXL-00063	38.5824360	-9.1006230	38.5824351	-9.1006231	0.10	surface
EVI	ETZ-00030	38.8462370	-7.5820160	38.8462379	-7.5820161	0.10	surface
PRI	OLR-00001	39.9187500	-7.9133480	39.9187491	-7.9133481	0.10	surface
GLP	GDM-00060	41.1366900	-8.5362850	41.1366891	-8.5362851	0.10	surface
HRZ	ENT-00003	39.4740400	-8.4862710	39.4740409	-8.4862710	0.10	surface
GLP	LSB-00956	38.7714160	-9.1285170	38.7714168	-9.1285165	0.10	underground
PRI	SNT-00016	38.7870640	-9.2983810	38.7870632	-9.2983805	0.10	surface
HRZ	TVD-00021	39.0947880	-9.2553850	39.0947872	-9.2553855	0.10	underground
ATL	BRG-00120	41.5413670	-8.4251100	41.5413678	-8.4251095	0.10	surface
IBD	OER-00132	38.7500760	-9.3038670	38.7500766	-9.3038678	0.10	underground
PLG	ENT-00007	39.4611430	-8.4705080	39.4611424	-8.4705088	0.10	surface
EDP	PDL-00008	37.7516600	-25.6543390	37.7516592	-25.6543394	0.10	surface
GLP	SXL-00070	38.6403960	-9.1002000	38.6403952	-9.1001996	0.10	surface
GLP	VIS-00114	40.6324120	-7.9311570	40.6324112	-7.9311566	0.10	surface
GLP	MTS-00071	41.2103580	-8.6884400	41.2103572	-8.6884404	0.10	underground
GLG	VNF-00003	41.3904530	-8.4806080	41.3904538	-8.4806084	0.10	surface
GLP	BCL-00044	41.5320700	-8.6266560	41.5320692	-8.6266556	0.09	surface
FAC	FNC-00062	32.6499560	-16.9154240	32.6499560	-16.9154250	0.09	surface
IBD	FIG-00021	40.1587750	-8.8576290	40.1587757	-8.8576284	0.09	underground
HRZ	STB-00118	38.5474740	-8.8599520	38.5474748	-8.8599517	0.09	surface
GLP	MOBI-LSB-00101	38.7571870	-9.1754280	38.7571862	-9.1754277	0.09	underground
GLP	MOBI-LSB-00370	38.7612650	-9.0974780	38.7612658	-9.0974783	0.09	underground
HRZ	LRS-90032	38.8150330	-9.1184670	38.8150322	-9.1184673	0.09	surface
IBD	VVD-00020	41.6375770	-8.4761820	41.6375778	-8.4761817	0.09	surface
HRZ	PTL-00007	41.7736170	-8.5924330	41.7736162	-8.5924333	0.09	surface
HRZ	FAR-00053	37.0283900	-7.9283605	37.0283908	-7.9283607	0.09	surface
HRZ	PTM-00045	37.1476360	-8.5497590	37.1476368	-8.5497592	0.09	surface
EVI	ETZ-00029	38.8462100	-7.5820622	38.8462108	-7.5820624	0.09	surface
ATL	BNV-00021	38.9206960	-8.8796880	38.9206968	-8.8796882	0.09	surface
KLS	ILH-00010	40.6191300	-8.6670400	40.6191292	-8.6670402	0.09	underground
GLP	VFR-00062	40.9093600	-8.5595970	40.9093592	-8.5595968	0.09	surface
IBD	BAO-00007	41.1092800	-8.0658800	41.1092808	-8.0658802	0.09	surface
EDP	ABF-00009	37.0903240	-8.2439350	37.0903247	-8.2439355	0.09	underground
GLP	LLE-00108	37.0979650	-7.9977250	37.0979642	-7.9977251	0.09	underground
GLG	MMN-00002	38.6176500	-8.0811360	38.6176492	-8.0811361	0.09	surface
GLP	MOBI-LSB-00371	38.7612600	-9.0975070	38.7612608	-9.0975071	0.09	underground
GLP	MOBI-LSB-00083	38.7572020	-9.1760230	38.7572027	-9.1760225	0.09	underground
GLP	TVD-00086	39.0824780	-9.2620830	39.0824773	-9.2620825	0.09	surface
GLP	LRS-00079	38.8169440	-9.1483840	38.8169448	-9.1483840	0.09	underground
GLP	AVR-80004	40.6432950	-8.6485000	40.6432958	-8.6485000	0.09	surface
IBD	VLP-00003	41.5929570	-7.3029704	41.5929562	-7.3029704	0.09	surface
HRZ	MLD-00010	40.3930400	-8.4505610	40.3930407	-8.4505605	0.09	surface
SEG	PDL-00014	37.7392040	-25.6767600	37.7392040	-25.6767590	0.09	surface
SEG	RGR-00006	37.8250700	-25.5225520	37.8250700	-25.5225530	0.09	surface
SEG	VPV-00005	38.6802750	-27.0560670	38.6802750	-27.0560660	0.09	surface
SEG	SCG-00002	39.0799940	-28.0081790	39.0799940	-28.0081780	0.09	surface
GLP	AMD-00062	38.7277530	-9.2151940	38.7277537	-9.2151936	0.09	surface
GLP	LRS-00077	38.8169020	-9.1483970	38.8169013	-9.1483974	0.09	underground
GLP	LRS-00144	38.8376160	-9.0830710	38.8376167	-9.0830706	0.09	surface
GLP	ABT-00013	39.4758800	-8.1923520	39.4758807	-8.1923524	0.09	underground
EDP	VIS-00112	40.6740040	-7.9140850	40.6740033	-7.9140846	0.08	surface
ECI	MLD-00034	40.3105350	-8.4760910	40.3105350	-8.4760900	0.08	surface
GLP	VNG-00197	41.1198840	-8.6272770	41.1198847	-8.6272766	0.08	surface
IBD	VLG-00057	41.2106670	-8.5476780	41.2106677	-8.5476784	0.08	surface
HRZ	BAO-90001	41.1642760	-8.0359920	41.1642766	-8.0359914	0.08	surface
IBD	PRT-00335	41.1802060	-8.6188100	41.1802054	-8.6188094	0.08	underground
GLG	MTS-00111	41.2010540	-8.6985820	41.2010534	-8.6985826	0.08	surface
HRZ	LSB-00601	38.7388570	-9.1677700	38.7388565	-9.1677707	0.08	underground
GLP	LLE-00238	37.1009140	-8.0014820	37.1009147	-8.0014817	0.08	surface
GLP	ACB-00013	39.5485080	-8.9770730	39.5485087	-8.9770727	0.08	surface
ATL	IDN-80001	39.9230230	-7.2417760	39.9230237	-7.2417763	0.08	surface
GLP	MCN-00020	41.1804920	-8.1546640	41.1804913	-8.1546643	0.08	surface
HRZ	FNC-00071	32.6475070	-16.9418740	32.6475076	-16.9418735	0.08	underground
HRZ	SCD-00008	40.4405860	-8.1057830	40.4405855	-8.1057837	0.08	surface
GLP	SNS-00021	37.9652630	-8.8597160	37.9652624	-8.8597155	0.08	surface
PLG	STC-00002	38.0391500	-8.7324250	38.0391506	-8.7324255	0.08	surface
GLP	LSB-00255	38.7888300	-9.1486290	38.7888307	-9.1486292	0.08	surface
IBD	GMR-00019	41.4449920	-8.3393680	41.4449927	-8.3393678	0.08	underground
EDP	BCL-00039	41.5207860	-8.6306810	41.5207867	-8.6306812	0.08	surface
ATL	LSB-80178	38.7164040	-9.1427180	38.7164046	-9.1427185	0.08	surface
HRZ	STR-00072	39.2464100	-8.6949460	39.2464094	-8.6949465	0.08	surface
EMA	RAM-CML-00001	32.6499250	-16.9787700	32.6499255	-16.9787706	0.08	surface
GLP	VIZ-00015	41.3715900	-8.3115000	41.3715894	-8.3114995	0.08	surface
GLP	LLE-00113	37.0981180	-7.9979380	37.0981187	-7.9979381	0.08	underground
TRK	MTJ-00077	38.7039450	-8.9494850	38.7039457	-8.9494851	0.08	surface
GLG	SNT-00071	38.7613000	-9.2794560	38.7612993	-9.2794561	0.08	surface
HRZ	SCD-00011	40.4407160	-8.1057560	40.4407153	-8.1057561	0.08	surface
HRZ	LMG-00003	41.0965600	-7.8075040	41.0965607	-7.8075041	0.08	surface
EVI	CBC-00011	41.5078740	-7.9888690	41.5078733	-7.9888691	0.08	surface
HRZ	CBC-90010	41.5148000	-7.9903946	41.5148007	-7.9903945	0.08	surface
HRZ	BCL-00025	41.5339660	-8.6164940	41.5339653	-8.6164941	0.08	surface
IBD	ABF-00063	37.0902180	-8.3237110	37.0902173	-8.3237110	0.08	underground
GLP	CVR-00009	37.6939400	-8.0890010	37.6939394	-8.0890006	0.08	surface
PLG	STC-00003	38.0391770	-8.7324730	38.0391776	-8.7324734	0.08	surface
GLP	STB-00101	38.5214200	-8.8721170	38.5214206	-8.8721166	0.08	surface
HRZ	VCD-00042	41.3695600	-8.7435890	41.3695596	-8.7435897	0.07	surface
GLP	LLE-00110	37.0980260	-7.9978100	37.0980254	-7.9978097	0.07	underground
GLP	VDG-00003	38.2051200	-7.8006420	38.2051194	-7.8006423	0.07	surface
CPS	LSB-01077	38.7817760	-9.1183730	38.7817766	-9.1183727	0.07	surface
IBD	LRS-00149	38.8142930	-9.1469470	38.8142924	-9.1469473	0.07	underground
GLG	TVD-00008	39.1583330	-9.2268390	39.1583324	-9.2268393	0.07	surface
GLG	CBR-00039	40.1954200	-8.4086880	40.1954194	-8.4086877	0.07	surface
GLP	CHV-00002	41.7650640	-7.4694090	41.7650634	-7.4694093	0.07	underground
GLP	MOBI-LSB-00100	38.7571870	-9.1754570	38.7571865	-9.1754565	0.07	underground
GLG	GRD-00008	40.5440100	-7.2162940	40.5440105	-7.2162935	0.07	surface
HRZ	LSB-01546	38.7214050	-9.1611830	38.7214050	-9.1611838	0.07	underground
HRZ	VFX-00015	38.9775620	-8.9843450	38.9775623	-8.9843457	0.07	underground
GLP	VBP-00019	37.0796200	-8.9135950	37.0796194	-8.9135948	0.07	surface
GLP	VFX-00096	38.8710330	-9.0853960	38.8710336	-9.0853958	0.07	surface
IBD	LRA-00175	39.7093200	-8.8306110	39.7093206	-8.8306108	0.07	surface
GLP	SRE-00007	40.0646860	-8.6197010	40.0646866	-8.6197008	0.07	surface
HLX	CBR-00013	40.2545740	-8.4307910	40.2545734	-8.4307908	0.07	surface
GLP	MLD-00045	40.3731960	-8.4493060	40.3731966	-8.4493058	0.07	surface
HRZ	CHV-00006	41.7617840	-7.4877205	41.7617834	-7.4877207	0.07	surface
KLS	CBR-00097	40.2100940	-8.4532170	40.2100944	-8.4532164	0.07	surface
HRZ	FAR-00050	37.0141500	-7.9264903	37.0141506	-7.9264904	0.07	surface
GLG	ASL-00001	38.5153770	-8.5839120	38.5153764	-8.5839119	0.07	surface
GLP	MTS-00070	41.2104000	-8.6884410	41.2104006	-8.6884409	0.07	underground
EDP	TMC-00002	41.2391100	-7.0845340	41.2391094	-7.0845340	0.07	surface
GLP	PNI-00004	39.3570020	-9.3633480	39.3570014	-9.3633480	0.07	underground
EVI	LGS-00033	37.1067160	-8.6876520	37.1067162	-8.6876513	0.07	surface
GLP	BRR-00153	38.6573450	-9.0711670	38.6573455	-9.0711666	0.07	surface
GLP	MTS-00063	41.2104000	-8.6884670	41.2104005	-8.6884666	0.06	underground
TRK	LSB-01218	38.7606500	-9.1672800	38.7606504	-9.1672795	0.06	surface
HRZ	AZB-00011	39.1438700	-8.9012300	39.1438704	-8.9012295	0.06	surface
GLP	SXL-00068	38.6157100	-9.1082250	38.6157105	-9.1082253	0.06	surface
IBD	SXL-00044	38.6362650	-9.1487130	38.6362645	-9.1487127	0.06	underground
GLP	MMN-00016	38.6481500	-8.2221150	38.6481505	-8.2221153	0.06	surface
GLP	MOBI-LSB-00368	38.7612760	-9.0974220	38.7612755	-9.0974217	0.06	underground
HRZ	VFX-00145	38.9773900	-8.9844250	38.9773895	-8.9844247	0.06	underground
GLP	LNH-00014	39.2637250	-9.3335700	39.2637245	-9.3335697	0.06	surface
GLP	FND-90001	40.1414300	-7.4967730	40.1414305	-7.4967727	0.06	surface
GLP	VLC-00014	40.8474770	-8.3913470	40.8474775	-8.3913473	0.06	surface
HRZ	MLD-00005	40.3942500	-8.4508530	40.3942499	-8.4508537	0.06	surface
IBD	BRG-00082	41.5560070	-8.4324680	41.5560067	-8.4324686	0.06	underground
HRZ	PRT-00331	41.1541000	-8.6012700	41.1541001	-8.6012693	0.06	surface
HRZ	LGS-00011	37.0868800	-8.6854790	37.0868805	-8.6854788	0.06	surface
HRZ	SXL-00014	38.6123600	-9.1050450	38.6123595	-9.1050452	0.06	surface
GLP	SXL-00069	38.6332000	-9.1501790	38.6331995	-9.1501792	0.06	surface
TRK	CSC-00551	38.7227130	-9.4087210	38.7227135	-9.4087212	0.06	surface
IBD	OER-00257	38.7500880	-9.3038130	38.7500885	-9.3038132	0.06	underground
GLP	LSB-00341	38.7712200	-9.1284660	38.7712205	-9.1284662	0.06	underground
IBD	VNG-00167	41.1329650	-8.5753860	41.1329645	-8.5753858	0.06	surface
GLP	MAI-00075	41.2287560	-8.5857420	41.2287555	-8.5857418	0.06	surface
IBD	AMT-00024	41.3210870	-8.1202190	41.3210865	-8.1202188	0.06	surface
HRZ	SXL-90001	38.6363870	-9.1024150	38.6363872	-9.1024156	0.06	surface
EDP	STB-00092	38.5395360	-8.8699760	38.5395364	-8.8699764	0.06	surface
GLP	ALQ-00028	39.0405300	-8.9875830	39.0405304	-8.9875834	0.06	surface
HRZ	FAR-00049	37.0144120	-7.9272265	37.0144125	-7.9272264	0.06	surface
GLP	ABF-00166	37.0867100	-8.2436730	37.0867095	-8.2436729	0.06	surface
GLP	ABF-00039	37.0884100	-8.1658610	37.0884105	-8.1658609	0.06	underground
GLP	LSB-00336	38.7727780	-9.1438120	38.7727775	-9.1438119	0.06	surface
MLT	BNV-00002	38.9380340	-8.8640130	38.9380335	-8.8640129	0.06	surface
GLP	ACB-00014	39.5485080	-8.9770700	39.5485085	-8.9770701	0.06	surface
EDP	NLS-00004	40.5464800	-7.8459260	40.5464795	-7.8459261	0.06	surface
GLG	MTS-00048	41.1792300	-8.6892780	41.1792305	-8.6892779	0.06	surface
GLP	MAC-90001	39.5601650	-7.9998980	39.5601646	-7.9998976	0.06	surface
HRZ	VFR-00073	40.9122620	-8.4927740	40.9122624	-8.4927736	0.06	surface
GLP	AMD-00073	38.7274480	-9.2143560	38.7274475	-9.2143560	0.06	surface
GLP	LSB-00257	38.7887880	-9.1488060	38.7887885	-9.1488060	0.06	surface
HRZ	VNG-00074	41.0168530	-8.5726930	41.0168525	-8.5726930	0.06	surface
GLP	VNF-00056	41.4164470	-8.5180400	41.4164475	-8.5180400	0.06	surface
TRK	MTJ-00054	38.7115200	-8.9771090	38.7115195	-8.9771090	0.06	surface
MOT	EVR-00059	38.5494770	-7.9049990	38.5494775	-7.9049990	0.06	underground
GLP	VLN-90002	42.0306240	-8.6352160	42.0306244	-8.6352164	0.06	surface
ATL	ODM-80003	37.7268070	-8.7817610	37.7268067	-8.7817615	0.06	surface
TRK	BRR-00108	38.6575740	-9.0619520	38.6575741	-9.0619514	0.05	surface
HRZ	ABF-00060	37.0908970	-8.2121200	37.0908974	-8.2121203	0.05	surface
HLX	OER-00040	38.7057700	-9.2935950	38.7057704	-9.2935953	0.05	surface
SLV	ABT-00019	39.5521850	-8.2805240	39.5521854	-8.2805243	0.05	surface
ATL	ASL-80003	38.3692800	-8.5107500	38.3692802	-8.5107495	0.05	surface
GLG	SXL-00006	38.6135520	-9.1083320	38.6135518	-9.1083325	0.05	surface
REP	TNV-00003	39.4776570	-8.6229680	39.4776572	-8.6229675	0.05	surface
GLP	PLM-00051	38.5774900	-8.8976990	38.5774897	-8.8976986	0.05	surface
HLX	OER-00041	38.7056800	-9.2935940	38.7056797	-9.2935944	0.05	surface
GLP	ABF-00165	37.0867460	-8.2436370	37.0867456	-8.2436368	0.05	surface
CPS	OLH-00048	37.1260600	-7.7711444	37.1260604	-7.7711446	0.05	surface
HRZ	SBA-00004	37.1522980	-7.8773060	37.1522976	-7.8773062	0.05	surface
HRZ	ENT-00012	39.4591640	-8.4652700	39.4591643	-8.4652696	0.05	surface
HRZ	LRA-00074	39.7657200	-8.7805610	39.7657203	-8.7805614	0.05	surface
GLP	MOBI-LSB-00367	38.7612800	-9.0973940	38.7612796	-9.0973942	0.05	underground
HRZ	LRS-00124	38.8374300	-9.1665860	38.8374296	-9.1665858	0.05	surface
IBD	PTG-00025	39.2413140	-7.3594966	39.2413136	-7.3594964	0.05	surface
KLS	ILH-00012	40.6191640	-8.6670750	40.6191636	-8.6670748	0.05	underground
LOG	VRL-00011	41.7028200	-7.5141030	41.7028196	-7.5141032	0.05	surface
GLP	MTS-00065	41.2104870	-8.6884680	41.2104872	-8.6884675	0.05	underground
GLP	AMD-00055	38.7279300	-9.2155970	38.7279296	-9.2155969	0.05	underground
GLP	MOBI-LSB-00085	38.7572020	-9.1759650	38.7572016	-9.1759651	0.05	underground
HRZ	SNT-00208	38.7826160	-9.3020430	38.7826156	-9.3020431	0.05	surface
HRZ	VIS-00048	40.6516270	-7.8860050	40.6516266	-7.8860051	0.05	surface
GLP	SJM-00050	40.8847960	-8.4893920	40.8847956	-8.4893919	0.05	surface
IBD	AMT-00022	41.3210640	-8.1202170	41.3210644	-8.1202169	0.05	surface
ATL	ARR-80001	39.1229320	-7.2814170	39.1229316	-7.2814170	0.04	surface
GLP	CVR-00008	37.6938970	-8.0890240	37.6938974	-8.0890240	0.04	surface
GLP	LLE-00111	37.0980570	-7.9978530	37.0980570	-7.9978525	0.04	underground
HRZ	VFR-00101	40.9385500	-8.5413380	40.9385501	-8.5413375	0.04	surface
PRI	CSC-00188	38.7240300	-9.4251795	38.7240300	-9.4251790	0.04	surface
PRI	STS-00029	41.3356440	-8.4775440	41.3356439	-8.4775435	0.04	surface
HRZ	BCL-00005	41.5484900	-8.6234030	41.5484899	-8.6234025	0.04	surface
GLP	BGC-00026	41.8106000	-6.7625280	41.8105999	-6.7625275	0.04	surface
HRZ	SXL-00022	38.6071320	-9.0928480	38.6071317	-9.0928483	0.04	surface
GLP	OER-00255	38.7152200	-9.3002260	38.7152197	-9.3002263	0.04	surface
GLP	AMD-00063	38.7277340	-9.2151420	38.7277337	-9.2151417	0.04	surface
GLP	LRS-00080	38.8169440	-9.1483770	38.8169443	-9.1483773	0.04	underground
GLP	SPS-00009	40.7605440	-8.0610360	40.7605437	-8.0610357	0.04	surface
HRZ	PFR-00028	41.2719080	-8.3875080	41.2719080	-8.3875085	0.04	surface
HRZ	PRT-00023	41.1812200	-8.6062700	41.1812203	-8.6062703	0.04	surface
GLP	MTS-00067	41.2105300	-8.6884390	41.2105297	-8.6884387	0.04	underground
REP	MTJ-00021	38.7123600	-8.9660530	38.7123598	-8.9660526	0.04	surface
GLP	OER-00120	38.7147980	-9.2993750	38.7147982	-9.2993746	0.04	surface
GLP	AMD-00057	38.7278500	-9.2154520	38.7278498	-9.2154516	0.04	surface
ATL	BBR-80001	39.2679750	-9.1545560	39.2679748	-9.1545564	0.04	surface
IBD	GDM-00073	41.1686970	-8.5416220	41.1686968	-8.5416216	0.04	surface
GLP	MTS-00066	41.2105300	-8.6884680	41.2105302	-8.6884684	0.04	underground
HRZ	AVV-00004	41.8139400	-8.4184120	41.8139398	-8.4184124	0.04	surface
GLP	LLE-00112	37.0980870	-7.9978950	37.0980873	-7.9978948	0.04	underground
HRZ	SXL-00012	38.6124270	-9.1050205	38.6124267	-9.1050207	0.04	surface
GLP	SNT-00197	38.8442230	-9.3763670	38.8442227	-9.3763668	0.04	surface
CPS	CDN-00016	40.1143200	-8.5034140	40.1143203	-8.5034142	0.04	surface
GLG	GRD-00007	40.5438350	-7.2155980	40.5438347	-7.2155982	0.04	surface
HRZ	PRT-00327	41.1541000	-8.6012390	41.1541003	-8.6012388	0.04	surface
GLP	MAI-00109	41.2603000	-8.6166180	41.2603003	-8.6166182	0.04	surface
KLS	VBP-00008	37.0864700	-8.8282120	37.0864699	-8.8282116	0.04	surface
GLP	SNT-00193	38.7632870	-9.3044780	38.7632871	-9.3044776	0.04	surface
GLP	VVC-00007	38.7854730	-7.4233010	38.7854731	-7.4233006	0.04	surface
GLP	MTS-00059	41.2102280	-8.6884660	41.2102279	-8.6884656	0.04	underground
GLP	MOBI-LSB-00099	38.7571870	-9.1754850	38.7571870	-9.1754854	0.03	underground
GLP	LRS-00088	38.8171200	-9.1483250	38.8171200	-9.1483246	0.03	underground
GLP	SLV-00032	37.1039770	-8.3629720	37.1039767	-8.3629721	0.03	surface
TRK	STC-00012	38.0392040	-8.7325210	38.0392037	-8.7325209	0.03	surface
HRZ	SNT-00209	38.7826350	-9.3019905	38.7826347	-9.3019904	0.03	surface
GLP	LSB-00256	38.7887460	-9.1487930	38.7887457	-9.1487931	0.03	surface
GLP	CCH-00007	38.9606060	-8.5203590	38.9606057	-8.5203589	0.03	surface
HLX	AVS-00003	39.0506600	-7.9090466	39.0506603	-7.9090465	0.03	surface
GLP	TBU-00009	40.3641170	-8.0249010	40.3641173	-8.0249011	0.03	surface
HRZ	PMS-00003	39.5444700	-8.7180890	39.5444700	-8.7180894	0.03	surface
GLP	LSB-00954	38.7713280	-9.1284950	38.7713282	-9.1284947	0.03	underground
GLP	LRS-00078	38.8169000	-9.1483880	38.8169002	-9.1483883	0.03	underground
PRI	BNV-00007	38.9474400	-8.8294820	38.9474398	-8.8294823	0.03	surface
GLP	PNI-00005	39.3570140	-9.3633240	39.3570138	-9.3633237	0.03	underground
HRZ	PRT-00325	41.1541000	-8.6012535	41.1541002	-8.6012532	0.03	surface
HRZ	PRT-00242	41.1709330	-8.5703250	41.1709332	-8.5703247	0.03	surface
GLP	VFR-00034	41.0089450	-8.5862350	41.0089447	-8.5862350	0.03	surface
HRZ	FAR-00060	37.0450600	-7.9671680	37.0450597	-7.9671680	0.03	surface
GLP	ABF-00040	37.0883800	-8.1659040	37.0883801	-8.1659037	0.03	underground
LUZ	TVR-00014	37.1340560	-7.6059020	37.1340561	-7.6059023	0.03	surface
GLP	VRS-00010	37.1926350	-7.4248720	37.1926352	-7.4248722	0.03	surface
GLP	AMD-00076	38.7273940	-9.2141970	38.7273939	-9.2141973	0.03	surface
GLP	LSB-00517	38.7545700	-9.1889930	38.7545701	-9.1889933	0.03	underground
GLP	LRS-00082	38.8169900	-9.1483640	38.8169901	-9.1483643	0.03	underground
GLP	AMD-00069	38.7275200	-9.2145670	38.7275198	-9.2145668	0.03	surface
GLP	MOBI-LSB-00084	38.7572020	-9.1759940	38.7572022	-9.1759938	0.03	underground
HRZ	TMR-00049	39.6073570	-8.4136150	39.6073571	-8.4136153	0.03	surface
HRZ	VFR-00013	40.9884600	-8.5697890	40.9884598	-8.5697892	0.03	surface
HRZ	PRT-00024	41.1811600	-8.6062970	41.1811598	-8.6062968	0.03	surface
GLP	MDL-00014	41.4936070	-7.1817070	41.4936068	-7.1817072	0.03	surface
HRZ	VNG-00126	41.0422300	-8.6322790	41.0422301	-8.6322793	0.03	surface
GLP	VLG-00053	41.1835940	-8.4841070	41.1835939	-8.4841073	0.03	surface
IBD	GMR-00135	41.4318960	-8.3447830	41.4318959	-8.3447827	0.03	surface
IBD	ABF-00064	37.0901950	-8.3236600	37.0901950	-8.3236603	0.03	underground
TRK	OFR-00005	40.7283630	-8.1721690	40.7283630	-8.1721687	0.03	surface
MOT	PRT-00120	41.1541800	-8.6721860	41.1541800	-8.6721857	0.03	surface
GLP	CSC-00412	38.7279780	-9.3359220	38.7279778	-9.3359219	0.02	surface
IBD	SNT-00206	38.7574400	-9.2788960	38.7574402	-9.2788961	0.02	underground
HLX	AVS-00004	39.0507050	-7.9090520	39.0507048	-7.9090519	0.02	surface
HRZ	ACB-00041	39.5454400	-8.9675340	39.5454398	-8.9675339	0.02	surface
HRZ	FND-00027	40.1658500	-7.4958663	40.1658502	-7.4958662	0.02	underground
HRZ	PRT-00022	41.1634000	-8.5844530	41.1634002	-8.5844529	0.02	underground
KLS	VCT-00043	41.7068180	-8.8020840	41.7068178	-8.8020839	0.02	surface
GLG	TVD-00024	39.1583560	-9.2267910	39.1583562	-9.2267910	0.02	surface
GLP	GDL-00052	38.1845400	-8.5681420	38.1845399	-8.5681422	0.02	surface
GLP	AMD-00074	38.7274300	-9.2143030	38.7274299	-9.2143032	0.02	surface
GLP	LSB-00340	38.7710380	-9.1284080	38.7710381	-9.1284082	0.02	underground
KLS	ILH-00014	40.6191980	-8.6671095	40.6191981	-8.6671093	0.02	underground
KLS	CLB-00013	40.6264600	-7.4024770	40.6264599	-7.4024768	0.02	surface
TRK	BRR-00063	38.6591500	-9.0787780	38.6591500	-9.0787778	0.02	surface
GLP	SNT-00196	38.7967100	-9.2288500	38.7967100	-9.2288498	0.02	surface
HLX	GDM-00051	41.1703450	-8.5681200	41.1703450	-8.5681202	0.02	underground
GLP	FAR-00075	37.0286520	-7.9430500	37.0286521	-7.9430501	0.01	surface
HRZ	LLE-00150	37.0735660	-8.0797950	37.0735661	-8.0797949	0.01	surface
GLP	OER-00021	38.7232700	-9.2136420	38.7232699	-9.2136421	0.01	surface
HRZ	ENT-00004	39.4740750	-8.4862310	39.4740751	-8.4862311	0.01	surface
IBD	LMG-00009	41.1019600	-7.7982650	41.1019601	-7.7982649	0.01	surface
GLP	MTS-00068	41.2104870	-8.6884410	41.2104869	-8.6884411	0.01	underground
GLP	VNG-00196	41.0460500	-8.5642150	41.0460499	-8.5642150	0.01	surface
IBD	PVZ-00017	41.3930000	-8.7516390	41.3930001	-8.7516390	0.01	surface
TRK	CMN-00009	41.8125000	-8.8625400	41.8125001	-8.8625400	0.01	surface
HRZ	EVR-00047	38.5593760	-7.8944163	38.5593761	-7.8944163	0.01	surface
MOT	VIS-00107	40.6950700	-7.9108567	40.6950699	-7.9108567	0.01	surface
GLP	VCD-00059	41.3673740	-8.7495430	41.3673739	-8.7495430	0.01	surface
TRK	TMR-00022	39.6049000	-8.4020200	39.6049001	-8.4020200	0.01	surface
HRZ	BRG-00154	41.5573840	-8.4062560	41.5573839	-8.4062560	0.01	underground
GLP	CTB-00060	39.9181000	-7.4705140	39.9181001	-7.4705140	0.01	surface
EDP	ABF-00065	37.0914540	-8.2381500	37.0914540	-8.2381501	0.01	surface
REP	ACH-00008	38.7453200	-8.9307000	38.7453200	-8.9306999	0.01	surface
HRZ	VFX-00144	38.9773830	-8.9844270	38.9773830	-8.9844271	0.01	underground
HRZ	VFX-00143	38.9773900	-8.9844550	38.9773900	-8.9844549	0.01	underground
IBD	LRA-00176	39.7093660	-8.8306150	39.7093660	-8.8306149	0.01	surface
HRZ	ALM-90028	38.6728550	-9.2321580	38.6728550	-9.2321580	0.00	surface
PRI	CLD-00007	39.3960380	-9.1346080	39.3960380	-9.1346080	0.00	surface
GLP	PCV-90001	40.2704960	-8.2848600	40.2704960	-8.2848600	0.00	surface
HRZ	LSB-90079	38.7693140	-9.1594550	38.7693140	-9.1594550	0.00	surface
TRK	TMR-00003	39.6032600	-8.4157380	39.6032600	-8.4157380	0.00	underground
IBD	PRT-00071	41.1629870	-8.5746680	41.1629870	-8.5746680	0.00	surface
GLP	SNT-00029	38.7814980	-9.3530810	38.7814980	-9.3530810	0.00	underground
HRZ	ALB-00004	40.6851500	-8.5211800	40.6851500	-8.5211800	0.00	surface
HRZ	STR-00017	39.2158240	-8.6921290	39.2158240	-8.6921290	0.00	surface
HRZ	VNG-00060	41.1311450	-8.6471660	41.1311450	-8.6471660	0.00	surface
HRZ	VLG-00009	41.1839200	-8.4812530	41.1839200	-8.4812530	0.00	surface
CIR	PRD-00005	41.1890000	-8.3675000	41.1890000	-8.3675000	0.00	surface
HRZ	AVR-00029	40.6446720	-8.6081960	40.6446720	-8.6081960	0.00	surface
HRZ	VVD-00008	41.6129700	-8.4721320	41.6129700	-8.4721320	0.00	surface
EVA	FIG-00043	40.1667670	-8.8605990	40.1667670	-8.8605990	0.00	underground
PLG	GDL-00005	38.0358470	-8.4259660	38.0358470	-8.4259660	0.00	surface
TRK	CSC-00073	38.7010080	-9.3393180	38.7010080	-9.3393180	0.00	surface
MOO	LSB-00409	38.7699800	-9.1801100	38.7699800	-9.1801100	0.00	surface
REP	LSB-00408	38.7405800	-9.1753400	38.7405800	-9.1753400	0.00	surface
HRZ	VGS-00005	40.4753000	-8.6705000	40.4753000	-8.6705000	0.00	surface
IBD	VLG-00013	41.1914800	-8.5048900	41.1914800	-8.5048900	0.00	surface
REP	SNT-00053	38.7821400	-9.3199870	38.7821400	-9.3199870	0.00	surface
GLG	AVR-00031	40.6658360	-8.6094020	40.6658360	-8.6094020	0.00	surface
HRZ	SPS-00003	40.7529800	-8.0699500	40.7529800	-8.0699500	0.00	surface
REP	VLG-00014	41.2052150	-8.5489560	41.2052150	-8.5489560	0.00	surface
REP	GDM-00016	41.1804400	-8.5686500	41.1804400	-8.5686500	0.00	surface
HRZ	FUN-00032	32.6475600	-16.9035020	32.6475600	-16.9035020	0.00	underground
FAC	MCH-00008	32.7219620	-16.8039680	32.7219620	-16.8039680	0.00	surface
REP	VCT-00027	41.7008250	-8.8231440	41.7008250	-8.8231440	0.00	surface
GLP	SMG-00014	39.0225330	-8.7939070	39.0225330	-8.7939070	0.00	surface
HLX	BCL-00019	41.5337260	-8.6213360	41.5337260	-8.6213360	0.00	surface
ATL	PRT-00219	41.1726500	-8.6389260	41.1726500	-8.6389260	0.00	surface
IBD	VFR-00014	40.9814300	-8.5355860	40.9814300	-8.5355860	0.00	underground
HEX	GMR-00057	41.4426770	-8.3026260	41.4426770	-8.3026260	0.00	surface
TRK	TMR-00014	39.6001300	-8.4059900	39.6001300	-8.4059900	0.00	surface
GEN	GMR-00091	41.4255640	-8.2968810	41.4255640	-8.2968810	0.00	surface
GLP	LLE-00121	37.0874100	-8.1158170	37.0874100	-8.1158170	0.00	surface
TRK	BRR-00046	38.6518060	-9.0552170	38.6518060	-9.0552170	0.00	surface
TRK	ETZ-00018	38.8500300	-7.5885600	38.8500300	-7.5885600	0.00	surface
HLX	PTM-00079	37.1208270	-8.5600280	37.1208270	-8.5600280	0.00	surface
TRK	BRR-00089	38.6506920	-9.0564860	38.6506920	-9.0564860	0.00	surface
EDP	MFR-00029	38.9777300	-9.4190150	38.9777300	-9.4190150	0.00	surface
TRK	BRR-00100	38.6569060	-9.0728250	38.6569060	-9.0728250	0.00	surface
IBD	SNT-00123	38.7922630	-9.3275650	38.7922630	-9.3275650	0.00	surface
ATL	AVR-00049	40.6410300	-8.6527380	40.6410300	-8.6527380	0.00	underground
EDP	FAL-00002	38.0891570	-8.0808510	38.0891570	-8.0808510	0.00	surface
REP	CHV-00019	41.7397500	-7.4760450	41.7397500	-7.4760450	0.00	surface
FCT	MCH-00010	32.7149160	-16.7670880	32.7149160	-16.7670880	0.00	surface
GLP	VFX-00052	38.8893000	-9.0466160	38.8893000	-9.0466160	0.00	surface
CPS	GDM-00045	41.1657030	-8.5440650	41.1657030	-8.5440650	0.00	surface
HLX	STB-00078	38.5375300	-8.8763420	38.5375300	-8.8763420	0.00	underground
EDP	ORM-00019	39.6571900	-8.5850100	39.6571900	-8.5850100	0.00	surface
VEI	EPS-00005	41.5995060	-8.7851550	41.5995060	-8.7851550	0.00	surface
TRK	BJA-00037	38.0145200	-7.8632800	38.0145200	-7.8632800	0.00	surface
TRK	BJA-00033	38.0174000	-7.8683000	38.0174000	-7.8683000	0.00	surface
GLP	ALB-00012	40.6865400	-8.4720740	40.6865400	-8.4720740	0.00	surface
TRK	BJA-00043	38.0135300	-7.8604360	38.0135300	-7.8604360	0.00	surface
GLP	EPS-00024	41.6153100	-8.7407810	41.6153100	-8.7407810	0.00	surface
ALF	FLG-00022	41.3362600	-8.1135130	41.3362600	-8.1135130	0.00	surface
MOT	CBA-00002	38.1706300	-7.8939700	38.1706300	-7.8939700	0.00	surface
PRI	VLF-00005	41.0694270	-7.1549500	41.0694270	-7.1549500	0.00	surface
SEG	CHT-00002	38.6008800	-28.0110450	38.6008800	-28.0110450	0.00	surface
GLP	SNT-00205	38.7798100	-9.3483200	38.7798100	-9.3483200	0.00	surface
GLP	VFX-00059	38.9058040	-9.0437900	38.9058040	-9.0437900	0.00	surface
ATL	TVD-00044	39.1083000	-9.3666800	39.1083000	-9.3666800	0.00	surface
FRI	GMR-00131	41.4552760	-8.2754640	41.4552760	-8.2754640	0.00	surface
EDP	BMT-00003	40.3567770	-7.3533720	40.3567770	-7.3533720	0.00	underground
GLP	CDN-00009	40.1098630	-8.5082400	40.1098630	-8.5082400	0.00	surface
EDP	GMR-00130	41.4425240	-8.2506600	41.4425240	-8.2506600	0.00	surface
GLP	EPS-00030	41.5126100	-8.7699700	41.5126100	-8.7699700	0.00	surface
TRK	BJA-00049	37.9245600	-7.7936420	37.9245600	-7.7936420	0.00	surface
TRK	AVT-00002	38.2596900	-7.9933170	38.2596900	-7.9933170	0.00	surface
GLP	PNF-00028	41.2020260	-8.2891910	41.2020260	-8.2891910	0.00	surface
TRK	MTJ-00053	38.7074740	-8.9811360	38.7074740	-8.9811360	0.00	surface
FCT	CDV-00002	39.2815500	-9.0589860	39.2815500	-9.0589860	0.00	surface
EDP	RGR-00010	37.8192000	-25.5326000	37.8192000	-25.5326000	0.00	surface
TRK	SJM-00026	40.8970220	-8.4942780	40.8970220	-8.4942780	0.00	surface
TRK	SJM-00027	40.8989070	-8.5004290	40.8989070	-8.5004290	0.00	surface
TRK	SJM-00044	40.8966600	-8.4986090	40.8966600	-8.4986090	0.00	surface
TRK	SJM-00036	40.9009440	-8.4927680	40.9009440	-8.4927680	0.00	surface
GLP	EPS-00036	41.5881350	-8.7828550	41.5881350	-8.7828550	0.00	surface
MOT	VFX-00090	38.8750500	-9.0738440	38.8750500	-9.0738440	0.00	surface
TRK	CSC-00223	38.7105940	-9.4142410	38.7105940	-9.4142410	0.00	surface
GLP	VFX-00094	38.8623960	-9.0523780	38.8623960	-9.0523780	0.00	surface
GLP	MOBI-LSB-01096	38.7060660	-9.1581850	38.7060660	-9.1581850	0.00	surface
TRK	CSC-00232	38.6918100	-9.3546400	38.6918100	-9.3546400	0.00	surface
TRK	CSC-00230	38.7160700	-9.4049180	38.7160700	-9.4049180	0.00	surface
PRI	CTB-00049	39.9153400	-7.4716015	39.9153400	-7.4716015	0.00	surface
TRK	CBC-00012	41.5142800	-7.9888053	41.5142800	-7.9888053	0.00	surface
TRK	CBC-00013	41.5129400	-7.9938474	41.5129400	-7.9938474	0.00	surface
TRK	CSC-00241	38.7287600	-9.3738750	38.7287600	-9.3738750	0.00	surface
TRK	CSC-00240	38.7084240	-9.3560590	38.7084240	-9.3560590	0.00	surface
TRK	CSC-00236	38.6849600	-9.3467510	38.6849600	-9.3467510	0.00	surface
TRK	CSC-00247	38.6974900	-9.3665480	38.6974900	-9.3665480	0.00	surface
TRK	CSC-00248	38.7127200	-9.3623190	38.7127200	-9.3623190	0.00	surface
TRK	CSC-00249	38.6964070	-9.3446000	38.6964070	-9.3446000	0.00	surface
TRK	CSC-00253	38.7137030	-9.4155860	38.7137030	-9.4155860	0.00	surface
TRK	CSC-00256	38.7128200	-9.4135860	38.7128200	-9.4135860	0.00	surface
TRK	CSC-00255	38.7121280	-9.3303600	38.7121280	-9.3303600	0.00	surface
TRK	CSC-00254	38.7149300	-9.3249450	38.7149300	-9.3249450	0.00	surface
SEG	HRT-00004	38.5305600	-28.6284770	38.5305600	-28.6284770	0.00	surface
TRK	CSC-00257	38.7037620	-9.3442000	38.7037620	-9.3442000	0.00	surface
TRK	CSC-00260	38.7292180	-9.4097450	38.7292180	-9.4097450	0.00	surface
EDP	AND-00017	40.4293560	-8.4379120	40.4293560	-8.4379120	0.00	surface
ECI	MLD-00032	40.3626480	-8.4657180	40.3626480	-8.4657180	0.00	surface
EDP	MTS-00181	41.1862950	-8.6318430	41.1862950	-8.6318430	0.00	surface
TRK	STS-00036	41.3309630	-8.4951150	41.3309630	-8.4951150	0.00	surface
TRK	STS-00039	41.3580000	-8.3657230	41.3580000	-8.3657230	0.00	surface
GLP	PTL-00020	41.7528080	-8.5810970	41.7528080	-8.5810970	0.00	surface
GLP	OBR-00016	40.5078350	-8.4832950	40.5078350	-8.4832950	0.00	surface
ALF	AND-00021	40.4413000	-8.4136000	40.4413000	-8.4136000	0.00	surface
TRK	CSC-00271	38.6950230	-9.3495680	38.6950230	-9.3495680	0.00	surface
TRK	CSC-00269	38.6933940	-9.3344870	38.6933940	-9.3344870	0.00	surface
TRK	CSC-00266	38.6987650	-9.4445320	38.6987650	-9.4445320	0.00	surface
TRK	CSC-00265	38.6927070	-9.3506380	38.6927070	-9.3506380	0.00	surface
TRK	CSC-00264	38.7034000	-9.4274570	38.7034000	-9.4274570	0.00	surface
TRK	STS-00044	41.2589600	-8.4844450	41.2589600	-8.4844450	0.00	surface
GLP	ALQ-00027	39.0233540	-8.9772100	39.0233540	-8.9772100	0.00	surface
TRK	CSC-00277	38.7466200	-9.3875180	38.7466200	-9.3875180	0.00	surface
TRK	CSC-00276	38.6959570	-9.3630990	38.6959570	-9.3630990	0.00	surface
TRK	CSC-00275	38.7325940	-9.3881620	38.7325940	-9.3881620	0.00	surface
TRK	CSC-00274	38.7039100	-9.4321640	38.7039100	-9.4321640	0.00	surface
TRK	CSC-00273	38.7046660	-9.4377950	38.7046660	-9.4377950	0.00	surface
TRK	CSC-00272	38.7122230	-9.4215330	38.7122230	-9.4215330	0.00	surface
EDP	AND-00027	40.4203640	-8.5211870	40.4203640	-8.5211870	0.00	surface
LOG	VVR-00006	39.6574300	-7.6764400	39.6574300	-7.6764400	0.00	surface
EDP	MTA-00020	38.6472930	-8.9844400	38.6472930	-8.9844400	0.00	surface
HRZ	FIG-00036	40.0848240	-8.8246480	40.0848240	-8.8246480	0.00	surface
HLX	OAZ-00020	40.8756200	-8.5091190	40.8756200	-8.5091190	0.00	surface
TRK	CSC-00284	38.7166860	-9.4224280	38.7166860	-9.4224280	0.00	surface
TRK	CSC-00287	38.7036250	-9.3915480	38.7036250	-9.3915480	0.00	surface
TRK	CSC-00290	38.6946560	-9.4320410	38.6946560	-9.4320410	0.00	surface
TRK	CSC-00292	38.7056960	-9.3969970	38.7056960	-9.3969970	0.00	surface
TRK	CSC-00297	38.7276800	-9.3252470	38.7276800	-9.3252470	0.00	surface
EDP	PDL-00017	37.7363320	-25.6744170	37.7363320	-25.6744170	0.00	surface
TRK	BJA-00040	38.0066100	-7.8623910	38.0066100	-7.8623910	0.00	surface
TRK	CSC-00300	38.7062640	-9.3619150	38.7062640	-9.3619150	0.00	surface
TRK	CSC-00352	38.6888050	-9.3380270	38.6888050	-9.3380270	0.00	surface
TRK	CSC-00349	38.7008100	-9.3835060	38.7008100	-9.3835060	0.00	surface
TRK	CSC-00328	38.6900860	-9.3460360	38.6900860	-9.3460360	0.00	surface
TRK	CSC-00327	38.6813350	-9.3296020	38.6813350	-9.3296020	0.00	surface
TRK	CSC-00326	38.7057650	-9.3348440	38.7057650	-9.3348440	0.00	surface
TRK	CSC-00305	38.7061770	-9.4448150	38.7061770	-9.4448150	0.00	surface
TRK	CSC-00304	38.6884080	-9.3457600	38.6884080	-9.3457600	0.00	surface
TRK	CSC-00303	38.7078630	-9.4226300	38.7078630	-9.4226300	0.00	surface
TRK	CSC-00381	38.7040060	-9.3632380	38.7040060	-9.3632380	0.00	surface
TRK	CSC-00375	38.6902540	-9.3600610	38.6902540	-9.3600610	0.00	surface
TRK	CSC-00365	38.6933940	-9.3469660	38.6933940	-9.3469660	0.00	surface
TRK	CSC-00362	38.7140660	-9.3240170	38.7140660	-9.3240170	0.00	surface
TRK	CSC-00359	38.7008600	-9.4334140	38.7008600	-9.4334140	0.00	surface
TRK	CSC-00358	38.6981240	-9.3616900	38.6981240	-9.3616900	0.00	surface
EDP	CNF-00004	41.0746300	-8.0954530	41.0746300	-8.0954530	0.00	surface
TRK	CSC-00398	38.7051050	-9.3288330	38.7051050	-9.3288330	0.00	surface
TRK	CSC-00399	38.7014270	-9.3210060	38.7014270	-9.3210060	0.00	surface
TRK	CSC-00396	38.6848200	-9.3249540	38.6848200	-9.3249540	0.00	surface
DTE	ILH-00030	40.6146130	-8.7378250	40.6146130	-8.7378250	0.00	surface
TRK	MTJ-00055	38.7042240	-8.9243590	38.7042240	-8.9243590	0.00	surface
DTE	CVL-00034	40.2753600	-7.4992220	40.2753600	-7.4992220	0.00	surface
DTE	ILH-00027	40.6007400	-8.6679140	40.6007400	-8.6679140	0.00	surface
DTE	ILH-00024	40.6049600	-8.7159140	40.6049600	-8.7159140	0.00	surface
GLP	OBR-00010	40.5555840	-8.5553860	40.5555840	-8.5553860	0.00	surface
DTE	CVL-00045	40.1765370	-7.6970700	40.1765370	-7.6970700	0.00	surface
DTE	CVL-00046	40.1670950	-7.7833930	40.1670950	-7.7833930	0.00	surface
TRK	CSC-00333	38.7007750	-9.4449830	38.7007750	-9.4449830	0.00	surface
TRK	CSC-00316	38.7091870	-9.3509310	38.7091870	-9.3509310	0.00	surface
TRK	BJA-00060	38.0188000	-7.8671960	38.0188000	-7.8671960	0.00	surface
DTE	CVL-00043	40.1914830	-7.5884980	40.1914830	-7.5884980	0.00	surface
TRK	CSC-00204	38.6960260	-9.3534060	38.6960260	-9.3534060	0.00	surface
TRK	CBC-00015	41.5121040	-7.9910693	41.5121040	-7.9910693	0.00	surface
TRK	CSC-00317	38.7187100	-9.4345790	38.7187100	-9.4345790	0.00	surface
EDP	CBR-00129	40.2145800	-8.4363130	40.2145800	-8.4363130	0.00	underground
TRK	CSC-00207	38.7007900	-9.3266040	38.7007900	-9.3266040	0.00	surface
TRK	CSC-00208	38.6998200	-9.3228510	38.6998200	-9.3228510	0.00	surface
TRK	CSC-00392	38.6930730	-9.3355640	38.6930730	-9.3355640	0.00	surface
TRK	CSC-00237	38.7111850	-9.3261900	38.7111850	-9.3261900	0.00	surface
TRK	CSC-00209	38.6993060	-9.3376060	38.6993060	-9.3376060	0.00	surface
TRK	CSC-00313	38.7097130	-9.3391740	38.7097130	-9.3391740	0.00	surface
TRK	CSC-00243	38.7064170	-9.3460660	38.7064170	-9.3460660	0.00	surface
TRK	CSC-00322	38.7110200	-9.3646640	38.7110200	-9.3646640	0.00	surface
GLP	TBR-00010	41.7271350	-8.1625640	41.7271350	-8.1625640	0.00	surface
EDP	TBU-00010	40.3634700	-8.0228890	40.3634700	-8.0228890	0.00	surface
GLP	CBR-00130	40.2127380	-8.4069710	40.2127380	-8.4069710	0.00	surface
SEG	HRT-00007	38.5330500	-28.6279260	38.5330500	-28.6279260	0.00	surface
ECI	AND-00030	40.4314420	-8.4366430	40.4314420	-8.4366430	0.00	surface
TRK	CSC-00321	38.7065900	-9.4035270	38.7065900	-9.4035270	0.00	surface
TRK	CSC-00360	38.6895450	-9.3479020	38.6895450	-9.3479020	0.00	surface
TRK	CSC-00356	38.7113840	-9.4090470	38.7113840	-9.4090470	0.00	surface
TRK	CSC-00335	38.7334370	-9.4498640	38.7334370	-9.4498640	0.00	surface
TRK	CSC-00334	38.7035940	-9.4326800	38.7035940	-9.4326800	0.00	surface
TRK	CSC-00379	38.7076380	-9.3513480	38.7076380	-9.3513480	0.00	surface
TRK	CSC-00377	38.7013500	-9.3853120	38.7013500	-9.3853120	0.00	surface
TRK	CSC-00372	38.7136100	-9.4052100	38.7136100	-9.4052100	0.00	surface
TRK	CSC-00368	38.7053340	-9.4404090	38.7053340	-9.4404090	0.00	surface
TRK	CSC-00393	38.7057900	-9.4332810	38.7057900	-9.4332810	0.00	surface
TRK	CSC-00388	38.7027660	-9.3618840	38.7027660	-9.3618840	0.00	surface
TRK	CSC-00386	38.6969150	-9.3505900	38.6969150	-9.3505900	0.00	surface
TRK	CSC-00385	38.7085270	-9.4038410	38.7085270	-9.4038410	0.00	surface
TRK	MTJ-00098	38.7097320	-8.9717130	38.7097320	-8.9717130	0.00	surface
TRK	MTJ-00114	38.7039030	-8.9281510	38.7039030	-8.9281510	0.00	surface
TRK	MTJ-00113	38.6989940	-8.9489050	38.6989940	-8.9489050	0.00	surface
DTE	ILH-00019	40.6355820	-8.7124720	40.6355820	-8.7124720	0.00	surface
EDP	GRD-00054	40.5344470	-7.2712280	40.5344470	-7.2712280	0.00	surface
SEG	RGR-00013	37.8129270	-25.5352080	37.8129270	-25.5352080	0.00	surface
SEG	RGR-00014	37.8245300	-25.5146470	37.8245300	-25.5146470	0.00	surface
GLP	ALQ-00029	39.0506670	-9.0065270	39.0506670	-9.0065270	0.00	surface
TRK	CSC-00402	38.7407530	-9.3135330	38.7407530	-9.3135330	0.00	surface
TRK	CSC-00401	38.6993260	-9.3216220	38.6993260	-9.3216220	0.00	surface
TRK	CSC-00390	38.7300000	-9.3250700	38.7300000	-9.3250700	0.00	surface
TRK	CSC-00383	38.6990470	-9.4426680	38.6990470	-9.4426680	0.00	surface
TRK	CSC-00318	38.7133260	-9.3315650	38.7133260	-9.3315650	0.00	surface
TRK	CSC-00314	38.7174760	-9.4167020	38.7174760	-9.4167020	0.00	surface
EDP	SNT-00115	38.7655300	-9.2974550	38.7655300	-9.2974550	0.00	underground
TRK	CSC-00347	38.7156830	-9.3292770	38.7156830	-9.3292770	0.00	surface
TRK	CSC-00344	38.7146800	-9.4092200	38.7146800	-9.4092200	0.00	surface
TRK	CSC-00332	38.6975980	-9.4428520	38.6975980	-9.4428520	0.00	surface
TRK	CSC-00374	38.7093280	-9.3402930	38.7093280	-9.3402930	0.00	surface
TRK	CSC-00373	38.7108350	-9.3283730	38.7108350	-9.3283730	0.00	surface
TRK	CSC-00371	38.7360300	-9.4023560	38.7360300	-9.4023560	0.00	surface
TRK	CSC-00395	38.6969260	-9.3300790	38.6969260	-9.3300790	0.00	surface
TRK	CSC-00391	38.7021520	-9.3258370	38.7021520	-9.3258370	0.00	surface
EZC	CTB-00051	40.0380800	-7.5634356	40.0380800	-7.5634356	0.00	surface
GLP	OVR-00061	40.8352300	-8.5796400	40.8352300	-8.5796400	0.00	surface
GLP	OVR-00060	40.8562970	-8.6170190	40.8562970	-8.6170190	0.00	surface
GLP	OVR-00057	40.8703730	-8.6226710	40.8703730	-8.6226710	0.00	surface
GLP	OVR-00052	40.9568200	-8.6434000	40.9568200	-8.6434000	0.00	surface
GLP	OVR-00051	40.9566960	-8.6550090	40.9566960	-8.6550090	0.00	surface
GLP	OVR-00049	40.8673800	-8.5378800	40.8673800	-8.5378800	0.00	surface
GLP	OVR-00048	40.8984000	-8.6171020	40.8984000	-8.6171020	0.00	surface
GLP	OVR-00046	40.8574450	-8.6198700	40.8574450	-8.6198700	0.00	surface
GLP	OVR-00041	40.8592400	-8.6218040	40.8592400	-8.6218040	0.00	surface
TRK	CSC-00324	38.7221570	-9.3473760	38.7221570	-9.3473760	0.00	surface
TRK	CSC-00312	38.7113340	-9.3366000	38.7113340	-9.3366000	0.00	surface
TRK	CSC-00439	38.6782340	-9.3309370	38.6782340	-9.3309370	0.00	surface
TRK	CSC-00473	38.6861000	-9.3456580	38.6861000	-9.3456580	0.00	surface
TRK	CSC-00465	38.7392350	-9.3608270	38.7392350	-9.3608270	0.00	surface
TRK	CSC-00445	38.7355400	-9.3682780	38.7355400	-9.3682780	0.00	surface
TRK	CSC-00507	38.7296400	-9.4104280	38.7296400	-9.4104280	0.00	surface
EDP	LMG-00018	41.1077600	-7.8067600	41.1077600	-7.8067600	0.00	surface
GLP	VFX-00124	38.8638200	-9.0769790	38.8638200	-9.0769790	0.00	surface
EDP	MOBI-BRG-00047	41.5632170	-8.4296870	41.5632170	-8.4296870	0.00	underground
TRK	CSC-00501	38.6867030	-9.3271960	38.6867030	-9.3271960	0.00	surface
TRK	CSC-00488	38.7021060	-9.4375140	38.7021060	-9.4375140	0.00	surface
TRK	CSC-00485	38.7332270	-9.4517190	38.7332270	-9.4517190	0.00	surface
TRK	CSC-00480	38.7204300	-9.3506700	38.7204300	-9.3506700	0.00	surface
TRK	CSC-00434	38.7134440	-9.4177500	38.7134440	-9.4177500	0.00	surface
TRK	CSC-00400	38.7001000	-9.3218960	38.7001000	-9.3218960	0.00	surface
TRK	CSC-00370	38.7331470	-9.4061810	38.7331470	-9.4061810	0.00	surface
TRK	CSC-00366	38.7024570	-9.4405960	38.7024570	-9.4405960	0.00	surface
TRK	CSC-00348	38.6962470	-9.3650055	38.6962470	-9.3650055	0.00	surface
LCG	LLE-00189	37.0688800	-8.0935310	37.0688800	-8.0935310	0.00	surface
EML	LSB-01022	38.7329060	-9.1428460	38.7329060	-9.1428460	0.00	surface
MOT	VLC-00017	40.8285680	-8.3976230	40.8285680	-8.3976230	0.00	surface
GLP	VFX-00104	38.8615200	-9.0624290	38.8615200	-9.0624290	0.00	surface
TRK	CSC-00384	38.7166500	-9.4148580	38.7166500	-9.4148580	0.00	surface
TRK	CSC-00353	38.6997900	-9.3803890	38.6997900	-9.3803890	0.00	surface
TRK	CSC-00307	38.6860580	-9.3483960	38.6860580	-9.3483960	0.00	surface
TRK	CSC-00471	38.7113760	-9.4161610	38.7113760	-9.4161610	0.00	surface
TRK	CSC-00448	38.6981700	-9.3298010	38.6981700	-9.3298010	0.00	surface
TRK	CSC-00443	38.7013660	-9.3350970	38.7013660	-9.3350970	0.00	surface
TRK	CSC-00506	38.6860000	-9.3521940	38.6860000	-9.3521940	0.00	surface
TRK	CSC-00494	38.7057880	-9.3858720	38.7057880	-9.3858720	0.00	surface
TRK	CSC-00476	38.7394800	-9.3880650	38.7394800	-9.3880650	0.00	surface
TRK	SJM-00034	40.8963300	-8.4949670	40.8963300	-8.4949670	0.00	surface
EML	LSB-01032	38.7026500	-9.2023140	38.7026500	-9.2023140	0.00	surface
IBD	MTS-00189	41.1922400	-8.6363340	41.1922400	-8.6363340	0.00	underground
DTE	CVL-00039	40.3092650	-7.4932130	40.3092650	-7.4932130	0.00	surface
TRK	CSC-00478	38.7052760	-9.3534360	38.7052760	-9.3534360	0.00	surface
TRK	CSC-00453	38.6975940	-9.3725930	38.6975940	-9.3725930	0.00	surface
TRK	CSC-00437	38.7052570	-9.3867600	38.7052570	-9.3867600	0.00	surface
TRK	CSC-00433	38.7066000	-9.4298140	38.7066000	-9.4298140	0.00	surface
TRK	CSC-00408	38.7466500	-9.3900110	38.7466500	-9.3900110	0.00	surface
TRK	CSC-00403	38.7210270	-9.3465140	38.7210270	-9.3465140	0.00	surface
TRK	CSC-00428	38.7235760	-9.4111970	38.7235760	-9.4111970	0.00	surface
TRK	CSC-00351	38.7069850	-9.3515280	38.7069850	-9.3515280	0.00	surface
TRK	CSC-00461	38.7084050	-9.3772970	38.7084050	-9.3772970	0.00	surface
TRK	CSC-00459	38.7006030	-9.3809050	38.7006030	-9.3809050	0.00	surface
TRK	CSC-00449	38.7072000	-9.3881050	38.7072000	-9.3881050	0.00	surface
TRK	CSC-00458	38.7043230	-9.3793280	38.7043230	-9.3793280	0.00	surface
TRK	CSC-00456	38.7323200	-9.4083170	38.7323200	-9.4083170	0.00	surface
TRK	CSC-00455	38.7031630	-9.3249720	38.7031630	-9.3249720	0.00	surface
TRK	CSC-00474	38.7266120	-9.3292970	38.7266120	-9.3292970	0.00	surface
TRK	CSC-00450	38.6891900	-9.3431560	38.6891900	-9.3431560	0.00	surface
TRK	CSC-00470	38.6898960	-9.3510370	38.6898960	-9.3510370	0.00	surface
TRK	CSC-00466	38.7171060	-9.4323090	38.7171060	-9.4323090	0.00	surface
TRK	CSC-00496	38.7133750	-9.3369810	38.7133750	-9.3369810	0.00	surface
TRK	CSC-00495	38.7062340	-9.4246120	38.7062340	-9.4246120	0.00	surface
EML	LSB-01023	38.6997950	-9.1840590	38.6997950	-9.1840590	0.00	surface
IBD	PLM-00070	38.5787730	-8.8965810	38.5787730	-8.8965810	0.00	surface
TRK	CSC-00483	38.7037470	-9.3237840	38.7037470	-9.3237840	0.00	surface
TRK	CSC-00479	38.6949650	-9.3352200	38.6949650	-9.3352200	0.00	surface
TRK	CSC-00430	38.6998980	-9.3398120	38.6998980	-9.3398120	0.00	surface
TRK	CSC-00406	38.7350300	-9.3912890	38.7350300	-9.3912890	0.00	surface
TRK	CSC-00361	38.6842730	-9.3277740	38.6842730	-9.3277740	0.00	surface
TRK	CSC-00508	38.7014850	-9.3752840	38.7014850	-9.3752840	0.00	surface
EDP	ABF-00123	37.0852740	-8.3164110	37.0852740	-8.3164110	0.00	surface
MOT	GMR-00156	41.4479140	-8.3636880	41.4479140	-8.3636880	0.00	surface
MOT	TVD-00062	39.0900900	-9.3214210	39.0900900	-9.3214210	0.00	surface
DTE	FND-00032	40.1398470	-7.5035650	40.1398470	-7.5035650	0.00	surface
VEI	RDD-00004	38.6437230	-7.5522310	38.6437230	-7.5522310	0.00	surface
DTE	FND-00031	40.1347700	-7.5027820	40.1347700	-7.5027820	0.00	surface
EDP	LSB-01059	38.7514000	-9.1984020	38.7514000	-9.1984020	0.00	surface
EDP	LSB-01052	38.7540300	-9.1991920	38.7540300	-9.1991920	0.00	surface
EDP	LSB-01068	38.7513500	-9.2012730	38.7513500	-9.2012730	0.00	surface
GLP	LLE-00249	37.0907200	-8.1299170	37.0907200	-8.1299170	0.00	surface
HLX	LRA-00177	39.7745860	-8.7801230	39.7745860	-8.7801230	0.00	surface
EDP	ABF-00167	37.0954800	-8.2314240	37.0954800	-8.2314240	0.00	surface
EDP	ABF-00161	37.0913100	-8.2220270	37.0913100	-8.2220270	0.00	surface
EDP	ABF-00156	37.1758840	-8.2033020	37.1758840	-8.2033020	0.00	surface
EDP	ABF-00147	37.0919100	-8.2426930	37.0919100	-8.2426930	0.00	surface
EDP	ABF-00139	37.0952100	-8.2468700	37.0952100	-8.2468700	0.00	surface
EDP	ABF-00138	37.0955500	-8.2401270	37.0955500	-8.2401270	0.00	surface
ATL	ORM-00038	39.6567800	-8.5742700	39.6567800	-8.5742700	0.00	surface
TRK	CSC-00369	38.6987900	-9.4276480	38.6987900	-9.4276480	0.00	surface
EDP	LSB-01034	38.7456630	-9.1906090	38.7456630	-9.1906090	0.00	surface
EDP	LSB-01065	38.7525800	-9.1961000	38.7525800	-9.1961000	0.00	surface
EDP	LSB-01063	38.7539630	-9.1979250	38.7539630	-9.1979250	0.00	surface
EDP	LSB-01043	38.7542760	-9.2074440	38.7542760	-9.2074440	0.00	surface
EDP	LSB-01042	38.7435530	-9.2021520	38.7435530	-9.2021520	0.00	surface
TRK	CSC-00477	38.6991770	-9.3819660	38.6991770	-9.3819660	0.00	surface
REM	FLG-00030	41.3616300	-8.1943040	41.3616300	-8.1943040	0.00	surface
DTE	TMC-00006	41.1739460	-7.0503290	41.1739460	-7.0503290	0.00	surface
REP	VFX-00137	38.9425850	-8.9454060	38.9425850	-8.9454060	0.00	surface
REP	CSC-00517	38.7143820	-9.3899230	38.7143820	-9.3899230	0.00	surface
TRK	OLH-00029	37.0249900	-7.8502700	37.0249900	-7.8502700	0.00	surface
TRK	CSC-00482	38.7064740	-9.3733510	38.7064740	-9.3733510	0.00	surface
TRK	CSC-00429	38.6995770	-9.3446370	38.6995770	-9.3446370	0.00	surface
EDP	LSB-00989	38.7546400	-9.2053890	38.7546400	-9.2053890	0.00	surface
GLP	VFX-00138	38.9038850	-9.0344030	38.9038850	-9.0344030	0.00	surface
GLP	VFX-00129	38.9558800	-8.9916390	38.9558800	-8.9916390	0.00	surface
EDP	ABF-00160	37.0933000	-8.2486420	37.0933000	-8.2486420	0.00	surface
EDP	ABF-00145	37.0785680	-8.3101040	37.0785680	-8.3101040	0.00	surface
EDP	ABF-00131	37.0902940	-8.3272590	37.0902940	-8.3272590	0.00	surface
EDP	ABF-00128	37.0978400	-8.2392460	37.0978400	-8.2392460	0.00	surface
PRI	BRG-00148	41.5569880	-8.4405530	41.5569880	-8.4405530	0.00	surface
TRK	CSC-00497	38.6951400	-9.3393680	38.6951400	-9.3393680	0.00	surface
REM	PTL-00033	41.7558000	-8.5852140	41.7558000	-8.5852140	0.00	surface
TRK	CSC-00440	38.7010770	-9.4383110	38.7010770	-9.4383110	0.00	surface
EDP	LSB-00988	38.7501000	-9.1905330	38.7501000	-9.1905330	0.00	surface
TRK	MTA-00091	38.6510540	-8.9897340	38.6510540	-8.9897340	0.00	surface
TRK	MTA-00062	38.6559000	-8.9880230	38.6559000	-8.9880230	0.00	surface
TRK	MTA-00061	38.6495740	-8.9923230	38.6495740	-8.9923230	0.00	surface
TRK	MTA-00056	38.6519620	-8.9863740	38.6519620	-8.9863740	0.00	surface
TRK	MTA-00036	38.6408350	-9.0047250	38.6408350	-9.0047250	0.00	surface
TRK	MTA-00034	38.6487400	-9.0262940	38.6487400	-9.0262940	0.00	surface
TRK	OLH-00051	37.0429000	-7.8343000	37.0429000	-7.8343000	0.00	surface
TRK	OLH-00049	37.0281100	-7.8458800	37.0281100	-7.8458800	0.00	surface
MOT	TVD-00070	39.0818800	-9.2594760	39.0818800	-9.2594760	0.00	surface
EDP	VCD-00081	41.2933650	-8.7340900	41.2933650	-8.7340900	0.00	surface
EDP	VCD-00080	41.3450780	-8.7360250	41.3450780	-8.7360250	0.00	surface
EDP	ABF-00152	37.0940740	-8.2305350	37.0940740	-8.2305350	0.00	surface
EDP	ABF-00143	37.0865170	-8.2444310	37.0865170	-8.2444310	0.00	surface
TRK	PRG-00010	41.1596100	-7.7868610	41.1596100	-7.7868610	0.00	surface
TRK	MTA-00055	38.6534100	-8.9906270	38.6534100	-8.9906270	0.00	surface
TRK	MTA-00060	38.6569400	-8.9944790	38.6569400	-8.9944790	0.00	surface
TRK	MTA-00053	38.6579740	-8.9915020	38.6579740	-8.9915020	0.00	surface
DTE	VVC-00008	38.7459870	-7.4501380	38.7459870	-7.4501380	0.00	surface
TRK	MTA-00049	38.6656400	-9.0455620	38.6656400	-9.0455620	0.00	surface
TRK	MTA-00035	38.6517400	-9.0274850	38.6517400	-9.0274850	0.00	surface
TRK	MTA-00028	38.6772460	-9.0102680	38.6772460	-9.0102680	0.00	surface
TRK	MTA-00071	38.6651900	-9.0451780	38.6651900	-9.0451780	0.00	surface
TRK	MTA-00066	38.6476820	-8.9868080	38.6476820	-8.9868080	0.00	surface
GLP	AGD-00038	40.5724140	-8.4405480	40.5724140	-8.4405480	0.00	surface
EML	LSB-01180	38.7218860	-9.1403000	38.7218860	-9.1403000	0.00	surface
EDP	STR-00073	39.2354000	-8.6812710	39.2354000	-8.6812710	0.00	surface
GLP	SAT-00005	40.7461470	-7.7318350	40.7461470	-7.7318350	0.00	surface
REM	AMT-00043	41.3347660	-8.1525135	41.3347660	-8.1525135	0.00	surface
TRK	PRG-00014	41.1659430	-7.7830000	41.1659430	-7.7830000	0.00	surface
TRK	CSC-00484	38.7379200	-9.3108940	38.7379200	-9.3108940	0.00	surface
TRK	CSC-00460	38.7406120	-9.3142400	38.7406120	-9.3142400	0.00	surface
TRK	ETZ-00031	38.8353420	-7.5121020	38.8353420	-7.5121020	0.00	surface
GLP	VFR-00100	40.9938280	-8.5728150	40.9938280	-8.5728150	0.00	surface
EDP	VCD-00079	41.4005930	-8.6826910	41.4005930	-8.6826910	0.00	surface
GLP	PNI-00021	39.3623000	-9.3912220	39.3623000	-9.3912220	0.00	surface
TRK	CSC-00431	38.7011260	-9.4143400	38.7011260	-9.4143400	0.00	surface
DTE	CVL-00056	40.2104200	-7.7393060	40.2104200	-7.7393060	0.00	surface
TRK	PRG-00009	41.1640800	-7.7899720	41.1640800	-7.7899720	0.00	surface
TRK	MTA-00083	38.6549380	-9.0447530	38.6549380	-9.0447530	0.00	surface
TRK	MTA-00067	38.6465640	-8.9895620	38.6465640	-8.9895620	0.00	surface
EDP	ABF-00144	37.0811460	-8.3147920	37.0811460	-8.3147920	0.00	surface
TRK	MTA-00086	38.6523200	-9.0465180	38.6523200	-9.0465180	0.00	surface
TRK	MTA-00076	38.6608960	-9.0449740	38.6608960	-9.0449740	0.00	surface
HLX	LGA-00046	37.1156650	-8.4226580	37.1156650	-8.4226580	0.00	surface
GLP	ALB-00032	40.7052900	-8.4833130	40.7052900	-8.4833130	0.00	surface
FCT	NLS-00011	40.5386160	-7.8566240	40.5386160	-7.8566240	0.00	surface
IBD	VIS-00132	40.6710200	-7.8892670	40.6710200	-7.8892670	0.00	surface
EDP	PLM-00055	38.5665900	-8.9004030	38.5665900	-8.9004030	0.00	surface
GLP	BRG-00161	41.5597400	-8.3978510	41.5597400	-8.3978510	0.00	underground
MOO	CTB-00073	39.8238330	-7.5192220	39.8238330	-7.5192220	0.00	surface
MOT	ALM-00150	38.6758540	-9.2071570	38.6758540	-9.2071570	0.00	surface
TRK	CSC-00539	38.7446100	-9.3879270	38.7446100	-9.3879270	0.00	surface
TRK	CSC-00533	38.6951940	-9.3478270	38.6951940	-9.3478270	0.00	surface
TRK	CSC-00524	38.6972000	-9.4396220	38.6972000	-9.4396220	0.00	surface
TRK	CSC-00407	38.7161030	-9.4271810	38.7161030	-9.4271810	0.00	surface
TRK	CSC-00550	38.7115940	-9.4136360	38.7115940	-9.4136360	0.00	surface
TRK	CSC-00548	38.7073600	-9.3424590	38.7073600	-9.3424590	0.00	surface
TRK	CSC-00540	38.7056540	-9.3779480	38.7056540	-9.3779480	0.00	surface
GLP	GMR-00170	41.4532430	-8.2900330	41.4532430	-8.2900330	0.00	surface
GLP	GMR-00172	41.4522170	-8.2911530	41.4522170	-8.2911530	0.00	surface
GLP	GMR-00169	41.4519000	-8.2906810	41.4519000	-8.2906810	0.00	surface
TRK	MTA-00078	38.6609460	-9.0427890	38.6609460	-9.0427890	0.00	surface
TRK	MTA-00031	38.6716270	-9.0038490	38.6716270	-9.0038490	0.00	surface
TRK	MTA-00096	38.6489800	-9.0208240	38.6489800	-9.0208240	0.00	surface
TRK	MTA-00090	38.6495630	-8.9890970	38.6495630	-8.9890970	0.00	surface
TRK	MTA-00082	38.6566600	-9.0455170	38.6566600	-9.0455170	0.00	surface
TRK	MTA-00080	38.6557200	-9.0419260	38.6557200	-9.0419260	0.00	surface
TRK	LSB-01212	38.7685800	-9.1558000	38.7685800	-9.1558000	0.00	surface
TRK	LSB-01199	38.7545200	-9.1694100	38.7545200	-9.1694100	0.00	surface
TRK	CSC-00566	38.6893500	-9.3547400	38.6893500	-9.3547400	0.00	surface
TRK	CSC-00554	38.7142450	-9.3930730	38.7142450	-9.3930730	0.00	surface
TRK	CSC-00535	38.6919440	-9.3391900	38.6919440	-9.3391900	0.00	surface
TRK	CSC-00345	38.7160840	-9.4161180	38.7160840	-9.4161180	0.00	surface
TRK	MTA-00095	38.6525700	-8.9926470	38.6525700	-8.9926470	0.00	surface
TRK	LSB-01214	38.7737600	-9.1611000	38.7737600	-9.1611000	0.00	surface
TRK	LSB-01207	38.7390900	-9.1204200	38.7390900	-9.1204200	0.00	surface
TRK	LSB-01196	38.7365500	-9.1302500	38.7365500	-9.1302500	0.00	surface
TRK	SSL-00003	38.9614200	-7.7622743	38.9614200	-7.7622743	0.00	surface
DTE	AGD-00041	40.5753300	-8.4450670	40.5753300	-8.4450670	0.00	surface
SEG	AGH-00015	38.6569060	-27.2318880	38.6569060	-27.2318880	0.00	surface
HRZ	FNC-00080	32.6494450	-16.9043850	32.6494450	-16.9043850	0.00	underground
GLP	SRT-00008	39.7986680	-8.0939060	39.7986680	-8.0939060	0.00	surface
DTE	AGD-00042	40.5363540	-8.4706630	40.5363540	-8.4706630	0.00	surface
DTE	AGD-00032	40.6080800	-8.4622300	40.6080800	-8.4622300	0.00	surface
TRK	CSC-00559	38.7046430	-9.3920360	38.7046430	-9.3920360	0.00	surface
TRK	CSC-00492	38.7287980	-9.4490330	38.7287980	-9.4490330	0.00	surface
TRK	FIG-00062	40.1653060	-8.8665570	40.1653060	-8.8665570	0.00	surface
TRK	FIG-00056	40.1559400	-8.8658110	40.1559400	-8.8658110	0.00	surface
TRK	LSB-01213	38.7681000	-9.1581200	38.7681000	-9.1581200	0.00	surface
TRK	LSB-01194	38.7707400	-9.1602600	38.7707400	-9.1602600	0.00	surface
TRK	CSC-00489	38.7019700	-9.4393990	38.7019700	-9.4393990	0.00	surface
TRK	LSB-01206	38.7726200	-9.1595300	38.7726200	-9.1595300	0.00	surface
TRK	LSB-01198	38.7550500	-9.1358200	38.7550500	-9.1358200	0.00	surface
TRK	LSB-01197	38.7547200	-9.1343200	38.7547200	-9.1343200	0.00	surface
GLP	FLG-00034	41.3136000	-8.1595540	41.3136000	-8.1595540	0.00	surface
HLX	NLS-00012	40.4985470	-7.9037110	40.4985470	-7.9037110	0.00	surface
TRK	LSB-01387	38.7621700	-9.1652400	38.7621700	-9.1652400	0.00	surface
IBD	MTA-00102	38.6529350	-9.0101560	38.6529350	-9.0101560	0.00	underground
GLP	MIR-00009	40.4311870	-8.7298800	40.4311870	-8.7298800	0.00	surface
KLS	LSB-01442	38.7742080	-9.0983790	38.7742080	-9.0983790	0.00	surface
TRK	CSC-00538	38.7094230	-9.3872500	38.7094230	-9.3872500	0.00	surface
TRK	CSC-00537	38.6838950	-9.3431630	38.6838950	-9.3431630	0.00	surface
TRK	CSC-00558	38.7002300	-9.3780900	38.7002300	-9.3780900	0.00	surface
TRK	CSC-00563	38.7318300	-9.3777100	38.7318300	-9.3777100	0.00	surface
TRK	LSB-01216	38.7611800	-9.1738400	38.7611800	-9.1738400	0.00	surface
TRK	LSB-01210	38.7677800	-9.1591200	38.7677800	-9.1591200	0.00	surface
TRK	LSB-01193	38.7738900	-9.1525400	38.7738900	-9.1525400	0.00	surface
TRK	LSB-01190	38.7386740	-9.1217610	38.7386740	-9.1217610	0.00	surface
TRK	LSB-01189	38.7376500	-9.1256890	38.7376500	-9.1256890	0.00	surface
